Fat Monkeys,Carnon Zac Fenouillet  Perols France 34470 US,thefatmonkeys.com,,,
Massilia,2 Rue Dieude  Marseille France 13006 US,,33491543060,,
Au Vieux Campeur Marseille,255 Avenue du Prado  Marseille France 13008 US,www.auvieuxcampeur.fr/,,,
Gliss Attitude,17 Montee du Commandant Robien  Marseille France 13011 US,www.glissattitude.com,491452771,,
Quiksilver Biarritz Grand Plage,29 Bld. Charles de Gaulles  Biarritz France 64200 US,www.quiksilver-europe.com,-1.5586260000000038,,
Swell Passion sarl,1 Av. de la Mer  Saint Cyr Sur Mer France 83270 US,,0683153679,,
Zion Riders,Quartier Camp Laurent  La Seyne du Mer France 83500 US,,494065592,,
Woodboard,69 av Sadicarnot  Valence France 26000 US,,0033426420200,,
Blackkross,Chemin Coste Hubague  Belgentier France 83210 US,blackkross.com,3367234402,,
Grand Centrale,Route National 98  La Valette Duvar France 83160 US,,679520534,,
Atmosphere,Rue Docteur Roubaud  Gap France 5000 US,,492516909,,
Freestyler,RN 94  Chorges France 5160 US,,,,
Au Vieux Campeur Toulouse,62 Rue De Sienne Centre Commercial Labege Innopole Labege France 31670 US,www.auvieuxcampeur.fr/,0562882727,,
All Bros,164 Route de Revel  Toulouse France 31000 US,www.all-bros.com,561806063,,
Francois Cogne Snowshop,RN85  Vizille France 38220 US,,476788983,,
Hurley,2 Rue du Fourbastard  Toulouse France 3100 US,,561233171,,
Quiksilver Toulouse RÃ©musat,7 rue de RÃ©musat  Toulouse France 31000 US,quiksilver-europe.com,0033 5 61 22 73 05,,
Loutesskis,Le rond Point des Pistes 2  Orciere Merlette France 5170 US,,,,
Freeride,763 Bld d Algers  Frejus France 83600 US,www.freeride-attitude.com,494517300,,
Au Vieux Campeur Grenoble,25 Rue Berthe de Boissieux Caserne de Bonne Grenoble France 38000 US,www.auvieuxcampeur.fr/,,,
Sarl Adrenalin Sports,26 Place Paul Vallier  Grenoble France 38000 US,,0476437260,,
Rider,480 Avenue du Pere Tasse  Chamrousse France 38140 US,,003347-6898961,,
Antrpow,78 Rue de la Liberte  Emrum France 05200 US,,0033492434632,,
Le Zappeur,Place Centrale  Les Orres France 5160 US,,634017322,,
Next,56 Ru Pater  Montauban France 82000 US,,0033563205933,,
Urban Zone,Pas de la Casa  Andorra Andorra .AD200 US,,,,
Sector 3,Avenue d Encamp  Pas de la Casa Andorra AD 200 US,,,,
One Love,69 Ave de la Muzelle  Les 2 Alpes France 38860 US,,0033476795471,,
La Charpenterie,Rue Centrale  Vars les Claux France 5560 US,,33 492465210,,
Atouskiglisse,  Puy St. Vincent France 05290 US,www.skimium.fr/store/atouski-53,0492235333,,
BRD Barceloneta,"Plaza del Mar, 1-4  Barcelona Spain 08003 US",,,,
Turbulences,Boulevard Martinet  Tarbes France 65000 US,,,,
El Rincon De Las Tablas,C/ Josep Puig I Cadafalch 62  Sant Cugat Barcelona 08172 US,www.elrincondelastablas.com/,600 540 631,,
Gerardo Novoa Rey - Kaina,"c/ Torre VÃ©lez, 4-6 Bajos  Barcelona Spain 08041 US",,00 34 93 436 98 96,,
Gerardo Novoa  Rey - Kaina,"c/ Torre VÃ©lez, 4-6 Bajos  Barcelona Spain 08041 US",,00 34 93 436 98 96,,
Sumbawa S.L.,"Plaza Emili Mira, 4  Barcelona Spain 08022 US",,,,
Sumbawa SL,Plaza Emili Mira 4  Barcelona Spain 08022 US,,,,
La General Surfera,c/Blames 313  Barcelona Spain 08006 US,,34 932090539,,
FORTrade S.L.,Ferro 11  Barcelona Spain 08038 US,fortrate.es,"934252085,00",,
MGF Sports Glisshop,67 Rue des Varennes  Aubiere France 63170 US,www.glisshop.com,33 0473269847,,
Sports Aventure,6 Rue de Cursol  Bordeaux France 330001 US,sports-aventure.fr,,,
Zumiez,320 West Fifth Ave. 5th Ave Mall Ste. 212 Anchorage AK 99501 US,www.zumiez.com,907-277-9088,,
AK  Boardroom,715 West 4th Ave.  Anchorage AK 99501 US,,907-272-6273,,
REI,1200-A W. Northern Lights Blvd.  Anchorage AK 99503 US,www.rei.com/b/arbor?cm_mmc=vl_arbor-_-logo,907-272-4565,,
Zumiez,800 East Dimond Blvd. Dimond Center Ste. 3-149 Anchorage AK 99515 US,www.zumiez.com,907-336-1551,,
Blue and Gold,11108 Old Seward Hwy  Anchorage AK 99515 US,,,,
Zumiez,32 College Road Bentley Mall Space 10/11M Fairbanks AK 99701 US,www.zumiez.com,907-456-1733,,
Sequence,9105 Mendenhall Mall Rd #325 Juneau AK 99801 US,,907-789-0770,,
Boarderline Legacy,2092 Jordan Ave Suite 550  Juneau AK 99801 US,,(907) 789-0169,,
Ruins Board Shop,4706 Lakelse Ave.  Terrace BC V9S 3B3 US,www.ruins.ca,(250) 635-9404,,
Rayz Board Shop,3852 1 Ave.  Smithers BC V0J 2N0 US,www.rayzboardshop.com,(250) 847-5388,,
Alabama Outdoors,3054 Independence Drive  Birmingham AL 35209 US,alabamaoutdoors.com/brands/arbor-collective,(205) 870-1919,,
"Waterboyz, Inc",380 N. 9th Ave  Pensacola FL 32502 US,,850-433-2929,,
PSR Surf,5317 Cambira Dr.  Pensacola FL 32507 US,www.psrsurfcompany.com,985-285-6479,,
Blue Sky Outfitters,717 East 2nd Ave.  Rome GA 30161 US,www.blueskyoutfitter.com,706-235-6091,,
Ron Jon Surf - Panama City Beach,16150 Front Beach Rd.  Panama City Beach FL 32413 US,www.ronjon.com,850-233-8898,,
Ambush Boarding Co.,2555 Cobb Place Lane  Kennesaw GA 30144 US,www.ambushboardco.com/brand/arbor,770-420-9111,,
Half Moon Outfitters,1034 N. Highland Avenue  Atlanta GA 30306 US,www.halfmoonoutfitters.com,404-249-7921,,
Surf Town USA,400 Ernest W. Barrett Pkwy.  Kennesaw GA 30144 US,,(877) 233-6822,,
Peter Glenn Ski & Sport,"5600 Roswell Road, #17  Atlanta GA 30342 US",peterglenn.com,(404) 257-1706,,
Woody's Halfpipe,6135 Peachtree Parkway  Norcross GA 30092 US,www.woodyshalfpipe.com,770-416-1475,,
Sun & Ski Sports,5900 Sugarloaf Parkway Ste 647 Lawrenceville GA 30043 US,www.sunandskisports.com,(678) 847-5717,,
Quiksilver,2100 Hamilton Pl. Ste. 125B Chattonooga TN 37421 US,www.quiksilver.com,423-553-8527,,
Half Moon Outfitters,1225 S. Milledge Ave.  Athens GA 30605 US,www.halfmoonoutfitters.com,706-548-7225,,
No Surf Shop,7722 Maple St.  New Orleans LA 70118 US,www.nosurfshop.com,504-866-6030,,
Vieux Campeur,13 Rue du Saule Trappu  Massy France 91300 US,www.auvieuxcampeur.fr,169814747,,
Au Vieux Campeur Massy,13 Rue du Saule Trappu  Massy France 91300 US,auvieuxcampeur.fr,0169814747,,
Vieux Campeur Depot Antony,14 Rue Francois Sommer  Antony France 92160 US,auvieuxcampeur.fr,0146740779,,
Numero 4 Skateshop,4 rue Richaud  Versailles France 78000 US,numero4skateshop.com,0033139494334,,
Hawaiisurf,69 Avenue Danielle Casanova  Ivry Sur Seine France 94200 US,www.hawaiisurf.com,33146720710,,
Nomadeshop,37 Bd Boudon  Paris France 75004 US,nomadeshop.com,0033144549444,,
Au Vieux Campeur Paris,48 Rue Des Ecoles  Paris France 75005 US,www.auvieuxcampeur.fr/,0153104848,,
BSE,227 Princess St.  Belville ON K7L 1B3 US,www.bseskate.com,(613) 766-2259,,
Avenue de la Glisse,7 Avenue Pierre Mendes France  Mondeville France 14120 US,avenuedelaglisse.com,0033950552468,,
Le Cri du Kangourou,22 Rue Terme  Lyon France 69001 US,,0472009910,,
Addicted Sarl.,3 rue de la fromagerie  Lyon France 69001 US,www.addicted.fr,33 472003209,,
Au Vieux Campeur Lyon,43 Cours de la Liberte  Lyon France 69003 US,www.auvieuxcampeur.fr/,0478608100,,
Sun & Ski Sports,545 Cool Springs Blvd.  Franklin TN 37067 US,,,,
Outland USA,7223 Haley Industrial Dr.  Nolensville TN 37135 US,www.outlandusa.com/,(615) 776-1488,,
Sun & Ski Sports,501 Opry Mills Drive  Nashville TN 37214 US,,615-514-3300,,
Sun & Ski Sports,501 Opry Mills Dr.  Nashville TN 37214 US,www.sunandskisports.com,615-514-3300,,
Pluto Sports,1723C Cumberland Ave.  Knoxville TN 37916 US,www.plutosports.com,865-523-0045,,
Outdoors Inc,833 N. Germantown Pkwy.  Cordova TN 38018 US,www.outdoorsinc.com,901-755-2271,,
Outdoors Inc,5245 Poplar Ave.  Memphis TN 38119 US,www.outdoorsinc.com,901-767-6790,,
Street Univers,7 Rue Albert Einstein  Merignac France 33700 US,,0033557924422,,
Mel X Chris,136 bis Boulevard de L'Ocean  Andernos Les Bains France 33510 US,,0033675335154,,
Half Moon Outfitters,1420 Laurens Rd.  Greenville SC 29607 US,www.halfmoonoutfitters.com,864-233-4001,,
Ride On,1800 Hendersonville Rd.Suite 8  Asheville NC 28803 US,rideonasheville.com,(828) 423-1071,,
Cactus Distribuicao,"Rua do Godim, nÂº 385 ArmazÃ©m 12  Campanha, Porto Portugal  4300 - 240 US",,,,
Eragon Unipessoal Lda,Rua Manuel Moreira de Barros 621  Vila Nova de Gaia Portugal 4400-346 US,,00351913229979,,
Northwest Snowboards,2413 Harrison Ave. N.W.  Olympia WA 98502 US,www.nwsnowboards.com,360-357-3727,,
Zumiez,625 Black Lake Blvd. S.W. Capital Mall #K-11 Olmypia WA 98502 US,www.zumiez.com,360-943-8477,,
Northwest Snowboards,6820 Kimball Dr.  Gig Harbor WA 98335 US,www.nwsnowboards.com,253-853-5255,,
Zumiez,10315 Silverdale Way Kitsap Mall B13 Silverdale WA 98383 US,www.zumiez.com,360-692-4262,,
REI,3825 S. Steele St.  Tacoma WA 98409 US,www.rei.com/b/arbor?cm_mmc=vl_arbor-_-logo,253-671-1938,,
Zumiez,4502 South Steele St. Tacoma Mall #420A Tacoma WA 98409 US,www.zumiez.com,253-473-0902,,
Sturtevant s Ski Mart,2220 South 37th Street  Tacoma WA 98409 US,www.skimartnw.com,253-473-1134,,
Bleach,1934 Pacific Ave  Tacoma WA 98404 US,,253-691-3438,,
Alki Bike and Board,2606 California Ave. S.W.  Seattle WA 98116 US,www.alkibikeandboard.com,206-938-3322,,
Zumiez,2104 South Commons The Commons B-38 Federal Way WA 98003 US,www.zumiez.com,253-946-3347,,
Zumiez,3500 S. Meridian South Hill Mall #340 Puyallup WA 98373 US,www.zumiez.com,253-841-5675,,
Zebraclub,1901 1st Avenue  Seattle WA 98101 US,zebraclubseattle.com,(206) 448-7452,,
Quiksilver,409 Pike St.  Seattle WA 98101 US,www.quiksilver.com,206-625-6959,,
Zumiez,931 Northgate Mall Way Northgate Mall Seattle WA 98125 US,www.zumiez.com,206-364-8989,,
Zumiez,1101 Supermall Way Supermall 242 #1321 Auburn WA 98001 US,www.zumiez.com,253-931-1916,,
REI,222 Yale Ave. N.  Seattle WA 98109 US,www.rei.com/b/arbor?cm_mmc=vl_arbor-_-logo,206-223-1944,,
EVO,3500 Stone Way North  Seattle WA 98103 US,www.evogear.com,206-973-4470,,
Urban Surf,2100 N. Northlake Way  Seattle WA 98103 US,www.urbansurf.com,206-545-9463,,
Zumiez,962 South Center Mall Southcenter Mall Tukwila WA 98188 US,www.zumiez.com,206-241-9170,,
REI,240 Andover Park West  Tukwila WA 98188 US,www.rei.com/b/arbor?cm_mmc=vl_arbor-_-logo,206-248-1938,,
Zumiez,417 Ramsey Way Kent Station Ste. #103 Kent WA 98032 US,www.zumiez.com,253-859-9660,,
Motion Boardshop,"8306 Aurora Ave., N.  Seattle WA 98103 US",,206-372-5268,,
Gravity Skate Shop,126 Rainier Ave S  Renton WA 98057 US,www.gravitysports.com.istemp.com,425 255-1874,,
"Rainier Boardshop, LLC",20880 State Route 410 E.  Bonney Lake WA 98391 US,www.rainierboardshop.com,253-826-7664,,
Zumiez,1111 North Roosevelt Seaside Fac Outlet #326 Seaside OR 97138 US,www.zumiez.com,503-717-0128,,
Cleanline Surf Shop,60 N. Roosevelt  Seaside OR 97138 US,www.cleanlinesurf.com,503-738-7888,,
Zumiez,244 Bellevue Square Bellevue Square Bellevue WA 98004 US,www.zumiez.com,425-451-0236,,
Billabong - Bellevue,1023 Bellevue Square  Bellevue WA 98004 US,www.billabong-usa.com,425-453-3448,,
Sturtevant s Ski Mart,1100 Bellevue Way N.E. #7 Bellevue WA 98004 US,www.sturtevants.com,425-646-7547,,
Play It Again Sports,19513 Hwy 99 N.  Lynnwood WA 98036 US,www.playitagainsports.com,425-670-1184,,
Outdoors Inc,1710 Union Ave.  Memphis TN 38104 US,www.outdoorsinc.com,901-722-8988,,
Urban Peak,30 Rue des Chanoines  Vilnius France 56000 US,urbanpeak.fr,,,
Free Ride Surf Shop,420 S.W. 13th St.  Gainesville FL 32601 US,www.freeridesurfshop.com,352-373-7873,,
The board syndicate ltd,Higher Sigdon Farm  Kingsbridge Devon England TQ72HG US,boardsyndicate.co.uk,,,
Surface 2 Air Sports LTD,14-16 Station Road  Poole Great Britain BH148UB US,s2as.com,01202738448,,
Snowtrax,Matchams Lane HURN Christchurch Dorset BH23 6AW US,www.snowtrax.eu,01202 499155,,
The Board Basement,4 Bridford Road Marsh Barton Exeter England EX2 8QX US,www.theboardbasement.com/brands-we-stock-arbor/,01392 275 256,,
Freeriders,15B Killigrew Street  Falmouth Cornwall TR11 3PN US,www.freeriders.com,01326 313456,,
Freeriders Surf Shop, 15B Killigrew St.   Falmouth Cornwall TR11 3PN US,www.freeridersonline.couk,01326 313456,,
Penrose Camping & Leisure LTD,Town Quay  Truro Great Britain TR12HJ US,penroseoutdoors.co.uk,01872270213,,
Edge and Wax / Bliss Boards,Unit 16 Huffwood Trading Estate  Horsham Partridge Green West Sussex RH13 8AU US,www.edgeandwax.co.uk,01403 713470,,
Snowlab,Knockhatch Ski Centre Hempstead Lane Hailsham East Sussex BN27 3GD US,www.snowlab.co.uk/,01323 848410,,
The Snowboard Shop,26-28 Reading Road South  Fleet Hampshire GU52 7QL US,www.thesnowboardshop.co.uk,01252 612223,,
Snow and Rock Sports Ltd.,The Rock 2 Thornberry Way  Surrey Guildford England GU11QB US,www.snowandrock.com,,,
Detroit City Skateboards,6019 Wayne Road  Westland MI 48185 US,www.detroitcityskateboards.com,734-721-3233,,
Sun & Snow ,388 S Main St.  Plymouth MI 48170 US,www.sunandsnow.com/,(734) 663-9515,,
REI,17559 Haggerty Rd.  Northville MI 48168 US,www.rei.com/b/arbor?cm_mmc=vl_arbor-_-logo,248-347-2100,,
Red Belly LLC,1671 Plymouth Rd.  Ann Arbor MI 48105 US,www.redbellyboardshop.com,734-222-4704,,
Modern Skate & Surf,29862 Woodward Ave.  Royal Oak MI 48073 US,www.modernskate.com,248-545-5700,,
REI,970 West Eisenhower Pkwy.  Ann Arbor MI 48103 US,www.rei.com/b/arbor?cm_mmc=vl_arbor-_-logo,734-827-1938,,
"Maple, LLC.",5113 Willow Pond  West Bloomfield MI 48323 US,,248-798-0600,,
Quiksilver,2800 W. Big Beaver Road Floor:  SPC  Suite: W314 Troy MI 48084 US,www.quiksilver.com,248-649-5578,,
Summit Sports,2867 Orchard Lake Rd.  Keego Harbor MI 48320 US,www.summitonline.com,(248) 738-4444,,
Moosejaw,32200 North Avis Ste 100 Madison Heights MI 48071 US,,877-666-7352,,
REI,766 East Big Beaver Rd.  Troy MI 48083 US,www.rei.com/b/arbor?cm_mmc=vl_arbor-_-logo,248-689-4402,,
"Aura Boardsports, LLC",525 N Main St. Ste. 130 Milford MI 48381 US,,248-232-8122,,
Bikes Blades and Boards,17020 Mack Ave.  Grosse Pointe MI 48230 US,www.bikesbladesandboards.com,313-885-1300,,
Corky's,26451 Gratiot Ave Detroit Roseville MI 48066 US,corkyssurfshop.com,(586) 775-8270,,
Summit Sports,8180 Grand River Ave.  Brighton MI 48114 US,www.summitonline.com,810-227-6877,,
Detroit City Skateboards,4565 Dixie Hwy  Waterford MI 48329 US,www.detroitcityskateboards.com/,248 674 0379,,
Great Lakes Surf Shop,23517 Nine Mack Dr. Ste. B St. Clair Shores MI 48080 US,,586-859-6951,,
TGM,183 South Main  Mt. Clemens MI 48043 US,,248-775-2760,,
Skaters Advocate,106 N State St.  Howell MI 48843 US,skatersadvocatestore.com,(517) 545-9366,,
Performance Travel Inc./DBA X Riders,3017 E. Michigan Ave.  Jackson MI 49202 US,,517-784-2826,,
Summit Sports,2650 Grand River Ave.  East Lansing MI 48823 US,www.summitonline.com,517-332-4000,,
Action Board Sports,541 E. Grand River Ave. Suite J East Lansing MI 48823 US,www.actionboardshop.com,517-333-6860,,
The Bicycle Shop,410 Front St. N  Sarnia ON N7T 5S9 US,www.thebicycleshopsarnia.ca,(519) 344-0515,,
Motiv-8,1270 E. Columbia Ave. #A Battle Creek MI 49014 US,,269-753-0100,,
Village Snow,"Olmsted Plaza Shopping Center, 25401 Lorain Rd. Cleveland North Olmsted OH 44070 US",www.villagesnow.com/,(440) 779-8788,,
Geiger's Lakewood,14710 Detroit Avenue  Lakewood OH 44107 US,www.shopgeigers.com,216-521-1771,,
West Side Skates,14047 Madison Ave.  Lakewood OH 44107 US,www.westsideskates.net/,216 226 2470,,
Inertia Skate and Snowboard Shop,132 E Main St  Midland MI 48640 US,www.inertia3s.com,(989) 486-9282,,
Tri-Star Skateboards,5682 State Rd.  Parma OH 44134 US,www.tristarskateboards.com/,440 887 0760,,
Little Mountain LTD.,7230 Mentor Ave.  Mentor OH 44060 US,www.littlemountainltd.com,440-946-5028,,
Route One,83-85 The Horsefair  Broadmead Bristol BS1 3JP US,www.routeone.co.uk ,0117 929 9506,,
Expensive Distribution,Alter Kirchhainer Weg 30  Marburg Germany 35039 US,,,,
Bikemax Marburg,CÃ¶lberstrasse 17  Mahrburg-Wehrda Germany 35041 US,,06421-982995,,
shred-stick.de,Am Bornrain 18  EdermÃ¼nde Germany 34295 US,shred-stick.de,05665/9298682,,
Bikes'n Boards Butzbach GbR,Griedeler Strasse 62  Butzbach Germany 35510 US,www.bikesnboards.de,06033-973562-0,,
Bike & Order Company,HeiligenrÃ¶derstr. 21  Kassel Germany 34123 US,,0561/20270840,,
Skatedeluxe OHG,ThÃ¼ringerstr. 10  Eschwege Germany 37269 US,www.skatedeluxe.com,,,
Wheelspin,Alt Erlenbach 35  Nieder-Erlenbach Germany 60437 US,,06101-9951561,,
Bikemax Frankfurt,Hanauer Landstrasse 435  Frankfurt Germany 60314 US,,069/247575320,,
Skatedeluxe OHG,Am Heuberg 25  Schimberg Germany 37308 US,www.skatedeluxe.com,03641-6360212,,
Railslide Sport und Mode GmbH,Liebfrauenberg 39  Frankfurt Germany 60313 US,railslide.tv,+49 69 21995757,,
Planet Sports â€“ Frankfurt,RoÃŸmarkt 11  Frankfurt Germany 60311 US,planet-sports.com,+49 (0) 69 - 219 356 08,,
YSM-Surf GmbH,Friedrich-Ebert-Anlage 54  Frankfurt Germany 60323 US,ysm.surf,,,
40inch Longboardmagazin,Friedhofstrasse 80  Neu-Isenburg Germany 63263 US,7-sekunden.de,06102-308098,,
Bikemax Mainaschaff,Johann-Dahlem-Str. 5  Mainaschaff Germany 63814 US,,06021/4385860,,
Panorama,Frankfurter Str. 59  Neu-Isenburg Germany 63263 US,www.panoramaweb.de,(06102) 358777,,
Weare GmbH,Hauptstrasse 204  Mainaschaff Germany 63814 US,www.weare.de,,,
SchÃ¤dlich Sport und Outdoor,Nebensteingasse 1-5  Aschaffenburg Germany 63739 US,www.schaedlich.de,06021-3882-0,,
Slider,Franziskanergasse 10  Paderborn Germany 33098 US,,05251/104292,,
Titus Wiesbaden GmbH,SchÃ¼tzenhofstr. 3  Wiesbaden Germany 65183 US,shop.titus.de,0611 341 7888,,
Quiksilver Wiesbaden,Kirchgasse 6 (Luisenforum)  Wiesbaden Germany 65185 US,www.quiksilver-europe.com,0611-3085920,,
Boardshop Freiburg GmbH,Schenkendorfstrasse 4  Wiesbaden Germany 65187 US,www.boardshop.de,0611812-0445,,
Bikemax Wiesbaden,Friedrich-Bergius-Strasse 16  Wiesbaden Germany 65203 US,,0611/97140600,,
Wildwechsel GmbH,Bauhofstr. 11  Mainz Germany 55116 US,,06131-5707662,,
Yosemite,Friedrich-SchÃ¤fer-StraÃŸe 12  Weiterstadt Germany 64331 US,www.yosemite-sport.de,06151-899149,,
YO-C GrÃ¼ndl e.K.,Birkenstrasse 5  Dittelbrunn Germany 97456 US,yo-c.de,0972116451,,
YO-C,Hadergasse 4  Schweinfurt Germany 97421 US,,,,
Surf In KÃ¶pke + Schubert GbR.,Schultesstr. 13  Schweinfurt Germany 97421 US,www.surf-in.net,09721-6756730,,
HungryHills Boardshop,Friedrich-Ebertt-Ring 10  Koblenz Germany 56068 US,www.hungryhills.de,0261-91469437,,
Little Wheels Skateshop,ZiegelhÃ¼tte 19  Sennfeld Germany 97526 US,,,,
Fiege Logistik ApelstÃ¤dt WE,SÃ¼lzenbrÃ¼cker Strasse 7  ApfelstÃ¤dt Germany 99192 US,,,,
Intersport Wohlleben,Von-Werthern-Str. 4  DÃ¶rfles-Esbach Germany 96487 US,,07132-4024,,
Jeans Ecke,Ulmer Hof 3  WÃ¼rzburg Germany 97070 US,,,,
Skatedeluxe OHG ,Carl-Pulfrich-Str. 1  Jena Germany 07745 US,skatedeluxe.com,+49 3641 7997 228,,
Professionell Fitness,MÃ¼hlwehrstrasse 33  Bad Mergentheim Germany 97980 US,www.ptfit.de,079319929834,,
Tigersoft Handels- und,Okerstr. 7  WolfenbÃ¼ttel Germany 38300 US,longboard-markt.de,05331-7108330,,
X-World Skateshop,An der SchÃ¼tt 22  Herzogenaurach Germany 91074 US,www.xwdskate.com,09132-747477,,
Sea Surf and Sun,16 Rue des Agoncs  Biscarrosse-Plage France 40600 US,,00672416552,,
Born to Ride,500 Route des Envignes  Neydens France 74160 US,,33 0450498697,,
Sportwerkstatt,Detmolder Strasse 429  Bielefeld Germany 33605 US,www.sportwerkstatt-bielefeld.de,0521-58494250,,
Boardmonkeys GmbH,Friedenstrasse 4  Bielefeld Germany  33602 US,boardmonkeys.de,0521-58494250,,
Oy Boardsport co. Ltd.,Linnankoskenkatu 10  Helsinki Finland 250 US,www.boardsport.fi,3.58E+11,,
Freedom Riders,Vabriku 19-16  Tallinn Estonia 10411 US,,37255622016,,
Endless Winter,Bahnhofstr. 43  Zwickau Germany 08056 US,endless-winter.eu,03753531393,,
BÃ¶hm Sports,Hauptstr.108 B  Heroldsberg Germany 90562 US,intersport.de,,,
Eastside Funsport & Streetwear,Nevoigtstr. 6  Chemnitz Germany 09117 US,fun-sport-vision.com,03713558474,,
Skischule Erzgebirge,Zechenstrasse 7  Oberwiesenthal Germany 09484 US,,,,
Biker-Boarder,Reichstr. 1a  Chemnitz Germany 09112 US,,,,
Koch u. Sievers Gbr,TheaterstraÃŸe 36  Chemnitz Germany 9111 US,biker-boarder.de,0371-40067720,,
Fun + Sport,Bucher Str. 106-110  NÃ¼rnberg Germany 90408 US,www.funundsport.de,0911-779444,,
Planet Sports â€“ NÃ¼rnberg,Breite Gasse 65  NÃ¼rnberg Germany 90402 US,planet-sports.com,+49 (0)911-99289977,,
Loxxess Bor s.r.o.,Nova Hospoda 20 Hala Bor 1  Bor u. Tachova Czech republic 34802 US,,,,
Stibezirk GmbH & Co. KG,MÃ¼hlhofer Hauptstrasse 7  NÃ¼rnberg Germany 90453 US,www.stilbezirk.de,,,
"Boardnerds SUP, Surf & Skate Shop",MÃ¼hlhofer Hauptstrasse 7  NÃ¼rnberg Germany 90453 US,,049911 7609550,,
Quiksilver Dresden,Webergasse 1  Dresden Germany 01067 US,www.quiksilver-europe.com,0049 351 484 36 94,,
Stigma Distribution s.r.o.,Slovanska alej 24  Plzen Czech Republic 32600 US,www.stigma.cz,(77)778-7308,,
Werners Surf/Snowboardshop,Brechhausstr. 1/AltmÃ¼hlsee  Gunzenh.-Schlungenhof Germany 91710 US,werners-surfshop.de,09831-7706,,
Pacen Style,Obere Regen Str. 3  Cham Germany 93413 US,www.pacenstyle.com,09971-803983,,
Kaos Kulture Skate Shop,4816 North Hill Blvd  North Little Rock AR 72116 US,www.kaosusa.com,501-812-5222,,
Ouachita Outdoor,112 Blackhawk Lane  Hot Springs AR 71913 US,www.ouachitaoutdoors.com,501-767-1373,,
F-Town,101 W. Mountain St. #200 Fayetteville AR 72701 US,www.ftownlongboards.com,479-200-3503,,
Zumiez,4601 South Broadway Broadway Mall Ste. B13 Tyler TX 75703 US,www.zumiez.com,903-561-8985,,
The Ski Shack,5539 S. Campbell   Springfield MO 65810 US,www.theskishack.com/pro-shop#,(417) 882-8480,,
Wake Effects,4773 Osage Beach Pkwy  Osage Beach MO 65065 US,wakeeffects.com/,573 348 2100,,
Alpine Shop,1102 E. Broadway  Columbia MO 65201 US,www.alpineshop.com,573-817-2955,,
Small Time Skates,1206 Business Loop 70 W Ste. G Columbia MO 65202 US,,573-442-7333,,
Parkside Skateshop,1614 Business Loop 70 W.  Columbia MO 65202 US,www.parksideskateboards.com/skateshop/,573 447 5283,,
Zumiez,3429 Dillon Dr. #H-18 Puebla Mall Pueblo CO 81008 US,www.zumiez.com,719-545-2781,,
Gliks,3448 Nameoki Rd  Granite City IL 62040 US,,618-876-6717,,
Zumiez,7021 S. Memorial Woodland Hills Mall Ste. 140 Tulsa OK 74133 US,www.zumiez.com,918-459-2611,,
Sun & Ski Sports,6808 Memorial Drive #200 Tulsa OK 74133 US,www.sunandski.com,(918) 254-0673,,
Scheels- KS,6503 W 135th St  Overland Park KS 66223 US,www.scheels.com/, (913) 897-3030,,
Ride 4 Ever,8875 Rosehill Rd  Lenexa KS 66215 US,,913-888-7433,,
Dair Devil Boards,5907 Woodson Rd.  Shawnee Mission KS 66202 US,www.myspace.com/dairdevilboards,913-438-2564,,
Flatlanders,6110 Johnson Dr. Mission Shawnee Mission KS 66202 US,www.flatlandersski.com,913-831-2617,,
Zumiez Web Store,9911 Woodend Rd. STE: D-5 Edwardsville KS 66111 US,www.zumiez.com,,,
Flip'd Action Sports,322 W. Edmond Rd.  Edmond OK 73003 US,www.flipdonline.com,405-285-5704,,
Zumiez,1901 N.W. Expressway Penn Square #2076B Oklahoma City OK 73118 US,www.zumiez.com,405-810-8721,,
Sun & Ski Sports,10109 North May  Oklahoma City OK 73120 US,www.sunandski.com,(405) 755-7400,,
Sun & Ski Sports,3447 West Main Street  Norman OK 73072 US,,405-755-7400,,
 The Point Skate Shop, 181 Fairview Ct.  Fairview TX 75069 US,www.thepointskateshop.com/,(972) 363-0129,,
Zumiez,465 Coneflower Firewheel Town Center Garland TX 75040 US,www.zumiez.com,972-530-4015,,
Zumiez,811 N. Central Expressway Collin Creek Mall Plano TX 75075 US,www.zumiez.com,972-578-8202,,
Sun & Ski Sports,11170 N Central Expressway Ste 100 Dallas TX 75243 US,,214-442-7007,,
Sun & Ski Sports,11170 N. Central Expressway Ste. 500 Dallas TX 75243 US,www.sunandskisports.com,,,
Index Skateshop,5319 E. Mockingbird Ln.  Dallas TX 75206 US,www.index.supply/,(214) 824-9777,,
Sun & Ski Sports,2943 Preston Rd. Ste 1400 Frisco TX 75034 US,www.sunandskisports.com,214-494-4288,,
St. Bernard Sports,7205 Bishop Rd Ste. E5 Plano TX 75024 US,www.stbernardsports.com,469-229-0381,,
Zumiez,3645 Dallas Pkwy.  Plano TX 75093 US,www.zumiez.com,972-608-4160,,
Tyler's - Highland Park,5710 West Lovers Lane  Dallas TX 75209 US,www.tylersaustin.com,(214) 353-0068,,
Quiksilver,3030 Olive St. Ste. 104 Dallas TX 75219 US,www.quiksilver.com,214-999-0092,,
St. Bernard Sports,5570 W. Lovers Ln #388 Dallas TX 75209 US,www.stbernardsports.com,214-357-9700,,
CD Ski and Sports,5270 South Hulen St.  Forth Worth TX 76132 US,www.snowandwater.com,817-263-0490,,
Zumiez,2401 S. Stemmons Freeway Vista Ridge Mall Lewisville TX 75067 US,www.zumiez.com,972-316-0080,,
Bikemax Ludwigsburg,Porschestrasse 8  Ludwigsburg Germany 71634 US,,07141/9474810,,
Funbox,Obere Marktstr. 2  Ludwigsburg Germany 71634 US,www.funbox-store.de,07141-242325,,
Kollektiv-Sports,Leuschnerstr. 14  Stuttgart Germany 70174 US,www.kollektiv-sports.de,0711-6332200,,
Blue Tomato Shop Stuttgart,Alte PoststraÃŸe 3-5  Stuttgart Germany 70173 US,www.blue-tomato.com/en-GB/blue-world/blueworld-shops/blueworld-shops-de/shop-stuttgart/,0049 (0) 711 99 31 24 99,,
Bikes n Boards,TÃ¼binger Str. 53  Stuttgart Germany 70178 US,www.bikesnboards.de,071151872402,,
Emotion Sport,Burgstaller Str. 16  Leutenbach Germany 71397 US,emotion-sport.com,,,
Hamann Solution GmbH,Quellenstrasse 7/1  Brackenheim Germany 74336 US,www.hamann-solution.de,,,
Bikesnboards Backnang GmbH,Weissacherstr. 60  Backnang Germany 71522 US,www.bikesnboards.de,071919793400,,
Quiksilver Store,KÃ¶nigsstrasse 26  Stuttgart Germany 70173 US,www.quiksilver-europe.com,0711-223-0431,,
Bikemax Heilbronn,SÃ¼dstrasse 90  Heilbronn Germany 74072 US,,07131/9736430,,
Pogo GmbH Longboardshop,Lindenstrasse 13  LÃ¶wenstein/HÃ¶ÃŸlinsÃ¼lz Germany 74245 US,www.longboardshop.de,07130-1814,,
Freeride Mountain e.K.,Gottlieb-Daimler-Strasse 39  Schorndorf Germany 73614 US,www.freeride-mountain.com,07181-9856886,,
BikesnBoards Schorndorf,An der Mauer 1  Schorndorf Germany 73614 US,www.bikesnboards.de,,,
Diverse,Schleifweg  Untereiesheim Germany 74257 US,,,,
Open Ocean Sports GmbH,Schleifweg 3  Untereisesheim Germany 74257 US,,,,
Optikstudio Lamm,Am Marktplatz 7  PlÃ¼derhausen Germany 73655 US,,,,
Powderforce,GrÃ¼nstr. 1  Pforzheim Germany 75173 US,www.powderforce.com,07231-419293,,
Intersport RÃ¤pple,Dettinger Strasse 26-34  Kirchheim-Teck Germany 73230 US,www.intersport-raepple.de,07021-9702024,,
Surf Shop Keppler,Kelterstr. 101  Pforzheim Germany 75179 US,www.surfkeppler.de,07231-101818,,
Sport Carre,Karlsruher Str. 67  Pforzheim Germany 75179 US,sportcarre.de,07231-17040,,
Aktiv Sport Bohn,Obere Riedwiesen 16  Fichtenberg Germany 74427 US,,07971-23500,,
brett-Ã -porter,Haaggasse 7  TÃ¼bingen Denmark 72070 US,brettaporter-shop.de,07071/9897969,,
Funbox Sports,Daimlerstr. 9  SchwÃ¤bisch Hall Germany 74523 US,www.funbox-shop.de,0791-857610,,
Himmelbrett,Albstr.4  Reutlingen Germany 72764 US,www.himmelbrett.de,07121-69 59 49 8,,
Sportfabrik,Zollhallenstrasse 1  Bruchsal Germany 76646 US,www.sport-fabrik.de,07251-82552,,
Quiksilver Mokai GmbH,Ettlinger Tor Platz 1  Karlsruhe Germany  US,www.quiksilver-europe.com,07227-991910,,
Quiksilver Store Karlsruhe,Ettlinger-Tor-Platz 1  Karslruhe Germany 76133 US,boardriders-ka.de,07227-991910,,
X Tasy Sportartikel,Durlacher Allee 55  Karlsruhe Germany 76131 US,,0721-621566,,
Planet Sports â€“ Karlsruhe,Herrenstr. 26  Karlsruhe Germany 76133 US,planet-sports.com,+49 (0) 721 - 95754825,,
Endorphin,Neue Str. 7/1  AbtsgmÃ¼nd Germany 73453 US,,0179-9666387,,
Boardlife Street Store,Smalandsgatan 17  JÃ¶nkÃ¶ping Sweden 553 16 US,www.boardlife.se,4636 - 44 00 570,,
Standtall.se,Arods Industrivag 40  Hisings Backa  42243 US,www.standtall.se/varumarken/arbor/,0046-31 653390,,
Selander Consultas,Markavegen 8  Langangen Norway 3947 US,,004791357581,,
Zumiez,3000 Grapevine Mills Parkway Grapevine Mills #606 Grapevine TX 76051 US,www.zumiez.com,972-874-7259,,
Sun & Ski Sports,3000 Grapevine Mills Parkway  Grapevine TX 76051 US,,972-355-9424,,
Zumiez,1500 Cottonwood Creek Ste. 160 Highland Village TX 75077 US,www.zumiez.com,972-317-2973,,
CD Ski and Sports,201 East Franklin St.  Grapevine TX 76051 US,www.snowandwater.com,817 251-9977,,
Tyler's - Southlake,1420 Civic Place  Southlake TX 76092 US,,(817) 488-2008,,
Fossy Skateshop,RoÃŸbachstr. 17  Ravensburg Germany 88212 US,,0751-25245,,
Frontline,MÃ¼nsterplatz 2  Konstanz Germany 78462 US,,07531-22466,,
Trends Sport,Paulinenstr. 94  Friedrichshafen Germany 88046 US,www.Trends-Co.de,07541-75051,,
Bernd Schoch,Im BrÃ¼hl 26  Bodnegg Germany 88285 US,,,,
Sport MÃ¼ller GmbH,Lupfenstrasse 57  VS-Schwenningen Germany 78056 US,www.sport-mueller.de,,,
Sport MÃ¼ller GmbH,Uhlandstrasse 3  VS-Schwenningen Germany 78054 US,www.sport-mueller.de,07720-8555-40,,
Sport SchÃ¼Ã¼r,Schulstr. 5  Mauren TG Switzerland 8576 US,www.sport-schueuer.ch,41716300010,,
Sport Jakob,ScherrichmÃ¼hlweg 10  Wangen/AllgÃ¤u Germany 88239 US,,07522-80547,,
Sport Sohn GmbH,Memmingerstr. 71  Neu-Ulm Germany 89231 US,www.sportsohn.de,,,
Sport Sohn Handel GmbH,Augsburger Str. 23-25  Neu-Ulm Germany 89231 US,www.sportsohn.de,0731-140970,,
Work 4 Donuts GmbH,Posthof 7  Schaffhausen Switzerland 8200 US,www.w4d.ch/,41526240827,,
Boardershop Lindau,Bregenzer Str. 103 c  Lindau Germany 88131 US,www.boardershop.de,08382/975570,,
Speed Store,Weierstr. 6  Wil SG Switzerland 9500 US,www.speedstore.ch/,41719116140,,
Blue Tomato Shop Bregenz,KaiserstraÃŸe 32  Bregenz Austria 6900 US,www.blue-tomato.com/en-GB/blue-world/blueworld-shops/blueworld-shops-at/shop-bregenz/,0043 (0) 5574 44111,,
Shaka GmbH,Schmiedgasse 16  St. Gallen Switzerland 9000 US,www.shakashop.ch/,41712232828,,
Wave Rock,Kasernenstrasse 11  BÃ¼lach Switzerland 8180 US,www.waverock.ch/,+41448621929,,
Sport Buck GmbH,Lindauer Str. 112  Kempten Germany 87439 US,sportbuck.com,0831/5402850,,
5ive,Zwingerstr.  1  Kempten Genk 87435 US,5ive.de,0831-15554,,
Frontside Zenzinger,Bahnhofstr. 16  Kempten Germany 87435 US,,0831-23869,,
Sun & Ski Sports,1100 West Arbrook Blvd. Ste. A Arlington TX 76015 US,www.sunandskisports.com,682-433-0027,,
Zumiez,3811 S. Cooper St. Parks at Arlington #2176 Arlington TX 76015 US,www.zumiez.com,817-375-1687,,
Zumiez,3811 South Cooper The Parks Mall Arlington TX 76015 US,www.zumiez.com,817-467-6558,,
Industrial Rideshop,3811 South Cooper St. Ste. #2415 Arlington TX 76015 US,www.industrialrideshop.com,817-557-6152,,
Zumiez,886 N.E. Mall Blvd. Northeast Mall Hurst TX 76053 US,www.zumiez.com,817-589-0998,,
Index Skateshop,2956 Crockett Street  Fort Worth TX 76017 US,www.index.supply/,(817) 887-9779,,
Sport BÃ¶rse Krapp GmbH,Ernst-Abbe-Str.35  Aalen Germany 73431 US,www.sport-boerse-aalen.de,07361/44448,,
Fuhrer Sports,Vitus - Burg - Str. 5  Offenburg Germany 77652 US,fuhrersports.de,0781-71199,,
Powstore,MÃ¼hlenbacherstr. 10  Haslach im Kinzigtal Germany 77716 US,www.powstore.de,41013953697,,
Au Vieux Campeur Strasbourg,32 Rue Du 22 Novembre  Strasbourg France 67000 US,www.auvieuxcampeur.fr/,0390235858,,
Boardshop Freiburg GmbH,Robert-Bunsen-Str. 6  Freiburg Germany 79108 US,www.boardshop.de,07617-6666878,,
Third Coast Surf Shop,212 State St.  St. Joseph MI 49085 US,www.thirdcoastsurfshop.com/,888 932 4575,,
Lee's Adventure Sports,311 West Kilgore Rd.  Portage MI 49002 US,www.leesadventuresports.com,269-381-7700,,
Wake Side Marine,51305 State Road 19 N.  Elkhart IN 46514 US,www.wakesidemarine.com,574-264-2874,,
Outpost Sports,3602 Grape Rd.  Mishawaka IN 46545 US,www.outpostsports.com/locations/mishawaka.php,(574) 259-1000,,
Skate Casa,72 East 8th St  Holland MI 49423 US,www.skatecasa.com,616-494-9433,,
Third Coast Surf Shop,110 N Whittaker St  New Buffalo MI 49117 US,www.thirdcoastsurfshop.com/,(269) 932-4575,,
MACkite,106 Washington  Grand Haven MI 494917 US,www.mackite.com,,,
Buffalo Bobs,136 Washington Ave  Grand Haven MI 49417 US,buffalobobsskate.com/,616-847-0019,,
Wet Mitten Surf Shop,301 N. Harbor Dr. Suite B-3 Grand Haven MI 49417 US,wetmitten.com,616-844-3388,,
Uncle Dan's The Great Outdoor Store,901 W. Church St.  Evanston IL 60201 US,www.udans.com,847-475-7100,,
Windward Sports,3317 N Clark St.  Chicago IL 60657 US,www.windwardsports.com,773-472-6868,,
Uncle Dan's The Great Outdoor Store,2440 N. Lincoln Ave.  Chicago IL 60614 US,www.udans.com,773-477-1918,,
Uncle Dan's The Great Outdoor Store,3551 N. Southport  Chicago IL 60657 US,www.udans.com,773-348-5800,,
Stellar 26,4164 N. Lincoln Ave.  Chicago IL 60618 US,www.stellar26.com,773-388-2626,,
Zumiez,2109 Southlake Mall Southlake Mall Merrillville IN 46410 US,www.zumiez.com,219-769-6319,,
Shred Shop,3801 W. Oakton St.  Skokie IL 60076 US,www.shredshop.com,847-679-3060,,
"Viking Ski Shop, Inc.",3422 W. Fullerton Ave.  Chicago IL 60647 US,www.vikingskishop.com,773-276-1222,,
Uncle Dan's The Great Outdoor Store,621 Central Ave.  Highland Park IL 60035 US,www.udans.com,847-266-8600,,
Windward Boardshop,1883 2nd Street  Highland Park IL 60035 US,www.windwardboardshop.com/learn/locations/highland-park-shop/,(847) 780-8970,,
REI,888 Willow Road  Northbrook IL 60062 US,www.rei.com/b/arbor?cm_mmc=vl_arbor-_-logo,847-480-1938,,
Zumiez,4174 North Harlem Ave. Harlem Plaza Ste. 184 Norridge IL 60706 US,www.zumiez.com,708-452-0415,,
Southport Rigging,2926 75th St.  Kenosha WI 53143 US,www.southport-rigging.com,262-652-5434,,
Zumiez,444 Chicago Ridge Mall Chicago Ridge Ste. #C16 Chicago Ridge IL 60415 US,www.zumiez.com,708-424-1624,,
Zumiez,6170 W. Grand Ave. Gurnee Mills #689 Gurnee IL 60031 US,www.zumiez.com,847-856-8483,,
Snowbird Inc.,1439 Peterson Rd.  Libertyville IL 60048 US,www.shopsnowbirdski.com/,(847) 573-1380,,
Zumiez,11601 108th St. Pleasant PR Outlet Space #516 Pleasant Prairie WI 53158 US,www.zumiez.com,262-857-2156,,
Action Village,500 Thorndale Ave. Unit F Wood Dale IL 60191 US,www.actionvillage.com,847-437-5510,,
REI,17W160 22nd St  Oakbrook Terrace IL 60181 US,www.rei.com/b/arbor?cm_mmc=vl_arbor-_-logo,630-574-7700,,
Zumiez,632 Orland Square Orland Square #F08 Orland Park IL 60462 US,www.zumiez.com,708-349-0831,,
Long Live Boarding,10036 E. Plata Ave.  Mesa AZ 85212 US,,480-354-2334,,
Zumiez,6555 E. Southern Ave. Superstition Springs #H-18 Mesa AZ 85206 US,www.zumiez.com,480-924-6772,,
Industrial Rideshop,6555 E. Southern Ste. #2114 Mesa AZ 85206 US,www.industrialrideshop.com,480-807-9660,,
Zumiez,5870 East Broadway Blvd. Park Place Mall #320 Tucson AZ 85711 US,www.zumiez.com,520-514-1643,,
Axtion Sports,5626 East Broadway Blvd.  Tucson AZ 85711 US,,520-745-4514,,
Zumiez,4500 N. Oracle Rd. Tucson Mall #309 Tucson AZ 85705 US,www.zumiez.com,520-690-6594,,
Bookmans Sports Exchange, 3330 E. Speedway Blvd.  Tucson AZ 85716 US,bookmanssports.com/,(520) 850-3951,,
Starr Skates,1927 E. Grant Rd.  Tucson AZ 85719 US,www.starrskates.com,520-327-0217,,
Zumiez,2200 E. Williams Field Rd. San Tan Village Space 114 Gilbert AZ 85296 US,www.zumiez.com,480-917-0815,,
Industrial Rideshop,2200 E. Williams Field Rd.  Gilbert AZ 85296 US,www.industrialrideshop.com,480-917-4584,,
5th Street Rollers,1141 E. Guadalupe Rd.  Gilbert AZ 85234 US,,480-558-7655,,
Zumiez,1445 W. Southern Ave. Fiesta Mall Ste. 2212 Mesa AZ 85202 US,www.zumiez.com,480-464-0030,,
Action Ski,1316 S. Gilbert Rd. # D1  Mesa AZ 85204 US,www.actionrideshop.com,480-839-4772,,
Ski Pro Mesa,1924 W. 8th Street  Mesa AZ 85201 US,www.skipro.com,480-962-6910,,
Zumiez,1269 North Promenade Pkwy. Casa Grande Ste. C129 Casa Grande AZ 85222 US,www.zumiez.com,520-836-5923,,
Utility Board Shop,2000 East Rio Salado Pkwy. Ste. 1024 Scottsdale AZ 85251 US,www.utilityboardsupply.com,480-446-0717,,
Industrial Rideshop,7014-2112 E. Camelback Rd.  Scottsdale AZ 85251 US,www.industrialrideshop.com,480-425-1220,,
Sidewalk Surfer,2602 N. Scottsdale Rd.  Scottsdale AZ 85257 US,www.sidewalksurfer.com,480-994-1017,,
Ski Pro Mesa,2600 W. Chandler Blvd.  Chandler AZ 85224 US,www.skipro.com,480-855-5686,,
Zumiez,3111 W. Chandler Blvd. Chandler Fashion Center #2190 Chandler AZ 85226 US,www.zumiez.com,480-857-1619,,
Industrial Rideshop,3111 W. Chandler Blvd Ste. #2198 Chandler AZ 85226 US,www.industrialrideshop.com,480-812-8881,,
Industrial Rideshop,21001 N. Tatum Blvd Ste. #46-1430 Phoenix AZ 85050 US,www.industrialrideshop.com,480-585-0482,,
Cowtown Skateboards,215 W. University Dr.  Tempe AZ 85281 US,www.cowtownskateboards.com,480-379-3605,,
Zumiez,4568 Cactus Rd. Paradise Valley #G014 Phoenix AZ 85032 US,www.zumiez.com,602-493-1079,,
Industrial Rideshop,4550 E. Cactus Rd. Ste. #412 Phoenix AZ 85032 US,www.industrialrideshop.com,623-209-0237,,
Lobo Scooter,2318 Central Ave. SE  Albuquerque NM 87106 US,www.loboscooter.com,(505) 804-7713,,
Haven Skate Shop,114 Vassar Dr. SE  Albuquerque NM 87106 US,www.havenskateshop.com,(505) 232-6697,,
BZ Snow and Skate,3025 Central NE  Albuquerque NM 87106 US,www.bzskateshop.com,(505) 294-1610,,
Zumiez,5000 Arizona Mills Circle Arizona Mills Space 616 Tempe AZ 85282 US,www.zumiez.com,480-491-7707,,
Alpine Boardsports,10880 N. 32nd St.  Phoenix AZ 85028 US,www.alpineboardsports.com,602-992-0567,,
Zumiez,4650 North Highway 89 Flagstaff Mall #F-36 Flagstaff AZ 86004 US,www.zumiez.com,928-527-1377,,
Sanctuary Skate,101 East Birch Ave  Flagstaff AZ 86001 US,,928-282-3537,,
Aspen Sports,15 N. San Francisco St.  Flagstaff AZ 86001 US,,928 779 1935,,
Oncore Skate and Snow,123 W Birch Ave.  Flagstaff AZ 86001  US,www.oncoreskateandsnow.com,(928)774-2673,,
Ski Haus,204 W Sullivan Ave  Flagstaff AZ 86001 US,www.skihausflagstaff.com,928-774-7671,,
Ski Pro,2110 E. Camelback Rd.  Phoenix AZ 85016 US,www.skipro.com,602-955-3939,,
Valley Ride Shop,2102 E. Camelback Rd  Phoenix AZ 85016 US,,602-955-5150,,
Industrial Rideshop,9617 Metro Parkway W. Ste. #1078 Phoenix AZ 85051 US,www.industrialrideshop.com,602-944-5678,,
Utility Board Shop,4722 E. Ray Rd. Ste. 5 Phoenix AZ 85044 US,www.utilityboardsupply.com,480-893-2651,,
Zumiez,10000 Coors Blvd. Cottonwood Mall Ste. E233 Albuquerque NM 87114 US,www.zumiez.com,505-890-4034,,
Industrial Rideshop,10000 Coors Blvd. Bypass N.W.  Albuquerque NM 87114 US,www.industrialrideshop.com,505-898-7751,,
REI,1550 Mercantile Ave. N.E.  Albuquerque NM 87107 US,www.rei.com/b/arbor?cm_mmc=vl_arbor-_-logo,505-247-1191,,
Industrial Rideshop,6600 Menaul N.E. H6 Albuquerque NM 87110 US,www.industrialrideshop.com,505-884-1699,,
Zumiez,6600 Menaul Blvd. N.E. Coronado Mall #H-11A Albuquerque NM 87110 US,www.zumiez.com,505-872-1217,,
Sport Systems,6915 Montgomery NE  Albuquerque NM 87109 US,,505-837-9400,,
Sports Systems,6915 Montgomery Blvd.  Albuquerque NM 87109 US,www.nmsportsystems.com,(505) 837-9400,,
Zumiez,4601 East Main Animas Valley Mall #730 Farmington NM 87402 US,www.zumiez.com,505-325-6738,,
Freedom Board Shop,1316 S. Gilbert Rd.  Mesa AZ 85204 US,,480-892-1707,,
Quicksilver,6770 Sunrise Blvd. Ste: G-101 d AZ 85305 US,www.quiksilver.com,623-772-0568,,
Zumiez,7700 W. Arrowhead Towne Arrowhead Town Center #2287 Glendale AZ 85308 US,www.zumiez.com,623-776-7037,,
Zumiez,800 S. Camino Del Rio Durango Mall #G8 Durango CO 81301 US,www.zumiez.com,970-375-2280,,
Second Ave Sports,600 E. 2nd Ave  Durango CO 81301 US,2ndavesports.com,(970) 247-4511,,
Bubbas Boards,46825 Highway 550 N  Durango CO 81301 US,www.bubbasboards.com,(790) 259-7377,,
Christy Sports,565 Mountain Village Blvd #103  Telluride CO 81435 US,www.christysports.com,(970) 728-1334,,
Christy Sports,457 Mountain Village Blvd.  Telluride CO 81435 US,www.christysports.com,(970) 369-5267,,
Christy Sports,119 Lost Creek Lane CR1  Telluride CO 81435 US,www.christysports.com,(970) 369-4727,,
Telluride Boot Dr,650 Mountain Village Blvd.  Telluride CO 81435 US,bootdoctors.com,(970) 728-8964,,
Telluride Gravity Works,205 E Colorado Ave.  Telluride CO 81435 US,www.telluridegravityworks.com,(970) 728-4143,,
Ski and Bow Rack,354 E Pagosa St.  Pagosa Springs CO 81147 US,www.skiandbowrack.com,(970) 264-2370,,
Wolf Creek Ski Area,U.S. 160  Pagosa Springs CO 81147 US,www.wolfcreekski.com,(970) 264-5639,,
Utility Board Shop,1641 Mcculloch Blvd.  Lake Havasu AZ 86403 US,www.utilityboardsupply.com,928-453-5878,,
Zumiez,4250 Cerrilos Road Santa Fe Place #1166 Santa Fe NM 87505 US,www.zumiez.com,505-438-0753,,
Beyond Waves Mtn. Surf Shop,1428 Cerrillos Rd  Santa Fe NM 87505 US,,505-988-2240,,
Timeship Racing/Skate School,825 Early St. Ste. H Santa Fe NM 87504 US,www.timeshipracing.com,505-474-0074,,
REI,500 Market Street  Santa Fe NM 87501 US,www.rei.com/b/arbor?cm_mmc=vl_arbor-_-logo,505-988-2753,,
Silver Boardshop,2205 Silver Ave  Alburquerque NM 87106 US,,505-265-4912,,
Blindside Snow and Skate,721 N Main St.  Layton UT 84041 US,www.blindsideboardship.com,(801) 593-9300,,
The Hammer,905 N Main St.  Gunnison CO 81203 US,,(970) 641-2328,,
The Alpineer,419 6th St.  Crested Butte CO 81224 US,www.christysports.com,(970) 349-5210,,
Flatiron Sports,10 Crested Butte Way  Crested Butte CO 81224 US,www.christysports.com,(970) 349-6656,,
Christy Sports,32 Crested Mountain Ln.  Mt Crested Butte CO 81225 US,www.christysports.com,(970) 349-6601,,
Beach Break,70 E 200 N Ste. 3  Cedar City UT 84720 US,,(435) 586-7469,,
The Beach,2460 Locust Ste 1 Las Cruces NM 88001 US,,575-521-0532,,
Zumiez,700 South Telshor Blvd. Mesilla Valley #1510 Las Cruces NM 88011 US,www.zumiez.com,505-532-0942,,
Zumiez,7051 S. Desert Blvd. The Outlet Shops Ste. D-421 El Paso TX 79932 US,www.zumiez.com,915-877-3674,,
Zumiez,750 Sunland Park Drive Sunland Park #H04 El Paso TX 79912 US,www.zumiez.com,915-760-8661,,
Zumiez,8401 Gateway Blvd. Cielo Vista Mall Space G06 El Paso TX 79925 US,www.zumiez.com,915-881-1065,,
Industrial Rideshop,7700 W. Arrowhead Town Ctr. Ste. # 2172 Glendale AZ 85308 US,www.industrialrideshop.com,623-776-7000,,
Pulse Board Shop,1468 N. Litchfield Rd. Ste. M6 Goodyear AZ 85338 US,www.pulseskateboards.com,623-547-2665,,
Zumiez,1770 East Red Cliffs Dr. Red Cliffs Mall #112 St. George UT 84790 US,www.zumiez.com,435-627-9633,,
Lip Trix Board Shop,105 N 500 E  St. George UT 84770 US,www.liptrix.com,(435) 628-2396,,
Industrial Rideshop,1300 W. Sunset Rd. Ste. #1515 Henderson NV 89014 US,www.industrialrideshop.com,702-435-0600,,
Zumiez,1300 West Sunset Rd. Galleria at Sunset #1380 Hendersen NV 89014 US,www.zumiez.com,702-454-9946,,
Zumiez,875 S. Grand Central Pkwy. Las Vegas Prem. Ste. 1132 Las Vegas NV 89106 US,www.zumiez.com,702-366-8597,,
Zumiez,3528 S. Maryland Pkwy. The Boulevard #142 Las Vegas NV 89169 US,www.zumiez.com,702-413-9648,,
Zumiez,4300 Meadow Lane Meadows Mall #219 Las Vegas NV 89107 US,www.zumiez.com,702-258-4344,,
Industrial Rideshop,4300 Meadows Ln. Ste. #126A Las Vegas NV 89107 US,www.industrialrideshop.com,702-259-9000,,
Billabong - Hot Cats,3663 Las Vegas Blvd. S. Ste #215 Las Vegas NV 89109 US,www.billabong-usa.com,702-454-7143,,
Zumiez,6611 Las Vegas Blvd. S. Town Square Bldg. G Ste. A-145 Las Vegas NV 89119 US,www.zumiez.com,702-260-1887,,
Zumiez,7400 Las Vegas Blvd. S. Las Vegas Outlets #206 Las Vegas NV 89123 US,www.zumiez.com,702-263-7430,,
REI,720 South Rampart Blvd.  Las Vegas NV 89145 US,www.rei.com/b/arbor?cm_mmc=vl_arbor-_-logo,Opening Soon,,
Titus Augsburg GmbH,Wintergasse 9  Augsburg Germany 86150 US,www.shop.titus.de,0821-4206142,,
Mullu's,Karlstrasse 2  Augsburg Germany 86150 US,www.mullus.de,0821-5088122,,
Bittl Schuhe + Sport GmbH,Georg-ReismÃ¼ller-Strasse 5  MÃ¼nchen-Allach Germany 80999 US,,,,
Bittl Schuhe + Sport GmbH,Elly-Staegmeyr-Strasse 9  MÃ¼nchen-Allach Germany 80999 US,,,,
Quiksilver MÃ¼nchen Pasing,Bahnhofsplatz 5  MÃ¼nchen Germany 81241 US,quiksilver-europe.com,08982070817,,
Olympic Sports GmbH,Landsberger Str. 452  MÃ¼nchen Germany 81241 US,stahlsport.de,089-14334274,,
MWS GmbH,Zeppelinstrasse 22  Garching Germany 85748 US,,,,
Makaha GmbH,Frankfurter Ring 150  MÃ¼nchen Germany 80807 US,,,,
Kauai GmbH,Frankfurter Ring 162  MÃ¼nchen Germany 80807 US,www.quiksilver-europe.com,0172-8697933,,
Kauai Textilvertriebs GmbH,Frankfurter Ring 162  MÃ¼nchen Germany 80807 US,,,,
Sportlich,Ohlstadter Strasse 52  MÃ¼nchen Germany 81373 US,www.sport-lich.de,089-12282272,,
Emil Boards,MarsstraÃŸe 13  MÃ¼nchen Germany 80335 US,emilboards.com,,,
Boneless Skateshop,Herzogspitalstrasse 7  MÃ¼nchen Germany 80331 US,www.boneless-muenchen.de,(089) 97348302,,
Santoloco,Eisenmannstr. 4  MÃ¼nchen Germany 80331 US,santoloco.com,08930708585,,
Planet Sports â€“ Snow Surf Wake â€“ MÃ¼nchen,Sendlinger Str. 26  MÃ¼nchen Germany 80331 US,www.planet-sports.com,+49 (0) 89 / 24 21 42 16,,
Quiksilver MÃ¼nchen,Sendlinger Strasse 20  MÃ¼nchen Germany 80331 US,www.quiksilver-europe.com,089-23886581,,
Planet Sports â€“ Flagship Store â€“ MÃ¼nchen,Sendlinger Str. 17  MÃ¼nchen Germany 80331 US,planet-sports.com,+49 (0) 89 / 23 000 836,,
Planet Sports - Shoes Store - MÃ¼nchen,Oberanger. 24  MÃ¼nchen Germany 80331 US,planet-sports.com,+49 (0)89 23 00 00 53,,
Blue Tomato Shop Munich,Thomas-Wimmer-Ring 14  Munich Germany 80538 US,www.blue-tomato.com/en-GB/blue-world/blueworld-shops/blueworld-shops-de/shop-muenchen/,0049 (0) 89 255 594 610,,
Blue Tomato Outlet Munich,Rosenheimerstr. 2  Munich Germany 81669 US,www.blue-tomato.com/en-GB/blue-world/blueworld-shops/blueworld-shops-de/shop-outlet-muenchen/,0049 (0) 89 442 185 33,,
Freiluftwerk,Dr. Ludwig Kraus Strasse 2  Freising Germany 85354 US,www.freiluftwerk.de,,,
Sport Scheck GmbH,Biberger Strasse 37  Unterhaching Germany 82008 US,,083-66541185,,
Bergzeit GmbH,TÃ¶lzerstr. 31  Holzkirchen Germany 83607 US,,08024-3030214,,
Scenic Sport,Kaiser-Max-Str. 10  Kaufbeuren Germany 87600 US,,08341-5665,,
Surf - Snowboard Klaus GmbH,Sachsenkammerstr. 6  Bad TÃ¶lz Germany 83646 US,surf-snowboard.de,08041-6783,,
Titus Rosenheim,MÃ¼nchner Strasse 42  Rosenheim Germany 83022 US,,,,
Oehring und Nassall GbR,MÃ¼nchner Strasse 42  Rosenheim Germany 83022 US,www.shop.titus.de,(08031) 8093530,,
Schuh Sport M Jung,SchloÃŸstr. 17  Oettingen Germany 86732 US,www.schuh-sport-jung.de,90822910,,
Spexx OHG,Marienplatz 12  Wasserburg am Inn Germany 83512 US,www.spexx-online.de,08071-104171,,
Zumiez,1313 S. Yuma Palms Pkwy. Yuma Palms Center Yuma AZ 85365 US,www.zumiez.com,928-539-9401,,
Boardertown Skateshop,102 W. 24th Street  Yuma AZ 85364 US,www.facebook.com/BordertownAZ,(928) 726-1357,,
Zumiez,3451 South Dogwood Ave. Imperial Valley Ste. 1156 El Centro CA 92243 US,www.zumiez.com,760-482-5807,,
Zumiez,72840 Highway 111 Palm Desert Palm Desert CA 92260 US,www.zumiez.com,760-776-1403,,
Utility Board Shop,72-36 Hwy. 111 A2 Palm Dessert CA 92260 US,www.utilityboardsupply.com,760-346-6648,,
Zumiez,4840 Seminole Dr. Desert Hills Outlet #208 Cabazon CA 92230 US,www.zumiez.com,951-922-3256,,
Zumiez,415 Parkway Plaza Parkway Plaza El Cajon CA 92020 US,www.zumiez.com,619-401-0397,,
Sun Diego,477 Parkway Plaza  El Cajon CA 92020 US,www.sundiego.com,619-441-5213,,
Hanger 94,5270 Jackson Dr.  La Mesa CA 91942 US,www.hanger94.com,619-469-9494,,
Zumiez,200 E. Via Rancho Parkway North County Space #405 Escondido CA 92025 US,www.zumiez.com,760-737-3095,,
Sun Diego,200 E. Via Rancho Parkway #179 Escondido CA 92025 US,www.sundiego.com,760-743-4133,,
REI,2015 Birch Road Ste. 150 Chula Vista CA 91915 US,www.rei.com/b/arbor?cm_mmc=vl_arbor-_-logo,619-591-4924,,
Zumiez,2015 Birch Road Otay Ranch #205 Chula Vista CA 91915 US,www.zumiez.com,619-482-2846,,
Wavelines,11658 Carmel Mtn. Rd #132  San Diego CA 92128 US,,858-675-9696,,
Elyzium,6165 El Cajon Blvd. Ste. L San Diego CA 92115 US,www.elyziumsurf.com,619-265-2725,,
Zumiez,3030 Plaza Bonita Road Plaza Bonita Ste. 2350 National City CA 91950 US,www.zumiez.com,619-470-3563,,
Sun Diego,3030 Plaza Bonita Rd. Ste. 1160 National City CA 91950 US,www.sundiego.com,951-296-0985,,
Zumiez,40820 Winchester Rd. Promenade Mall #2240 Temecula CA 92951 US,www.zumiez.com,951-699-6846,,
"Snow Summit, Inc. - Big Bear Rental Shop","880 Summit Blvd.,  Big Bear Lake CA 92315 US",,909-866-5766,,
"Goldsmiths Sports, Inc",42071 Big Bear Blvd.  Big Bear Lake CA 92315 US,www.goldsmithsboardandski.com,909-866-2728,,
REI,5556 Copley Drive  San Diego CA 92111 US,www.rei.com/b/arbor?cm_mmc=vl_arbor-_-logo,858-279-4400,,
Get Boards,40905 Big Bear Blvd.  Big Bear Lake CA 92315 US,www.getboards.com,800-754-2627 ,,
Leroy's,598 Paine Road  Big Bear Lake CA 92315 US,,909-866-4887,,
Clairemont Surf,6393 Balboa Ave.  San Diego CA 92111 US,,858-292-1153,,
Sun Diego,7007 Friars Rd. #349 San Diego CA 92108 US,www.sundiego.com,619-299-3244,,
Quiksilver,402 5th Ave.  San Diego CA 92101 US,www.quiksilver.com,619-234-3125,,
Massive Sports,39291 Big Bear Blvd.  Big Bear Lake CA 92315 US,www.massivesports.net,(909)878-9115,,
Le Wharf,2 Avenue de la Plage  Seignosse France 40510 US,,33638146672,,
Street Distribution,202 Avenue des Menuisiers  Soorts Hossegor France 40150 US,,,,
Surfstitch Europe,Le Cheu Ave de Pascouaou  Soorts Hossegor France 40150 US,www.surfstitch.fr,0033558410841,,
Rip Curl Hossegor,407 Avenue De La Tuilerie  Soorts Hossegor France 40150 US,ricurl-europe.com,0033450534165,,
Surfstitch Europe,407 Avenue de la Tuilerie  Soorts Hossegor France 40150 US,www.surfstitch.fr,,,
Le Laboe,81 Avenue des Artisans  Soorts Hossegor France 40150 US,www.sb3-shop.com,0967385357,,
SB 3 Labenne,ZA Housquit RN 10  Labenne France 40530 US,,00559458380,,
Powder n Sun,16210 Bear Valley Road  Victorville CA 92372 US,,760-249-3191,,
Zumiez,14400 Bear Valley Road Victor Valley Ste. 609 Victorville CA 92392 US,www.zumiez.com,760-843-8103,,
Banned Board Shop,501 Orange St.  Redlands CA 92373 US,www.banned.com,909-793-7070,,
Blue Tomato Shop Rosenheim,Kufsteinerstrasse 14  Rosenheim Germany 83022 US,www.blue-tomato.com/en-GB/blue-world/blueworld-shops/blueworld-shops-de/shop-rosenheim/,0049 (0) 8031 615 33 62,,
Splitboards Europe,Riederinger Strasse 15  Stephanskirchen Germany 83071 US,www.splitboards.eu,08036-9109603,,
Adrenalin,Bischof von Henle Str. 2 A  Regensburg Germany 93051 US,,0941-26262,,
Industrial Ride,,www.industrialrideshop.com,,,
