Tillys,170 N. Station Parkway Farmington 84025 US,,,,
BEST BRAND BOOTS,1251 WEST 75 NORTH CENTERVILLE 84014 US,,,,
Journeys,1201 N. HILL FIELD RD LAYTON 84041-2103 US,,801-444-3161,,
Zumiez,1081 LAYTON HILLS MALL LAYTON 84041 US,,801-497-0863,,
BLINDSIDE OF LAYTON,721 N Main St Layton 84041 US,,,,
HILL AFB MAIN STORE,5845 E Ave Bldg 412 Hill AFB 84056-5711 US,,,,
Level Nine Sports Inc,1199 WEST 2425 SOUTH WOODS CROSS 84087 US,,,,
REVIVAL FREERIDE INC,540 W. 1700 S UNIT F CLEARFIELD 84015 US,,,,
Journeys,"3651 WALL AVE, STE #1098 OGDEN 84405-1504 US",,801-622-8814,,
Zumiez,3651 WALL AVENUE OGDEN 84405 US,,801-621-1426,,
CROSSROADS SKATE SHOP,251 W. 12TH ST. OGDEN 84404 US,,,,
A.D.S MOTORPORTS,284 West 12th Street Ogden 84404 US,,,,
MARTY'S SKI AND BOARD SHOP,105 1635 W REDSTONE CENTER DR PARK CITY 84098 US,,,,
Journeys,"51 S. MAIN ST, #221 SALT LAKE CITY 84111-7506 US",,801-363-1738,,
BABINSKI'S BABY,1324 S. FOOTHILL DRIVE SALT LAKE CITY 84108 US,,,,
Zumiez,84 S RIO GRANDE ST SALT LAKE CITY 84101 US,,801-456-1942,,
Zumiez,6699 N LANDMARK DR PARK CITY 84098 US,,435-615-1767,,
UTAH SKI & GOLF,134 W 600 S Salt Lake City 84101 US,,,,
SALTY PEAKS,3055 East 3300 South Salt Lake City 84109 US,,,,
Zumiez,3601 SOUTH 2700 WEST WEST VALLEY 84119 US,,801-966-5737,,
Journeys,"3601 S. 2700 WEST, #F-119 WEST VALLEY CITY 84119 US",,801-982-0838,,
Zumiez,6191 SOUTH STATE MURRAY 84107 US,,801-262-8284,,
Journeys,6191 SOUTH STATE STREET MURRAY 84107-7258 US,,801-266-3708,,
GORDON MAIN STORE,Building 38200 3rd Ave Ft Gordon 30905-5666 US,,,,
Zumiez,320 WEST FIFTH AVENUE ANCHORAGE 99501 US,,907-277-9088,,
Zumiez,800 EAST DIMOND BLVD ANCHORAGE 99515 US,,907-336-1551,,
Journeys,800 E DIMOND BLVD STE 134 ANCHORAGE 99515 US,,907-677-8727,,
Journeys,32 COLLEGE RD STE 4 FAIRBANKS 99701 US,,907-374-6992,,
LEGACY DISTRIBUTION,2092 JORDAN AVE SUITE 550 JUNEAU 99801 US,,,,
SEQUENCE,9310 GLACIER HWY #104 JUNEAU 99801 US,,,,
CRAIG EMPORIUM,336 LINCOLN STREET SITCA 99835 US,,,,
MAXWELL MAIN STORE,355 Kelly St Maxwell AFB 36112-0000 US,,,,
ALVIN'S ISLAND #19,100 W Beach Blvd Gulf Shores 36542 US,,,,
ALVIN'S ISLAND #22,24949 Perdido Beach Blvd Orange Beach 36561 US,,,,
WATER BOYZ,380 N 9th Ave Pensacola 32502 US,,,,
Tillys,5100 N 9th Ave Pensacola 32504 US,,,,
ALVIN'S ISLAND #12,400 Quitewater Bch Rd #1 Pensacola Beach 32561 US,,,,
REDSTONE MAIN STORE,Acton Drive Redstone Arsenal 35898-7280 US,,,,
Tillys,2220 Hamilton Place #130 Chattanooga 37421 US,,,,
BEN MAIN EXCHANGE,Marne Rd Ft Benning 31905-2328 US,,,,
Swiss Valley Ski Area,13421 Mann Street Jones 49061 US,,,,
Tillys,6501 N. Grape Road Mishawaka 46545 US,,,,
Journeys,"6501 N GRAPE RD, #328A MISHAWAKA 46545-1007 US",,574-247-9265,,
FRESE DISCOUNT CENTER,32915 M-62 West Dowagiac 49047 US,,,,
ACTIVE RIDESHOP,26741 Aliso Creek Rd. Suite F Aliso Viejo 92656 US,,(949) 391-4655,,
ACTIVE RIDESHOP,The Shoppes at Chino Hills Chino Hills 91709 US,,(909) 203-4640,,
Tillys,30616 Santa Margarity Pkwy RSM 92688 US,,,,
Tillys,5701 Outlets at Tejon Parkway Arvin 93203 US,,,,
TOP SHOPPE'S NORTH SHORE,40034 Highway 49 Suite A6 Oakhurst 93644 US,,,,
CHINA PEAK MTN. RESORT,59265 HWY 168 LAKESHORE 93634 US,,,,
Tillys,90 Via del Oro Fresno 93720 US,,,,
Journeys,2201 SOUTH I-35 EAST DENTON 76205 US,,940-891-4748,,
DENTON SKATE SUPPLY,301 N LOCUST ST DENTON 76201 US,,,,
Journeys,1101 MELBOURNE RD HURST 76053-6205 US,,817-284-3955,,
Tillys,1101 Melbourne Road Hurst 76053 US,,,,
CD SPORTS LTD,227 E. LOUISIANA McKINNEY 75069 US,,,,
FELTS SHOES GROVE #14,1110 MAIN ST GROVE 74344 US,,,,
FELTS SHOES STILWELL #25,306 W LOCUST STILWELL 74960 US,,,,
Journeys,3929 MCCAIN BLVD NORTH LITTLE ROCK 72116-8088 US,,501-812-5730,,
LRK NEW MAIN STORE,787 Sixth Street Little Rock AFB 72099-0000 US,,,,
ROCKIN HATS & MORE,4501 Central Ave Hot Springs National Park 71913 US,,,,
Journeys,"5111 ROGERS AVE, STE #138 FORT SMITH 72903-2040 US",,479-484-1565,,
Tillys,2760 N. Germantown Parkway Memphis 38133 US,,,,
Journeys,83 CENTRAL MALL TEXARKANA 75503-2469 US,,903-831-4108,,
FELTS SHOES TAHLEQUAH #10,107 N MUSKOGEE AVE TAHLEQUAH 74464 US,,,,
DOYLE'S SHOES TAHLEQUAH #31,909 S MUSKOGEE AVE TAHLEQUAH 74464 US,,,,
THE DOME,540 E Deuce Of Clubs Show Low 85901 US,,,,
H MARKET,506 N Chief Ave White River 85941 US,,,,
Journeys,"1300 W. MALONEY AVE, #216 GALLUP 87301 US",,505-722-9345,,
Tony's Board Shop,207 2nd STREET HUACHUCA CITY 85616 US,,,,
Journeys,4650 N US HIGHWAY 89 FLAGSTAFF 86004-2457 US,,928-714-1706,,
ARIZONA SNOWBOWL,N. Hwy 180 & N. Snowbowl Rd. Flagstaff 86001 US,,,,
"SAMUEL G. AIKEN CO., INC.",39 West Center Kanab 84741 US,,,,
ORTEGA'S SHOES,150 N Broad Globe 85501 US,,,,
DAVIS M MAIN STORE,5405 E Granite St Davis Monthan AFB 85707-0000 US,,,,
Tillys,5145 S Calle Santa Cruz Tucson 85706 US,,,,
ORTEGA'S STORES INC.,1944 Thatcher Blvd Safford 85546 US,,,,
R&R CLOTHIERS INC.,135 WEST RIVERSIDE DR. PARKER 85344 US,,,,
HALBY'S,217 W. Hobson Way Blythe 92225 US,,,,
Tillys,24640 N. Lake Pleasant Pkwy Peoria 85383 US,,,,
Tillys,7700 W. Arrowhead Town Center Glendale 85308 US,,,,
Zumiez,7700 W ARWHD TN CTR GLENDALE 85308 US,,623-776-7037,,
Journeys,7700 W ARROWHEAD T.C. DR GLENDALE 85308-8616 US,,623-878-5151,,
LUKE AFB MAIN STORE,7071 North 138th Ave Glendale 85307-0000 US,,,,
Tillys,6800 N. 95th Ave. Glendale 85305 US,,,,
Tillys,2501 West Happy Valley Rd Phoenix 85085-3747 US,,,,
Journeys,9617 N. METRO PKWY W. PHOENIX 85051-1400 US,,602-944-9264,,
SWAGGZ,7611 W THOMAS RD. #C022 PHOENIX 85033 US,,,,
Tillys,21001 N Tatum Blvd Phoenix 85050 US,,,,
Tillys,4550 E. Cactus Road Phoenix 85032 US,,,,
SKI PRO,2110 E. Camelback Road PHOENIX 85016 US,,602-955-3939,,
Tillys,16455 N. Scottsdale Rd. Scottsdale 85254 US,,,,
SCOTTSDALE SIDEWALK SURFER,2602 N. Scottsdale Rd. Scottsdale 85257 US,,,,
QUIKSILVER OUTLET - PHOENIX,"4976 Premium Outlets Way
Suite 618, Chandler 85226 US",,480-639-1858,,
Tillys,5000 Arizona Mills Circle Tempe 85282 US,,,,
Journeys,5000 ARIZONA MILLS CIRCLE TEMPE 85282 US,,480-838-1270,,
Tillys,3111 W Chandler Blvd Chandler 85226 US,,,,
Journeys,3111 W CHANDLER BLVD 2028 CHANDLER 85226 US,,480-899-7311,,
Zumiez,3111 W CHANDLER BLVD CHANDLER 85226 US,,480-857-1619,,
COWTOWN SKATEBOARDS,215 W University Dr Tempe 85281 US,,,,
ACTIVE RIDESHOP,2000 E Rio Salado Pkwy Suite 1117 Tempe 85281 US,,(480) 447-9243,,
Tillys,2000 E Rio Salado Pkwy Tempe 85281 US,,,,
Journeys,2000 E RIO SALADO PKWY TEMPE 85281 US,,480-966-0055,,
Journeys,1445 W SOUTHERN AVE MESA 85202-4842 US,,480-649-9195,,
SKI PRO INC.,1924 W. RIO SALADO PKWY MESA 85201 US,,,,
Tillys,3885 S. Gilbert Road Gilbert 85297 US,,,,
Tillys,5034 S. Power Road Mesa 85212 US,,,,
Tillys,6555 E. Southern Avenue Mesa 85206 US,,,,
Journeys,6555 E SOUTHERN AVE #2404 MESA 85206-3728 US,,480-396-9440,,
Zumiez,6555 E SOUTHERN AVE MESA 85206 US,,480-924-6772,,
Tillys,21536 S. Ellsworth Loop Rd Queen Creek 85142 US,,,,
Tillys,1004 N Promenade Pkwy Casa Grande 85194 US,,,,
CLASSIC SPORTS,984 W STATE ST HURRICANE 84737 US,,,,
QUIKSILVER OUTLET - LAUGHLIN ,"1955 S. CasiNO Dr.
Space 202, Laughlin 89029 US",,702-298-3655,,
SHOES PLUS,1651 N Mcculloch Blvd Lake Havasu City 86403 US,,,,
BEACHCOMBERS - REAZ INV,181 Swanson Ave Lake Havasu City 86403 US,,,,
BUCKSKIN BOUTIQUE,3931 APACHE MAID DRIVE LAKE HAVASU 86406 US,,,,
RIPLEY'S CLOTHING,4705 HWY 95 FORT MOHAVE 86426 US,,,,
DRESS CODE,2636 E Broadway Blvd Tucson 85716 US,,,,
Zumiez,5870 E BROADWAY BLVD TUCSON 85711 US,,520-514-1643,,
Tillys,5870 East Broadway Tucson 85711 US,,,,
Tillys,11865 N Oracle Rd Oro Valley 85737-7834 US,,,,
Tillys,4500 N. Oracle Rd. Tucson 85705 US,,,,
Zumiez,4500 N ORACLE RD TUCSON 85705 US,,520-690-6594,,
Journeys,"4500 N. ORACLE RD, #311 TUCSON 85705-1606 US",,520-292-1945,,
Tillys,6401 West Marana Center Blvd. Marana 85653 US,,,,
Journeys,"3250 GATEWAY BLVD, #234 PRESCOTT 86303 US",,928-777-8190,,
WOOD ON WHEELS,870 SYCAMORE VISTA DR. CHINO VALLEY 86323-5853 US,,,,
MESA SPORTS,1314 4th Ave Yuma 85364 US,,,,
MCCAULOU'S,6211 Medau Place Oakland 94611 US,,,,
BRC HEAVENLY - SSV,1961 Davis Street San Leandro 94577 US,,,,
ANY MOUNTAIN #994,1961 Davis Street San Leandro 94577 US,,,,
Zumiez,207 POWELL STREET SAN FRANCISCO 94102 US,,415-402-0086,,
DELUXE PRODUCTIONS SF,1831 MARKET STREET San Francisco 94103 US,,,,
MCCAULOU'S,120 VILLAGE SQUARE ORINDA 94563 US,,,,
FTC,1632 Haight St. San Francisco 94117 US,,,,
MCCAULOU'S,3512 Mt Diablo Blvd Lafayette 94549 US,,,,
Tillys,1150 El Camino Real San Bruno 94066 US,,,,
Journeys,11 SERRAMONTE CENTER DALY CITY 94015-2345 US,,650-758-5713,,
Tillys,1179 Locust St Walnut Creek 94596 US,,,,
MCCAULOU'S,589 San Ramon Vy Blvd Danville 94526 US,,,,
MCCAULOU'S #10,718 BANCROFT RD SUITE C WALNUT CREEK 94598 US,,,,
Journeys,222 SUN VALLEY MALL CONCORD 94520-5806 US,,925-825-7503,,
Tillys,224 Sun Valley Mall Concord 94520 US,,,,
Zumiez,305A SUNVALLEY MALL CONCORD 94520 US,,925-680-0702,,
"WORLD OF SHOES, INC",7871 Amador Valley Blvd Dublin 94568 US,,,,
Zumiez,2021 STONERIDGE MALL PLEASANTON 94588 US,,925-463-8490,,
MCCAULOU'S,5100 Clayton Rd Concord 94521 US,,,,
BASD INC,1942 Fourth St. San Rafael 94901 US,,,,
Tillys,4980 Dublin Blvd. Dublin 94568 US,,,,
Tillys,5800 Northgate Drive San Rafael 94903 US,,,,
QUIKSILVER OUTLET - LIVERMORE,"3212 Livermore Outlets Dr.
Unit 682, Livermore 94551 US",,925-243-9367,,
Tillys,132 Vintage Way Novato 94945 US,,,,
KONABEAR INC,379 STATE ST LOS ALTOS 94022 US,,,,
CALIFORNIA'S GREAT AMERICA,2401 AGNEW ROAD SANTA CLARA 95054 US,,,,
Journeys,408 GREAT MALL DR. MILPITAS 95035-8028 US,,408-262-8704,,
Tillys,447 Great Mall Drive Milpitas 95035 US,,,,
Zumiez,2855 STEVENS CREEK BLVD SANTA CLARA 95050 US,,408-243-0655,,
Tillys,650 El Paseo de Saratoga San Jose 95130 US,,,,
Tillys,2200 Eastridge Loop San Jose 95122 US,,,,
Tillys,5353 Almaden Expressway San Jose 95118 US,,,,
Zumiez,925 BLOSSOM HILL RD SAN JOSE 95123 US,,408-229-9614,,
Journeys,925 BLOSSOM HILL ROAD SAN JOSE 95123 US,,408-225-8441,,
Tillys,2505 Sand Creek Road Brentwood 94513 US,,,,
BOARDS N MORE,306 OAK STREET BRENTWOOD 94513 US,,,,
Zumiez,3200 NAGLEE ROAD TRACY 95376 US,,209-830-6400,,
CALI STYLE,415 WEST DR. FELTON 95018 US,,,,
SHOE PALACE CORPORATION,755 JARVIS DR MORGAN HILL 95037-2810 US,,,,
Journeys,"1350 TRAVIS BLVD, #1459A FAIRFIELD 94533-4646 US",,707-428-5732,,
Zumiez,1350 TRAVIS BLVD FAIRFIELD 94533 US,,707-427-3694,,
MCCAULOU'S,201 West Napa St Sonoma 95476 US,,,,
SIERRA AT TAHOE,1111 SIERRA AT TAHOE RD TWIN BRIDGES 95735 US,,,,
VILLAGE MOUNTAIN SURF & SPORTS,3552 Lake Tahoe Blvd South Lake Tahoe 96150 US,,,,
TAHOE SPORTS LTD,4000 LAKE TAHOE BLVD #7 S. LAKE TAHOE 96151 US,,,,
POWDER HOUSE,4045 Lake Tahoe Blvd. So. Lake Tahoe 96150 US,,,,
SHORELINE,259 Kingsbury Grade Stateline 89449 US,,,,
HOMEWOOD MOUNTAIN RESORT,5145 WEST LAKE BLVD. HOMEWOOD 96141 US,,,,
SUMMIT SPORTS,2480 PRECISION DRIVE UNIT H MINDEN 89423 US,,,,
702(JIMMY'S SKATE SHOP),961 TOPSY LN. STE.442 CARSON CITY 89705 US,,,,
Tillys,19811 Rinaldi St. Northridge 91326 US,,,,
Tillys,2761 East Bidwell Street Folsom 95630 US,,,,
QUIKSILVER OUTLET - FOLSOM,"13000 Folsom Blvd.
Suite 302/303, Folsom 95630 US",,(916) 353 6154,,
Zumiez,13000 FOLSOM BLVD FOLSOM 95630 US,,916-985-2522,,
Zumiez,6172 SUNRISE MALL CITRUS HEIGHTS 95610 US,,916-723-1146,,
Tillys,6157 Sunrise Mall Citrus Heights 95610-6903 US,,,,
HASSAN'S CLOTHING,100 N Sacramento St Lodi 95240 US,,,,
Tillys,9688 Bruceville Rd. Elk Grove 95757 US,,,,
Tillys,1151 Galleria Blvd Roseville 95678 US,,,,
Journeys,"1151 GALLERIA BLVD, #268 ROSEVILLE 95678-1945 US",,916-788-2997,,
Zumiez,1151 GALLERIA BLVD ROSEVILLE 95678 US,,916-771-5006,,
MCCLELLAN MAIN STORE,5443 Dudley Blvd McClellan AFB 95652-1128 US,,,,
"GOOD TIMES BOARD STORE, INC",146 MILL STREET GRASS VALLEY 95945 US,,,,
Journeys,1165-R COLUSA AVE YUBA CITY 95991 US,,530-790-0680,,
Zumiez,1215 COLUSA AVE YUBA CITY 95991 US,,530-674-5371,,
Journeys,1950 E 20TH ST STE 313 CHICO 95928 US,,530-345-3146,,
Zumiez,1950 EAST 20TH STREET CHICO 95928 US,,530-342-0106,,
F.K.O.,365 East Avenue Chico 95926 US,,,,
BOARDS OF NORD,14822 MERIDIAN MEADOWS LN CHICO 95973 US,,,,
EARTH AND OCEAN BOARDSHOP,1013 MONO WAY SONORA 95370 US,,,,
CENTRAL BOARD SPECIALTIES,1275 East F Street #8 Oakdale 95361 US,,,,
Journeys,4950 PACIFIC AVE STOCKTON 95207 US,,209-957-5126,,
Tillys,4950 Pacific Avenue Stockton 95207 US,,,,
Tillys,3401 Dale Road Modesto 95356 US,,,,
Zumiez,3401 DALE ROAD MODESTO 95356 US,,209-523-0158,,
STRIDE RITE #3,3401 Dal Rd #240 Modesto 95356 US,,,,
Journeys,"3401 DALE ROAD, #243 MODESTO 95356-0556 US",,209-579-9981,,
STRIDE RITE/SHOES III INC,240 Vintage Faire Mall Modesto 95356 US,,,,
CAMPOS CASUALS,344 North Main Street Lakeport 95453 US,,,,
TRAVIS AFB MAIN STORE,461 Skymaster Travis AFB 94535-0505 US,,,,
Zumiez,321-2 NUT TREE ROAD VACAVILLE 95687 US,,707-448-3403,,
Tillys,1641 E. Monte Vista Ave. Vacaville 95688 US,,,,
ESCAPE HATCH SPORTS,642 Railroad Ave Brookings 97415 US,,,,
MCCAULOU'S,372 Elm Ave Auburn 95603 US,,,,
Zumiez,1689 ARDEN WAY SACRAMENTO 95815 US,,916-924-1547,,
Journeys,1689 ARDEN WAY STE 2036 SACRAMENTO 95815-4089 US,,916-568-6440,,
Tillys,1689 Arden Way Sacramento 95815 US,,,,
Tillys,3642 North Freeway Blvd Sacramento 95834 US,,,,
DAVE'S SKIS & SNOWBOARDS,600 North Lake Blvd Tahoe City 96145 US,,,,
WAVE WEAR,11429 DONNER PASS RD. 1A TRUCKEE 96161 US,,,,
ACTIVE RIDESHOP,1160 Imperial Highway Suite B Brea 92821 US,,(714)256-8516,,
Tillys,1363 S. Harbor Blvd. Fullerton 92832 US,,,,
Tillys,2365 E Imperial Highway Brea 92821 US,,,,
AIYA GROUP,1871 W Commonwealth Ave Fullerton 92833 US,,,,
ACTIVE RIDESHOP,"1500 E. Village Way, Suite #2201 Orange 92865 US",,(714) 221-1094,,
CONTENDERS INC.,5655 E. LA PALMA AVE. ANAHEIM 92807 US,,,,
IDENTITY BOARD SHOP INC.,7886 Beach Blvd. Buena Park 90620 US,,,,
Tillys,20 City Blvd. West Orange 92868 US,,,,
Zumiez,20 CITY BLVD WEST ORANGE 92868 US,,714-939-6859,,
Tillys,8176 E. Santa Ana Canyon Rd Anaheim Hills 92808 US,,,,
DECK 'N SHOES,13175 Harbor Blvd Garden Grove 92843 US,,,,
SHOE CITY- INDUSTRY,17436 Colima Road Rowland Heights 91748 US,,,,
Tillys,6836 Katella Ave Cypress 90630 US,,,,
KICKS FOOTWEAR,12035 SLAUSON AVE SUITE A SANTA FE SPRINGS 90670 US,,,,
KICKS FOOTWEAR,12035 SLAUSON AVE. SUITE A SANTA FE SPRINGS 90670 US,,,,
SHOE CITY,12550 Whittier Blvd Whittier 90602 US,,,,
PF MCMULLIN COMPANY,1530 East Edinger #9 Santa Ana 92705 US,,,,
ACTIVE RIDESHOP,7585 Carson Blvd Long Beach 90808 US,,(562) 444-3174,,
Tillys,7350 Carson Blvd. Long Beach 90808 US,,,,
ACTIVE RIDESHOP,2893 El Camino Real Tustin 92782 US,,(714) 824-8852,,
Tillys,3865 Grand Avenue Chino 91710 US,,,,
"Green Room - Surf, Skate, Snow",18375 Euclid St Fountain Valley 92708 US,,714-916-0033,,
Tillys,2403 Park Ave Tustin 92782 US,,,,
SOLUS,14589 RAMONA AVE CHINO 91710 US,,,,
SHOE LOCKER,18291 Brookhurst St #1 Fountain Valley 92708 US,,,,
Tillys,901 K South Coast Drive Costa Mesa 92626 US,,,,
ACTIVE RIDESHOP,312 S. California Ave Suite 7504 West Covina 91790 US,,(626) 671-8595,,
United Boardshop United Boardshop,4140 Woodruff Ave Lakewood 90713 US,,,,
Journeys,448 PLAZA DRIVE WEST COVINA 91790-2824 US,,626-337-1718,,
Tillys,112 Plaza Drive West Covina 91790 US,,,,
Tillys,140 Stonewood St. Downey 90241 US,,,,
ACTIVE RIDESHOP,2937 Bristol St. Costa Mesa 92626 US,,(714) 432-1918,,
Tillys,18545 Main St. Huntington Beach 92648 US,,,,
L&M FOOTWEAR,8605 Washington Blvd Pico Rivera 90660 US,,,,
Tillys,3850 Barranca Pkwy. Irvine 92606 US,,,,
JCE CLOTHING INC.,2750 HARBOR BLVD. #B-02 COSTA MESA 92626 US,,,,
WESTERN CAROLINE TRADING,1860 Tyler Ave South El Monte 91733 US,,,,
PRICE BUSTERS SHOE WHSE,5100 E. WHITTIER BLVD LOS ANGELES 90022 US,,,,
JS FOOTWEAR,15944 DOWNEY AVENUE PARAMOUNT 90723 US,,,,
ATTIC SKATE SHOP,2588 Newport Blvd Costa Mesa 92627 US,,,,
S & S FOOTWEAR,8116 Rosecrans Ave Paramount 90723 US,,,,
BERT'S MEGA MALL,1151 N Azusa Avenue Covina 91722 US,,,,
MICA GROUP INC/SHOE CITY,12089 Central Ave Chino 91710 US,,,,
ACTIVE RIDESHOP,5501-A Philadelphia St. Chino 91710 US,,(909)465-1600,,
L&M FOOTWEAR DISTROBUTION CENTER,2640 YATES AVE COMMERCE 90040 US,,,,
ACTIVE RIDESHOP,678 W. Arrow Hwy San Dimas 91773 US,,(909) 592-0661,,
Tillys,5286 East 2nd St. Long Beach 90803 US,,,,
ACTIVE RIDESHOP,Irvine Spectrum Center Irvine 92616 US,,(949) 296-3094,,
MEGA SHOE FACTORY,13942 Orange Ave. Paramount 90723 US,,,,
Tillys,1327 E Gladstone St Glendora 91740 US,,,,
Tillys,"100 Citadel Dr, Commerce 90040 US",,,,
Tillys,723 Spectrum Center Drive Irvine 92618 US,,,,
Zumiez,613 SPECTRUM CENTER DR IRVINE 92618 US,,949-450-0894,,
"HK FOOTWEAR, INC",11521 East Washington Blv Whittier 90606 US,,,,
QUIKSILVER - IRVINE,"71 Fortune Dr.
#806, Irvine 92618 US",,(949) 753-5031,,
Journeys,2160 MONTCLAIR PLAZA LANE MONTCLAIR 91763-1535 US,,909-624-1979,,
Tillys,5144 E Montclair Plaza Lane Montclair 91763 US,,,,
Zumiez,5162 MONTCLAIR PLAZA LN MONTCLAIR 91763 US,,909-626-9260,,
JEAN MACHINE,255 E. 4th St. Long Beach 90802 US,,,,
SHOE CITY,4949 WALNUT GROVE AVE SAN GABRIEL 91776 US,,,,
"DEFY BOARDSHOP, INC.",451 Magnolia Ave #101 Corona 92879 US,,,,
Club Urban,23151 Alcalde Dr #B1 Laguna Hills 92653 US,,,,
Tillys,12327 Limonite Ave Mira Loma 91752 US,,,,
CBS BOARDSHOP,UNIT C 23635 EL TORO RD LAKE FOREST 92630 US,,,,
SWISS SPORTS CORP,16403 ISHIDA AVE GARDENA 90746 US,,,,
Tillys,3365 E Foothill Blvd Pasadena 91107 US,,,,
FORESTA BOUTIQUE,2301 E 7TH ST. B100 LOS ANGELES 90023 US,,,,
Tillys,3417 Grand Oaks Corona 92881 US,,,,
ACTIVE RIDESHOP,3431 Grand Oaks Corona 92881-4639 US,,(951) 256-8622,,
"EUROSTAR, INC.",13425 South Figueroa St. Los Angeles 90061 US,,,,
Tillys,1257 E 19th Street Upland 91784 US,,,,
NON FACTORY,110 South San Pedro St. Los Angeles 90012 US,,,,
ORVA STORES,2090 SOUTH ETIWANDA AVENUE ONTARIO 91761 US,,,,
Journeys,"1 MILLS CIRCLE, #217 ONTARIO 91764-5200 US",,909-987-1977,,
Zumiez,1 MILLS CIRCLE ONTARIO 91764 US,,909-987-3456,,
Tillys,1 Mills Road Ontario 91764 US,,,,
ACTIVE RIDESHOP,"10399 Foothill Blvd., Suite 104 Rancho Cucamonga 91730 US",,(909)987-9928,,
Tillys,27150 Alicia Pkwy. Laguna Niguel 92677 US,,,,
QUIKSILVER - LAGUNA BEACH,255 Forest Ave. Laguna Beach 92651 US,,(949) 376-0245,,
ACTIVE RIDE SHOP,12178 4TH ST. RANCHO CUCAMONGO 91730 US,,,,
ACTIVE RIDESHOP,"8830 Apollo Way, Suite 112 Downey 90242 US",,(562) 278-1836,,
"URBAN FEET, INC.",329 W. 6th St San Pedro 90731 US,,,,
Journeys,2266 GALLERIA AT TYLER RIVERSIDE 92503-4137 US,,951-359-4287,,
CORE SKATE,1727 CRENSHAW BLVD TORRANCE 90501 US,,,,
Tillys,2645 Pacific Coast Highway Torrance 90505 US,,,,
Tillys,12518 N Mainstreet Rancho Cucamonga 91739 US,,,,
Zumiez,12529 N MAIN STREET RANCHO CUCAMONGA 91739 US,,909-463-2385,,
Tillys,1815 Hawthorne Blvd Redondo Beach 90278 US,,,,
Tillys,27562 Antonio Parkway Ladera Ranch 92694 US,,,,
SPYDER PCH,4050 SPENCER AVE UNIT L TORRANCE 90503 US,,,,
TURQUOISE,4050 Spencer St. #J Torrance 90503 US,,,,
BOARDERS SPORTS INC,100 Galleria Way Glendale 91210 US,,,,
Tillys,2180 Glendale Galleria Glendale 91210 US,,,,
MALCOM SMITH MOTORSPORTS,7599 Indiana Ave Riverside 92504 US,,,,
ACTIVE RIDESHOP,720-A Allied Way El Segundo 90245 US,,(310) 606-8621,,
"E T SURFBOARDS, INC",904 Aviation Blvd. Hermosa Beach 90254 US,,,,
SUPER SPORTS INC,2930 Sepulveda Blvd Manhattan Beach 90266 US,,,,
ACTIVE RIDESHOP,3625 Riverside Plaza Dr. #M-4 Riverside 92506 US,,(951) 300-1860,,
Shoe Fantasy,3701 Ocean View Blvd Ste #E Montrose 91020 US,,,,
GACHEE CORP.,6000 SEPULVEDA BLVD CULVER CITY 90230 US,,,,
Journeys,1675 W LACEY BLVD HANFORD 93230 US,,559-584-6008,,
PRODIGY,1675 W LACEY BLVD HANFORD 93230 US,,,,
Zumiez,2031 SOUTH MOONEY BLVD VISALIA 93277 US,,559-739-2632,,
Journeys,2133 S MOONEY BLVD VISALIA 93277 US,,559-636-0374,,
Tillys,4039 South Mooney Blvd Visalia 93277 US,,,,
Tillys,1497 Retherford St Tulare 93274 US,,,,
Journeys,1493 RETHERFORD ST TULARE 93274 US,,559-686-6973,,
PRODIGY SHOES,1050 Shaw Ave Clovis 93612 US,,,,
Tillys,697 East Shaw Ave Fresno 93710 US,,,,
Journeys,"591 E SHAW AVE, STE #D-04 FRESNO 93710 US",,559-224-7364,,
Zumiez,539 EAST SHAW AVE FRESNO 93710 US,,559-226-7217,,
ACTIVE RIDESHOP,710 West Shaw Avenue Fresno 93704 US,,(559) 492-7987,,
Tillys,6581 N. Riverside Drive Fresno 93722 US,,,,
HERB BAUER SPORTING GOODS,6264 N. Blackstone Ave. Fresno 93710 US,,,,
VILLAGE SPORTS,941 W Pacheco Blvd Los Banos 93635 US,,,,
Zumiez,3300 BROADWAY EUREKA 95501 US,,707-442-1800,,
Journeys,3300 BROADWAY ST STE 536 EUREKA 95501-0536 US,,707-476-8073,,
SPORTS IMAGE,3451 S Dogwood Ave El Centro 92243 US,,,,
SPORTS IMAGE,3451 S. Dogwood Rd. El Centro 92243 US,,,,
Tillys,888 West 2nd St Calexico 92231 US,,,,
SHOE STATION,49225 Grapefruit Blvd Coachella 92236 US,,,,
Tillys,340 Inland Center Drive San Bernardino 92408 US,,,,
Journeys,"500 INLAND CTR DR, SP 446 SAN BERNARDINO 92408 US",,909-383-7800,,
QUIKSILVER - RIVERSIDE FACTORY OUTLET,"2550 Canyon Springs Pkwy
#B Riverside 92507 US",,951-656-9091,,
LEROY'S BOARD SHOP,9980 ALABAMA AVE REDLANDS 92374 US,,,,
Tillys,27461 San Bernardino Ave. Redlands 92374 US,,,,
ACTIVE RIDESHOP,27514 W Lugonia Ave Redlands 92374 US,,(909) 353-7030,,
9FIVE1,22500 TOWN CIRCLE MORENO VALLEY 92553 US,,,,
Tillys,22500 Town Circle Moreno Valley 92553 US,,,,
MOUNTAIN HIGH RESORT,24510 State Hway 2 Wrightwood 92397 US,,,,
DD'S DISCOUNT,17800 Perris Blvd Moreno Valley 92551 US,,,,
HI-DESERT SHOES II,16930 Mail St #H Hesperia 92345 US,,,,
Tillys,1115 Galleria Riverside 92503 US,,,,
SNOW VALLEY SKI RESORT,Hwy 18 Running Springs 92382 US,,,,
Tillys,14400 Bear Valley Rd Victorville 92392 US,,,,
Zumiez,14400 BEAR VALLEY DRIVE VICTORVILLE 92392 US,,760-843-8103,,
Journeys,"14400 BEAR VLY RD, SP 637 VICTORVILLE 92392 US",,760-241-6090,,
PACIFIC SHORE,17600 Collier Avenue #H-172 Lake Elsinore 92530 US,,,,
PACIFIC SHORES BOARDSHOP,17600 Collier Ave #H-172 Lake Elsinore 92530 US,,,,
Journeys,"2701 MING AVE, SP #195 BAKERSFIELD 93304-4435 US",,661-835-5901,,
Tillys,2701 Ming Ave Bakersfield 93304-4415 US,,,,
Zumiez,2701 MING AVE BAKERSFIELD 93304 US,,661-833-8837,,
ACTIVE RIDESHOP,"10530 Stockdale Hwy, Suite 200 Bakersfield 93311 US",,(661) 247-8443,,
Tillys,1233 W. Rancho Vista Rd. Palmdale 93551 US,,,,
Journeys,1233 W RANCHO VISTA BLVD PALMDALE 93551-3949 US,,661-266-3238,,
REVOLUTION SKATEBOARD,1240 Mendocino Ave Santa Rosa 95401 US,,,,
SKATEWORKS,2062 Santa Rosa Plz Santa Rosa 95401 US,,,,
Tillys,2041 Santa Rosa Plaza Santa Rosa 95401 US,,,,
Journeys,2037 SANTA ROSA PLAZA SANTA ROSA 95401 US,,707-568-7626,,
Zumiez,2038 SANTA ROSA PLAZA SANTA ROSA 95401 US,,707-576-8645,,
SANTA ROSA SKI & SPORT,2875 SANTA ROSA AVE SUITE B2 SANTA ROSA 95407 US,,,,
FREEDOM SKATEBOARD SHOP,435 N. State St. Ukiah 95482 US,,,,
PACIFIC OUTFITTERS UKIAH,955 N. STATE STREET UKIAH 95482 US,,,,
JOHNSON'S FAMILY SHOES,714 Main St Susanville 96130 US,,,,
ACTIVE RIDESHOP,The Strand Huntington Beach 92648 US,,(714) 500-0010,,
VENICE SKATEBOARDING SURF,8 Brooks Ave #C Venice 90291 US,,,,
ZJ BOARDING HOUSE/SOP INC,2619 Main St Santa Monica 90405 US,,,,
BROOKS SHOES FOR KIDS,1703 WILSHIRE BLVD SANTA MONICA 90403 US,,,,
ACTIVE RIDESHOP,1460 4th Street Santa Monica 90401 US,,(310) 857-1360,,
Tillys,1426 3rd Street Promenade Santa Monica 90401 US,,,,
ACTIVE RIDESHOP,328 N. San Fernando Suite 1 Burbank 91502 US,,(818)333-1580,,
VAL SURF,4810 Whitsett Ave Valley Village 91607 US,,,,
Tillys,1751 N. Victory Place Burbank 91504 US,,,,
BROOKS SHOES FOR KIDS #9,14006 Riverside Dr Sherman Oaks 91423 US,,,,
Tillys,14570 Ventura Blvd. Sherman Oaks 91403 US,,,,
SPORTS 4 U,8717 VAN NUYS BLVD PANORAMA CITY 91402 US,,,,
VALLEY SKATE & SURF,16914 Parthenia Street North Hills 91343 US,,,,
NEW STAR ACTIVEWEAR INC,12933 Foothill Blvd Sylmar 91342 US,,,,
BOARD SPORTS,22642 Ventura Blvd Woodland Hills 91364 US,,,,
VAL SURF,22864 Ventura Blvd Woodland Hills 91364 US,,,,
SURFIN ON THE BANKS,6600 TOPANGA CANYON BLVD. #97B CANOGA PARK 91303 US,,,,
Tillys,6600 Topanga Canyon Blvd Canoga Park 91303 US,,,,
BOARDERS TOPANGA,"6600 TOPANGA CANYON BLVE, SUITE 97B CANOGA PARK 91303 US",,,,
BOARDERS NORTHRIDGE,9301 TAMPA AVE. #192 NORTHRIDGE 91324 US,,,,
BOARDERS SPORTS INC,9301 Tampa Ave # 80 Northridge 91324 US,,,,
BOARDERS SPORTS INC,9400 Lurline Ave #D Chatsworth 91311 US,,,,
Journeys,24201 W VALENCIA BV #2217 VALENCIA 91355 US,,661-287-4398,,
SBT PRODUCTIONS INC.,4226 Valley Fair St. Simi Valley 93063 US,,,,
VAL SURF,24140 Valencia Blvd Valencia 91355 US,,,,
BROOKS SHOES FOR KIDS #4,24201 Valencia Blvd Valencia 91355 US,,,,
ACTIVE RIDESHOP,24175 Magic Mountain Parkway Valencia 91355 US,,(661) 705-2020,,
Tillys,27027 McBean Parkway Valencia 91355 US,,,,
Tillys,30730 Russell Ranch Road Westlake Village 91362 US,,,,
VAL SURF,3055 E Thousand Oaks Blvd Thousand Oaks 91362 US,,,,
Tillys,1555 Simi Vlly Twn Ctr Way Simi Valley 93065 US,,,,
Journeys,1555 SIMI TOWN CENTER WAY SIMI VALLEY 93063 US,,805-520-3805,,
Action Village,41 MORELAND RD SIMI VALLEY 93065 US,,,,
Tillys,33 North Moonpark Rd. Thousand Oaks 91360 US,,,,
ACTIVE RIDESHOP,The Oaks Thousand Oaks 91360 US,,(805) 413-0280,,
SHOE FACTORY,2720 Saviers Rd Oxnard 93033 US,,,,
Tillys,161 W. Esplanade Dr. Oxnard 93036-1101 US,,,,
ACTIVE RIDESHOP,600 Collection Blvd Oxnard 93036 US,,(805) 201-9088,,
TEN TALL TREES LLC,"2368 EASTMAN AVENUE, UNIT #15 VENTURA 93003 US",,,,
Journeys,3301 E MAIN ST STE 2337 VENTURA 93003-5076 US,,805-650-5408,,
Tillys,250 Merced Mall Merced 95348 US,,,,
Zumiez,226 MERCED MALL MERCED 95348 US,,209-723-6467,,
AHA SHOES,MERCED MALL MERCED 95340 US,,,,
Tillys,2737 Countryside Drive Turlock 95380 US,,,,
Feet First,336 North Main St Fort Bragg 95437 US,,,,
MMSA DISTRIBUTION CENTER,123 COMMERCE DRIVE UNIT C-1 MAMMOTH LAKES 93546 US,,,,
KITTRIDGE SPORTS,3218 Main Street Mammoth Lakes 93546 US,,,,
ALLIANCE BOARD COMPANY,1233 Park St. Paso Robles 93446 US,,,,
Tillys,1662 North Main Street Salinas 93906 US,,,,
Journeys,1558 NORTHRIDGE MALL SALINAS 93906 US,,831-442-1165,,
Tillys,2080 California Ave. Sand City 93955 US,,,,
H SKATE,25 E. BEACH ST. WATSONVILLE 95076 US,,,,
Journeys,1855 41ST AVE STE D1 CAPITOLA 95010 US,,831-462-4462,,
BILLS WHEELS/SK8BRDS (SC),1240 Soquel Ave Santa Cruz 95062 US,,,,
PACIFIC WAVE,1101 PACIFIC AVE STE 200 SANTA CRUZ 95060-7507 US,,,,
PACIFIC WAVE,115 Cooper St Santa Cruz 95060 US,,,,
CALI STYLE,222 G MT HERMON SCOTTS VALLEY 95066 US,,,,
Tillys,5000 Meadowood Mall Circle Reno 89502 US,,,,
Zumiez,5110 MEADOWOOD MALL CIRCL RENO 89502 US,,775-828-9631,,
Journeys,5492 MEADOWOOD MALL CIR RENO 89502 US,,775-825-2121,,
BOBO'S MOGUL MOUSE SKI &,475 E Moana Lane Reno 89502 US,,,,
Tillys,13985 S Virginia St Reno 89511 US,,,,
SCHEELS,1200 Scheels Drive Sparks 89434 US,,775-331-2700,,
WAVE WEAR,6610 CANOE HILL DR. SPARKS 89436 US,,,,
SO CAL SURF SHOP LLC,801 AVENIDA TALEGA SUITE 104 SAN CLEMENTE 92673 US,,,,
Tillys,101 West Avenida Vista Hermosa San Clemente 92672 US,,,,
SUN DIEGO,101 W. AVENIDA VISTA HERMOSA SAN CLEMENTE 92672 US,,949-441-7844,,
ASYLUM/BOARDWALKER CORP,310 Mission Ave Oceanside 92054 US,,,,
Boardwalker Corporation,401 Mission Ave Suite A140 Oceanside 92054 US,,,,
Tillys,30046 Haun Road Menifee 92584 US,,,,
MCGILL'S SKATESHOP,335 South Coast Highway Encinitas 92024 US,,,,
Tillys,2641 Vista Way Oceanside 92054 US,,,,
Journeys,2525 EL CAMINO REAL #215 CARLSBAD 92008-1208 US,,760-434-6612,,
Zumiez,2525 EL CAMINO REAL CARLSBAD 92008 US,,760-730-0243,,
SUN DIEGO,2978 CARLSBAD BLVD CARLSBAD 92008 US,,442-500-2295,,
CALIFORNIAN DREAMS,1924 HACIENDA DR. VISTA 92081 US,,,,
Journeys,40820 WINCHESTER RD TEMECULA 92591-5539 US,,951-296-0884,,
Tillys,40820 Winchester Rd Temecula 92591 US,,,,
Zumiez,40820 WINCHESTER RD TEMECULA 92591 US,,951-699-6846,,
Zumiez,5620 PASEO DEL NORTE CARLSBAD 92008 US,,760-579-0109,,
HOUSE OF VISTA,637 S. SANTA FE AVE. #C VISTA 92083 US,,,,
ACTIVE RIDESHOP,29720 Rancho California Rd. Temecula 92591 US,,(951) 693-4155,,
The Buckle,"Westfield Palm Desert, 72840 CA-111 V423 PALM DESERT 92260 US",,(760) 346-1209,,
Tillys,72840 Highway 111 Palm Desert 92260 US,,,,
RYTHM SKATE SHOP,405 S. PAVILION WAY PALM SPRINGS 92262 US,,,,
QUIKSILVER OUTLET - DESERT HILLS,"48400 SemiNOle Drive
Suite 430A, Cabazon 92230 US",,951-922-1112,,
ICE BOX,43101 GOLDMINE DRIVE BIG BEAR LAKE 92315 US,,,,
BLAUER SKI AND BOARD SHOP,41177 Big Bear Blvd Big Bear Lake 92315 US,,,,
GOLDSMITH'S BOARD HOUSE,42071 Big Bear Blvd Big Bear Lake 92315 US,,,,
SPORTS PLUS,655 N. BROADWAY ESCONDIDO 92025 US,,,,
Tillys,1266 F. Auto Park Way Escondido 92029 US,,,,
ACTIVE RIDESHOP,1230 AutoPark Way Escondido 92029 US,,(760) 839-6941,,
Tillys,1911 Calle Barcelona Carlsbad 92009 US,,,,
SUN DIEGO,200 E. VIA RANCHO PKWY ESCONDIDO 92025 US,,760-743-4133,,
Journeys,200 E. VIA RANCHO PKWY ESCONDIDO 92025-8002 US,,760-737-3188,,
QUIKSILVER OUTLET - BARSTOW ,"2796 Tanger Way
Suite 204, Barstow 92311 US",,760-253-5001,,
BLUE BEACH BOARD SHOP,2596 Mercantile Way Bldg Barstow 92311 US,,,,
CALIFORNIA CLOTHING SPORTSWEAR INC,2504 JAMACHA RD EL CAJON 92019 US,,,,
MOTOWORLD OF EL CAJON,315N. Magnolia Ave. El Cajon 92020 US,,,,
Tillys,363 Parkway Plaza El Cajon 92020 US,,,,
Zumiez,493 PARKWAY PLAZA EL CAJON 92020 US,,619-401-0397,,
Journeys,651 PARKWAY EL CAJON 92020-2533 US,,619-593-9394,,
Tillys,9880 Mission Gorge Road Santee 92071 US,,,,
CLOTHING INTERNATIONAL,9710 MISSION GORGE RD. SUITE A SANTEE 92071 US,,,,
HANGER 94,5270 Jackson Drive La Mesa 91942 US,,,,
SUN DIEGO,3030 PLAZA BONITA ROAD NATIONAL CITY 91950 US,,619-399-7959,,
Journeys,3030 PLAZA BONITA RD NATIONAL CITY 91950-8007 US,,619-267-9316,,
Tillys,3030 Plaza Bonita Road National City 91950 US,,,,
Tillys,10661 Westview Parkway San Diego 92126 US,,,,
SHOE SHACK,1240 E Plaza Blvd National City 91950 US,,,,
SOLO SHOES,51 N Highland Ave National City 91950 US,,,,
ACTIVE RIDESHOP,Westfield Mission Valley San Diego 92108 US,,(619) 398-0320,,
Tillys,1640 Camino Del Rio North San Diego 92108 US,,,,
SHOE METRO,8960 Carroll Way Ste 100 San Diego 92121 US,,,,
SUN DIEGO,7007 FRIARS RD SAN DIEGO 92108 US,,619-268-2295,,
Journeys,"7007 FRIARS RD, STE 239 SAN DIEGO 92108-1282 US",,619-295-6801,,
BUNDOGI SPORTS,5949 BALBOA AVE SAN DIEGO 92111 US,,,,
Billion Creation,687 Palomar Street Chula Vista 91911 US,,,,
Tillys,4051 Camino De La Plaza San Ysidro 92173 US,,,,
STREET WEAR SHOP,2310 VIA TERCERO SAN YSIDRO 92173 US,,,,
SUN DIEGO,4465 LA JOLLA VILLAGE DR. SAN DIEGO 92122 US,,858-646-0632,,
Tillys,8657 Villa La Jolla Drive La Jolla 92037 US,,,,
Tillys,12875 El Camino Real San Diego 92130 US,,,,
SUN DIEGO,3126 MISSION BLVD. SAN DIEGO 92109 US,,858-866-0108,,
PACIFIC DRIVE,756 Thomas Ave San Diego 92109 US,,,,
SUN DIEGO,2600 VIA DE LA VALLE DEL MAR 92014 US,,858-793-1054,,
SUN DIEGO,677 LOMAS SANTA FE SOLANA BEACH 92075 US,,858-523-1733,,
SURF RIDE,325 NORTH HIGHWAY 101 SOLANA BEACH 92075 US,,858-755-92075,,
SKATE WAREHOUSE,747 BUCKLEY ROAD SAN LUIS OBISPO 93401 US,,,,
Journeys,"333 FIVE CITIES DR, #129 PISMO BEACH 93449 US",,805-773-2642,,
AHA SHOES,162 TOWN CENTER EAST SANTA MARIA 93454 US,,,,
Tillys,2348 So. Bradley Rd. Santa Maria 93455 US,,,,
SURF CONNECTION,1307 N. H STREET STE. C Lompoc 93436 US,,,,
LIGHTHOUSE,16 B HELENA AVE SANTA BARBARA 93101 US,,,,
Zumiez,803 STATE STREET SANTA BARBARA 93101 US,,805-962-2606,,
Tillys,917 State Street Santa Barbara 93101 US,,,,
FIVE POINTS SK8 & SNOWBOARD,2787 E Main St Ventura 93003 US,,,,
Tillys,7046 Marketplace Drive Goleta 93117 US,,,,
Journeys,"900 DANA DR, STE #A10 REDDING 96003 US",,530-722-9147,,
Zumiez,900 DANA DRIVE REDDING 96003 US,,530-223-2458,,
Global Shoe Addiction,1095 Hilltop Dr. Suite 137 Redding 96003 US,,,,
Global Shoe Addiction,960 Twin View Blvd. Redding 96003 US,,,,
SPORTSMEN'S DEN,100 CHESTNUT ST. MT. SHASTA 96067 US,,,,
MAIN STREET SHOES,521 Main St Weaverville 96093 US,,,,
Journeys,14200 E ALAMEDA AVE #2022 AURORA 80012 US,,303-344-1387,,
HOIGAARD'S INC,"16303 EAST 32ND AVE, SUITE 20 AURORA 80011 US",,,,
SPECIALTY SPORTS,16303 E.32ND AVE. SUITE 20 AURORA 80011 US,,,,
BUCKLEY MAIN W/BAYS,365 N Telluride St Auora 80011-7809 US,,,,
Zumiez,E 8270 49TH AVE DENVER 80238 US,,720-374-4763,,
Journeys,"3000 E FIRST AVE, #103 DENVER 80206 US",,303-377-0918,,
BBS Inc,201 University BLVD #103 Denver 80203 US,,,,
303 CLFX,1338 E Colfax Ave Denver 80218 US,,,,
Outabounds Ski and Board,16342 E. Ida Ave Centennial 80015 US,,,,
EVO - DENVER,860 Broadway Denver 80203 US,,,,
720 BOARDSHOP,135 S. BROADWAY DENVER 80209 US,,,,
SURF ASSOCIATES,700 W Mississippi Ave #A7 Denver 80223 US,,,,
WINTERKIDS.COM,1935 W 12th Ave Denver 80204 US,,,,
Zumiez,6155 S MAIN STREET AURORA 80016 US,,303-766-1823,,
Tillys,6200 S. Main St. Aurora 80016 US,,,,
Zumiez,8405 PARK MEADOWS CTR DR LITTLETON 80124 US,,303-799-5172,,
Tillys,8505 Park Meadows Center Drive Lone Tree 80124 US,,,,
Journeys,8505 PARK MEADOWS CTR DR LONE TREE 80124 US,,303-649-1442,,
BC SURF & SPORT,8678 Park Meadows Center Littleton 80124 US,,,,
BC SURF & SPORT,8678 Park Meadows Cntr Dr Lonetree 80124 US,,,,
LARSONS SKI & SPORT,4715 Kipling St Wheatridge 80033 US,,,,
"CHRISTY SPORTS, LLC.",875 Parfet Street Denver 80215 US,,,,
Zumiez,8501 W BOWLES AVE LITTLETON 80123 US,,303-972-3764,,
Tillys,8501 West Bowles Avenue Littleton 80123 US,,,,
Journeys,"8501 W BOWLES AVE, #2060 LITTLETON 80123-9502 US",,720-922-8537,,
BC SURF & SPORT,8501 W. Bowles Ave. #1A12 Littleton 80123 US,,,,
Tillys,l4647 Delaware St Westminster 80023 US,,,,
Zumiez,14697 DELAWARE ST WESTMINSTER 80020 US,,720-977-0065,,
Journeys,"14500 W. COLFAX AVE, #377 LAKEWOOD 80401 US",,303-279-1169,,
Zumiez,14500 W COLFAX AVE LAKEWOOD 80401 US,,303-273-0803,,
BC SURF & SPORT,1 West Flat Irons Crossing #2106 Broomfield 80021 US,,,,
VAIL RESORTS RETAIL,390 Interlocken Crescent Broomfield 80021 US,,,,
BRC HEAVENLY - SSV,390 Interlocken Crescent Suite 660 Broomfield 80021 US,,,,
Tillys,1 W. Flatiron Crossing Drive Broomfield 80021 US,,,,
Journeys,1 W FLATIRON CROSSING DR BROOMFIELD 80021 US,,720-887-3437,,
Zumiez,1 WEST FLATIRON CIRCLE BROOMFIELD 80021 US,,720-887-4645,,
Zumiez,5050 FACTORY SHOPS BLVD CASTLE ROCK 80108 US,,303-663-2898,,
CASTLE ROCK BIKE AND SKI,411 4TH ST. CASTLE ROCK 80104 US,,,,
BC SURF & SPORT,1600 28th St Boulder 80301 US,,,,
SATELLITE,2835 PEARL ST. SUITE D BOULDER 80301 US,,,,
SNS BOARDS,4106 N. VALLEY RD. LONGMONT 80504 US,,,,
ENDLESS YOUTH BOARDSHOP,20 E. LAKEVIEW DR. UNIT 211 NEDERLAND 80466 US,,,,
CUIKSA BOOT-TIQUE,345 DICHOSO ST. PAGOSA SPRINGS 81147 US,,,,
"J & N SHOES, INC.",102 South Main Lamar 81052 US,,,,
SKI BROKER,601 S. Zerex Fraser 80442 US,,,,
Zumiez,5897 SKY POND DR LOVELAND 80538 US,,970-663-4098,,
Zumiez,215 EAST FOOTHILLS PKWY FORT COLLINS 80525 US,,970-266-8022,,
Zumiez,2068 GREELEY MALL GREELEY 80631 US,,970-356-0608,,
Journeys,1995 GREELEY MALL GREELEY 80631 US,,970-352-9030,,
Rocky Mountain Trail.Com,105 Isabel Ct Buena Vista 81211 US,,,,
COLORADO KAYAK,327 E. Main Buena Vista 81211 US,,,,
Zumiez,145-G STEPHENS WAY SILVERTHORNE 80498 US,,970-513-6501,,
RIDDEN LLC,LA CIMA MALL BRECKENRIDGE 80424 US,,,,
SUN LOGIC,122 S. MAIN ST BRECKENRIDGE 80424 US,,,,
MOUNTAIN STYLE INC,135 S. MAIN ST. UNIT F BRECKENRIDGE 80424 US,,,,
FUN VS AWSOME,"222 S. MAIN STREET, UNIT C BRECKENRIDGE 80424 US",,,,
UNDERGROUND SNOWBOARDS,320 S Main St Breckenridge 80424 US,,,,
UNDERGROUND SNOWBOARDS,320 S MAIN ST BRECKENRIDGE 80424 US,,,,
THE LUMBERYARD,400 S. MAIN ST. BRECKENRIDGE 80424 US,,,,
BASE MOUNTAIN SPORTS,500 S PARK AVE BRECKENRIDGE 80424 US,,,,
CRAZY MOUNTAIN SPORTS,416 W Main St Red River 87558 US,,,,
SITZMARK SPORTS,416 WEST MAIN STREET RED RIVER 87558 US,,,,
BUBBA'S BOARDS,46825 HWY 550 N. DURANGO 81301 US,,,,
Inferno Snowboard Co,1001 Main Ave Durango 81301 US,,,,
BC SURF & SPORT,1710 Briargate Blvd. Colorado Springs 80920 US,,,,
HOYAL BOARD COMPANY,1246 E. WOODMEN RD COLORADO SPRINGS 80920 US,,,,
Zumiez,750 CITADEL DRIVE COLORADO SPRINGS 80909 US,,719-573-4612,,
Journeys,750 CITADEL DR E. COLORADO SPRINGS 80909-5346 US,,719-637-9957,,
"The Ski Shop, Inc",1422 South Tejon St. Colorado Springs 80905 US,,,,
"O'BOS ENTERPRISES, LLC","5 Murray Rd, Unita-5 Edwards 81632 US",,,,
BASE MOUNTAIN SPORTS,500 S. Park Avon 81620 US,,,,
TRANSITION SPORTS,240 Chapel PL Unit B-125 Avon 81620 US,,,,
BASE MOUNTAIN,76 Avondale Lane Beaver Creek 81620 US,,,,
SIDEWINDER SPORTS,8 Snowmass Village Mall Snowmass Village 81615 US,,,,
RADIO SNOWBOARD SHOP LLC,400 E Hopkins Aspen 81611 US,,,,
CARSON MAIN STORE,6110 Martinez St Colorado Springs 80913-2557 US,,,,
PETERSON MAIN STORE NEW,1030 E Stewart Ave Peterson AFB 80914-0000 US,,,,
Zumiez,3429 DILLION DRIVE PUEBLO 81008 US,,719-545-2781,,
Journeys,"3297 DILLON DR, STE #E-01 PUEBLO 81008 US",,719-545-4499,,
The Hammer LLC,905 N. Main St Gunnison 81230 US,,,,
POWDER PURSUITS,2300 Mt Werner Circle Steamboat Springs 80487 US,,,,
CLANDESTINE CLOTHES,703 LINCOLN AVE. SUITE 101 STEAMBOAT SPRINGS 80487 US,,,,
IN CELEBRATION OF KIDS,831 LINCOLN AVE STEAMBOAT SPRINGS 80487 US,,,,
Zumiez,800 S CAMINO DEL RIO DURANGO 81301 US,,970-375-2280,,
Journeys,"4601 E MAIN ST, SP 300 FARMINGTON 87402 US",,505-325-1860,,
Zumiez,4601 E MAIN FARMINGTON 87402 US,,505-325-6738,,
SPORTS ARENA,116 N 2Nd St Raton 87740 US,,,,
BROWN'S SHOE FIT,204 MAIN ST. STERLIMG 80751 US,,,,
BROWN'S SHOE FIT,315 Main Fort Morgan 80701 US,,,,
Journeys,1400 DELL RANGE BLVD CHEYENNE 82009-4826 US,,307-635-1870,,
HAWLEY LANE,862 Bridgeport Ave. Shelton 06484 US,,,,
UTOPIA,150 Connecticut Ave Norwalk 06854 US,,,,
Tillys,230 Smith Haven Mall Lake Grove 11755 US,,,,
Zumiez,313 SMITH HAVEN MALL LAKE GROVE 11755 US,,631-724-3915,,
SUNDOWN SKI & SNOWBOARD,3060 Middle Country Rd Lake Grove 11755 US,,,,
Tillys,350 Route 110 Huntington 11746 US,,,,
Zumiez,SUITE 1311 TANGER MALL DR RIVERHEAD 11901 US,,631-208-1249,,
BOB'S STORES DISTRIBUTION,160 Corporate Court Meriden 06450 US,,,,
BOB'S CHALET SKI & SNOWBOARD,510 FARMINGTON AVE BRISTOL 06010 US,,,,
CUTTING EDGE (CONN),146 Mill St Berlin 06037 US,,,,
SUNDOWN SKI & SNOWBOARD,47 Northern Blvd. Greenvale 11548 US,,,,
SUNDOWN SKI & SNOWBOARD,1296 Broad Hallow Rd Farmingdale 11735 US,,,,
Journeys,2001 SOUTH RD POUGHKEEPSIE 12601 US,,845-297-9240,,
Zumiez,2001 SOUTH ROAD POUGHKEEPSIE 12601 US,,845-298-8210,,
Zumiez,3450 PALISADES DRIVE WEST NYACK 10994 US,,845-353-5417,,
Journeys,3422 PALISADES CENTER DR WEST NYACK 10994 US,,845-358-0621,,
Tillys,630 Old Country Rd. Garden City 11530 US,,,,
Zumiez,630 OLD COUNTRY RD GARDEN CITY 11530 US,,516-739-1895,,
SUNDOWN SKI & SPORT SHOP,2726 HEMPSTEAD TURNPIKE LEVITTOWN 11756 US,,,,
MT. EVEREST SKI SHOP,318 3RD AVENUE WESTWOOD 07675 US,,,,
"SKI BARN, INC.",846 Route 17 North Paramus 07652 US,,,,
Journeys,"90-15 QUEENS BLVD, #3036 ELMHURST 11373-4913 US",,718-699-3485,,
Zumiez,90-15 QUEENS BLVD ELMHURST 11373 US,,718-271-6728,,
Journeys,1 GARDEN STATE PLAZA DR PARAMUS 07652 US,,201-843-4343,,
Tillys,One Garden State Plaza Paramus 07652 US,,,,
Zumiez,1 GARDEN STATE PARAMUS 07652 US,,201-843-0705,,
SKI BARN,4 North Street Waldwick 07463 US,,,,
Boathouse Londonderry Mall,"137th Ave & 66th St., Unit 125 Edmonton T5C 3C8 US",,780-757-7547,,
DD DISCOUNTS,1372 BROADWAY NEW YORK 10018 US,,,,
Zumiez,15 WEST 34TH STREET NEW YORK 10001 US,,212-967-4325,,
Journeys,34 WEST 34TH STREET NEW YORK 10001-2946 US,,212-695-8416,,
J AND M SNEAKER INC.,5539 MYRTLE AVE RIDGEWOOD 11385 US,,,,
ORVA STORE #33,1282 BROADWAY NEW YORK 10001 US,,,,
Zumiez,194 BUCKLAND HILLS DR MANCHESTER 06040 US,,860-648-9039,,
Journeys,"50 HOLYOKE ST, STE #F-389 HOLYOKE 01040-2709 US",,413-534-7189,,
THEORY SKATESHOP,50 Holyoke Holyoke 01040 US,,,,
Zumiez,20-AKILLINGWORTH TURNPIKE CLINTON 06413 US,,860-664-4687,,
Zumiez,850 HARTFORD TURNPIKE WATERFORD 06385 US,,860-444-8179,,
PLAZA SURF & SPORTS,716 Main St Montauk 11954 US,,,,
PLAZA SURF AND SPORTS,171 MAIN ST. AMAGANSETT 11930 US,,,,
CIVIL,88 MAIN ST. EAST GREENWICH 02818 US,,,,
Zumiez,400 BALD HILL ROAD WARWICK 02886 US,,401-737-4096,,
CIVIL,231 WESTMINSTER ST. PROVIDENCE 02903 US,,,,
Journeys,385 SOUTHBRIDGE ST AUBURN 01501 US,,508-832-2732,,
Journeys,999 S WASHINGTON ST NORTH ATTLEBORO 02760 US,,508-695-2069,,
CONCRETE WAVE,54 W Boylston St Worcester 01606 US,,,,
SPORTS OUTLET INCORPORATED,7976 NEW HAMPSHIRE AVENUE HYATTSVILLE 20783 US,,,,
Zumiez,6751 SPRINGFIELD MALL SPRINGFIELD 22150 US,,703-971-0151,,
NEW FT BELVOIR MS,8651 JOHN J KINGMAN BLDG 2321 FT BELVOIR 22060-0000 US,,,,
Tillys,7000 Arundel Mills Circle Hanover 21076 US,,,,
Journeys,7000 ARUNDEL MILLS CIRCLE HANOVER 21076-1382 US,,443-755-8767,,
Zumiez,7600 ARUNDEL MILLS CIRCLE HANOVER 21076 US,,410-796-7359,,
Tillys,2700 Potomac Mills Circle Woodbridge 22192 US,,,,
PURE BOARD SHOP,1908 E. Forest Drive Annapolis 21401 US,,,,
Tillys,1170 Annapolis Mall Annapolis 21401 US,,,,
Zumiez,2002 ANNAPOLIS MALL ANNAPOLIS 21401 US,,410-266-7517,,
Journeys,7900 GOV RITCHIE HWY E103 GLEN BURNIE 21061 US,,410-761-7923,,
Journeys,"8300 SUDLEY RD, STE #N-12 MANASSAS 20109 US",,703-330-0682,,
ADRENALINE,440 Peoples Plaza Newark 19702 US,,,,
Tillys,520 Christiana Mall Newark 19702 US,,,,
Journeys,538 CHRISTIANA MALL NEWARK 19702 US,,302-286-6810,,
Zumiez,36470 SEASIDE OUTLET DR REHOBOTH BEACH 19971 US,,302-227-1202,,
KINETIC SKATEBOARDING,3906 CONCORD PIKE WILMINGTON 19803 US,,,,
Zumiez,4737 CONCORD PIKE WILMINGTON 19803 US,,302-478-2809,,
Zumiez,1250 BALTIMORE PIKE SPRINGFIELD 19064 US,,610-604-3328,,
BUCKMAN'S INC,403 N. Pottstown Pike Exton 19341 US,,(610)363-1893,,
BUCKMAN'S INC,26 W Lancaster Ave Ardmore 19003 US,,,,
KINETIC SKATEBOARDING,533 SOUTH ST. PHILADELPHIA 19147 US,,,,
Journeys,"1750 DEPTFORD MALL, #1012 DEPTFORD 08096-5218 US",,856-845-0563,,
Zumiez,1750 DEPTFORD MALL DRIVE DEPTFORD 08096 US,,856-848-2411,,
Tillys,1750 Deptford Center Rd Deptford 08096 US,,,,
BUCKMAN'S INC,"740 W. Dekalb Pike, Route King Of Prussia 19406 US",,,,
Tillys,20 Town Center Drive Collegeville 19426 US,,,,
Journeys,"2000 ROUTE 38, #1605 CHERRY HILL 08002 US",,856-663-6024,,
Tillys,2000 Route 38 Cherry Hill 08002 US,,,,
MIKES BETTER SHOES,41 Clementon Rd Berlin 08009 US,,,,
Journeys,400 ROUTE 38 #1665 MOORESTOWN 08057 US,,856-608-8750,,
Zumiez,400 ROUTE 38 MOORESTOWN 08057 US,,856-234-6703,,
SCHUYLKILL VALLEY SPORTS,118 Industrial Drive Pottstown 19464 US,,,,
VERNON POWEL SHOES,2401 E Naylor Mill Rd Salisbury 21804 US,,,,
FREE RIDE SURF SHOP,420 Nw 13th Street Gainesville 32601 US,,,,
Journeys,"3100 SW COLLEGE RD, #548 OCALA 34474 US",,352-237-3789,,
Tillys,27001 US Highway 19 North Clearwater 33761 US,,,,
Zumiez,27001 US HWY 19 N CLEARWATER 33761 US,,727-725-3032,,
SURF STYLE,315 S Gulfview Blvd Clearwater Beach 33767 US,,,,
WEST SIDE SKATE SHOP,39332 Us Hwy 19 North Tarpon Springs 34689 US,,,,
Tillys,2223 N. West Shore Blvd Tampa 33607 US,,,,
The Boardr,4611 N Hale Ave Tampa 33614 US,,,,
Tillys,6901 Tyrone Sq. St. Petersburg 33710 US,,,,
MACDILL MAIN STORE,3108 N Boundary Blvd Macdill AFB 33608-6842 US,,,,
Journeys,"9409 US HIGHWAY 19, #215A PORT RICHEY 34668 US",,727-843-0523,,
SKATEPARK OF TAMPA,2602 N 43rd STREET TAMPA 33605 US,,,,
Tillys,2312 Grand Cypress Drive Lutz 33559 US,,,,
Tillys,955 Brandon Town Center Brandon 33511 US,,,,
Journeys,347 BRANDON TOWN CENTER BRANDON 33511-4758 US,,813-654-5494,,
Tillys,28163 Paseo Drive Wesley Chapel 33543 US,,,,
Journeys,1910 WELLS RD SPACE E-02 ORANGE PARK 32073 US,,904-269-2927,,
Tillys,1910 Wells Rd Orange Park 32073 US,,,,
The Block,537 Park St. Jacksonville 32204 US,,,,
Journeys,2270 M L KING JR BLVD PANAMA CITY 32405-5319 US,,850-747-9079,,
ALVIN'S ISLAND #17,4200 Thomas Dr Panama City 32408 US,,,,
ALVIN'S ISLAND #2,9401 Thomas Dr Panama City 32408 US,,,,
ALVIN'S ISLAND #20,11220 Front Beach Road Panama City Beach 32407 US,,,,
ALVIN'S ISLAND #10,12010 Front Beach Rd Panama City Beach 32407 US,,,,
ALVIN'S ISLAND #1,14520 FRONT BEACH RD PANAMA CITY BEACH 32413 US,,,,
Tillys,201 Bluefish Dr Panama City Beach 32413 US,,,,
ALVIN'S ISLAND #7,17698 Front Beach Rd Panama City Beach 32413 US,,,,
ALVIN'S ISLAND #752,632 Old Hwy 98 Miramar Beach 32550 US,,,,
ALVIN'S ISLAND #14,1976A Scenic S. Gulf Dr Destin 32550 US,,,,
ALVIN'S ISLAND #750,34888 Emerald Coast Pkwy Destin 32541 US,,,,
USS CATALYST,11551 UNIVERSITY BLVD UNIT 10 ORLANDO 32817 US,,,,
GROUNDED,1235 OVIEDO MALL BLVD OVIEDO 32765 US,,,,
Tillys,343 North Alafaya Trail Orlando 32828 US,,,,
Journeys,777 MERRITT ISLAND CSWY MERRITT ISLAND 32952-3501 US,,321-454-6990,,
Journeys,180 SEMINOLE TOWNE CTR SANFORD 32771-7408 US,,407-324-7977,,
Tillys,239 Towne Center Circle Sanford 32771 US,,,,
PATRICK AFB MAIN STORE,1221 S Patrick Dr Patrick AFB 32925-0000 US,,,,
Tillys,1700 W New Haven Blvd Melbourne 32904 US,,,,
Journeys,1700 W NEW HAVEN AVE MELBOURNE 32904-3916 US,,321-728-3872,,
QUIKSILVER - AVENTURA MALL,"19501 Biscayne Blvd.
#1265, Aventura 33180 US",,(305) 932-9192 ,,
Tillys,2150 S. University Drive Davie 33324 US,,,,
BC SURF & SPORT,398 NE 38th STREET OAKLAND 33334 US,,,,
Tillys,11401 Pines Blvd Pembroke Pines 33026 US,,,,
QUIKSILVER OUTLET - SAWGRASS ,"12801 West Sunrise Blvd.
#811, Sunrise 33323 US",,954-838-0045,,
Tillys,9541 W. Atlantic Blvd. Coral Springs 33071 US,,,,
FLATSPOT BOARDSHOP,1267 N University Dr. Coral Springs 33071 US,,,,
Journeys,"603 LINCOLN RD, STE #150 MIAMI BEACH 33139 US",,305-672-6884,,
ALVIN'S ISLAND #18,216 Lincoln Rd Miami Beach 33139 US,,,,
SPORTS CENTER LTD,11701 NW 102ND ROAD SUITE 15 MEDLEY 33178 US,,,,
"MIA SKATEBOARDING, INC.",229 9th Street Miami Beach 33139 US,,,,
BEAUTY LOOK N.V.,10301 NW 108 AVE. SUITE 2 MIAMI 33178 US,,,,
ISLAND WATER SPORTS,1985 Ne 2Nd Street Deerfield Beach 33441 US,,,,
DUTY FREE CARIB.-BARBADOS,9505 Nw 108Th Ave. Medley 33178 US,,,,
PLATINUM SECURITY,9505 N.W. 108TH AVE Miami 33178 US,,,,
PANACHE - PO777,1951 NW 89TH PLACE MIAMI 33172 US,,,,
TAXI TRADING,9950 NW 17TH STREET MIAMI 33172 US,,,,
QUIKSILVER OUTLET - DOLPHIN MALL,"11401 NW 12th St.
#136, Miami 33172 US",,305-513-4141,,
Tillys,11401 N.W. 12 Street Miami 33172 US,,,,
PANACHE - PO888,"12600 N.W. 25TH STREET, #107 MIAMI 33182 US",,,,
PANACHE CURACAO PO555,"12600 N.W. 25TH STREET, #107 MIAMI 33182 US",,,,
PHOTO TOURS C/O,12600 NW 25TH ST. MIAMI 33182 US,,,,
Tillys,8740 Mills Drive Miami 33183 US,,,,
SHRED SHED INC.,"1101 N Dixie Hwy, # B Lake Worth 33460 US",,,,
BC SURF & SPORT,10300 W. FOREST HILL BLVD #214 WELLINGTON 33414 US,,,,
Adventure Moto,901 S Military Trail West Palm Beach 33415 US,,,,
Tillys,1731 Palm Beach Lakes Blvd. West Palm Beach 33401 US,,,,
Journeys,4125 S. CLEVELAND AVE FORT MYERS 33901-9000 US,,239-277-9412,,
ASYLUM SKATE SHOP,1460 GOLDEN GATE PKWY SUITE 104 NAPLES 34105 US,,,,
Journeys,10300 SOUTHSIDE BLVD JACKSONVILLE 32256-0770 US,,904-519-2999,,
SKATEBOARD CITY,2207 FLORIDA BLVD. NEPTUNE BEACH 32266 US,,,,
ALVIN'S ISLAND #317,581 S. COLLIER BLVD MARCO ISLAND 34145 US,,,,
Journeys,1700 W INTL SPEEDWAY BLVD DAYTONA BEACH 32114-1387 US,,386-253-3533,,
ENERGY SKATE SHOP,522 SEABREEZE BLVD. DAYTONA BEACH 32118 US,,,,
Tillys,3800 US Highway 98 North Lakeland 33809 US,,,,
Zumiez,3800 US HIGHWAY 98 NORTH LAKELAND 33809 US,,863-815-6425,,
ALVIN'S ISLAND #758,462 John Ringling Blvd Sarasota 34236 US,,,,
Journeys,3422 N W FEDERAL HWY JENSEN BEACH 34957 US,,772-692-5668,,
Zumiez,451 E ALTAMONTE DR ALTAMONTE SPRINGS 32701 US,,407-260-0173,,
GALACTIC G,2020 N. ORANGE AVE ORLANDO 32804 US,,,,
PLUS SKATE SHOP-ORLANDO,1646 EAST COLONIAL DRIVE ORLANDO 32803 US,,,,
Tillys,4967 International Drive Orlando 32819 US,,,,
Zumiez,4951 INTERNATIONAL DR ORLANDO 32819 US,,407-355-3047,,
Journeys,4973 INTERNATIONAL DRIVE ORLANDO 32819 US,,407-264-5001,,
A&M FOOTWEAR OUTLET,12376 STATE RD. 5335 ORLANDO 32836 US,,,,
Journeys,8001 S ORANGE BLOSSOM TRL ORLANDO 32809-7654 US,,407-240-5729,,
Tillys,8001 South Orange Blossom Trail Orlando 32809 US,,,,
Journeys,8200 VINELAND AVE ORLANDO 32821-6815 US,,407-239-9450,,
A&M FOOTWEAR OUTLET,7648 W. IRLO BRONSON HWY KISSIMMEE 34747 US,,,,
Tillys,2613 West Osceola Pkwy Kissimmee 34741 US,,,,
Eglin Main Store,""""" Eglin Afb 32542 US",,,,
ALVIN'S ISLAND #9,1204 Miracle Stp Pkwy Se Fort Walton Beach 32548 US,,,,
PLUS SKATE SHOP,186 Miracle Strip Parkway Fort Walton Beach 32548 US,,,,
ALVIN'S ISLAND #318,1000 Hwy 98 East Destin 32541 US,,,,
ALVIN'S ISLAND #11,1073 Hwy 98 East Destin 32541 US,,,,
ALVIN'S ISLAND #759,10271 Emerald Coast Pkwy Destin 32541 US,,,,
ROBINS MAIN STORE,982 Macon St Robins AFB 31098-0000 US,,,,
Tillys,3333 Buford Drive Buford 30519 US,,,,
"FC Skate Shop, LLC",2325 Atlanta HWY Suite 600 Cumming 30040 US,,,,
Tillys,2164 North Point Circle Alpharetta 30022 US,,,,
Op5,2871 McCOLLUM PKWY KENNESAW 30144 US,,,,
STEWART MAIN STORE,345 Lindquist Rd Ft Stewart 31314-3700 US,,,,
Journeys,"111 E PUAINAKO ST, SP 445 HILO 96720 US",,808-981-2151,,
Journeys,98-1005 MOANALUA RD #509 AIEA 96701 US,,808-487-1982,,
Journeys,1450 ALA MOANA BLVD HONOLULU 96814 US,,808-947-6344,,
Zumiez,1450 ALA MOANA BLVD HONOLULU 96814 US,,808-955-5323,,
Zumiez,2201 KALKAUA AVE HONOLULU 96815 US,,808-926-0303,,
NORTHSHORE BOARDRIDERS,66-250 Kam Hwy #G-100 Haleiwa 96712 US,,,,
Journeys,275 W KA'AHUMANU AVE #C5 KAHULUI 96732 US,,808-871-7177,,
The Buckle,"Valley View Mall, 3800 WI-16 #016 LA CROSSE 54601 US",,(608) 781-6659,,
Zumiez,3800 STATE ROAD 16 LA CROSSE 54601 US,,608-779-5751,,
Journeys,3800 STATE RD 16 #130 LA CROSSE 54601 US,,608-779-0516,,
Journeys,4444 FIRST AVE NE CEDAR RAPIDS 52402 US,,319-743-0778,,
SCHEELS,1461 Coral Ridge Avenue Coralville 52241 US,,319-625-9959,,
Journeys,1451 CORAL RIDGE AVE CORALVILLE 52241-2805 US,,319-625-2699,,
The Buckle,"Crossroads Mall, 2060 Crossroads Blvd Ste 227 WATERLOO 50702 US",,(319) 232-0455,,
Journeys,2060 CROSSROADS BLVD WATERLOO 50702-4495 US,,319-232-7238,,
SCHEELS,402 Viking Plaza Drive Cedar Falls 50613 US,,319-277-3033,,
Journeys,2801 GRAND AVE AMES 50010-4668 US,,515-663-4163,,
Journeys,3800 MERLE HAY RD DES MOINES 50310-1303 US,,515-254-2594,,
The Buckle,"Valley West Mall, 1551 Valley W Dr #113,  WEST DES MOINES 50266 US",,(515) 225-3818,,
Journeys,1551 VALLEY WEST DR WEST DES MOINES 50266-1186 US,,515-457-9977,,
The Buckle,101 Jordan Creek Parkway WEST DES MOINES 50266 US,,(515) 226-1771,,
SCHEELS,101 Jordan Creek Parkway W. Des Moines 50266 US,,515-727-4065,,
Journeys,101 JORDAN CREEK PARKWAY WEST DES MOINES 50266 US,,515-223-0403,,
BROWN'S SHOE,618 Lake Ave Storm Lake 50588 US,,,,
Tillys,320 West Kimberly Road Davenport 52806 US,,,,
Zumiez,320 WEST KIMBERLY ROAD DAVENPORT 52806 US,,563-386-3726,,
Journeys,"4500 16TH ST, #150 MOLINE 61265-7078 US",,309-797-4365,,
REALITY CHECK,1085 University Ave Dubuque 52001 US,,,,
BROWN'S SHOE FIT CO.,108 S. IOWA St. WASHINGTON 52353 US,,,,
Journeys,3001 SOUTH 144TH ST #1034 OMAHA 68144 US,,402-330-5551,,
Tillys,10000 California Street Omaha 68114 US,,,,
Journeys,10000 CALIFORNIA ST #2142 OMAHA 68114-2335 US,,402-384-8277,,
Zumiez,10000 CALIFORNIA STREET OMAHA 68114 US,,402-397-5623,,
SCHEELS,17202 Davenport Street Omaha 68118 US,,402-289-5666,,
SUN N' FUN SPECIALTY SPORTS,1605 W. 41ST STREET SIOUX FALLS 57105 US,,,,
SCHEELS,2101 West 41st Street Sioux Falls 57105 US,,605-334-7767,,
The Buckle,"The Empire Mall, 4001 W 41st St #30 SIOUX FALLS 57106 US",,(605) 361-2045,,
Tillys,4001 West 41st St. Sioux Falls 57106 US,,,,
Journeys,1000 WEST EMPIRE MALL SIOUX FALLS 57106 US,,605-362-6257,,
SCHEELS,4400 Sergeant Road Sioux City 51106 US,,712-252-1551,,
Journeys,4400 SERGEANT RD STE 104 SIOUX CITY 51106-4759 US,,712-276-1403,,
Zumiez,350 NORTH MILWAUKEE BOISE 83704 US,,208-376-9958,,
Journeys,"350 N MILWAUKEE ST, #2032 BOISE 83704 US",,208-323-0286,,
BARRIES SKI AND SPORT,624 Yellowstone Ave Pocatello 83201 US,,,,
Zumiez,4155 YELLOWSTONE AVE CHUBBUCK 83202 US,,208-637-0215,,
THE ANKLE DOWN,290 S Washington Afton 83110 US,,,,
Journeys,1300 N MAIN ST LOGAN 84341 US,,435-753-8905,,
Zumiez,1300 NORTH MAIN LOGAN 84341 US,,435-787-0482,,
AL'S SPORTING GOODS,1075 N. MAIN ST. LOGAN 84341 US,,,,
JENSON OUTDOORS,1189 WEST 1700 NORTH BLDG 1 LOGAN 84321 US,,,,
Zumiez,14700 EAST INDIANA AVE SPOKANE 99216 US,,509-927-2787,,
Journeys,14700 E INDIANA ST SPOKANE 99216-1843 US,,509-892-1537,,
SKI SHACK,9437 N GOVERNMENT WAY HAYDEN 83835 US,,,,
Journeys,2300 E 17TH ST IDAHO FALLS 83404 US,,208-525-5285,,
Zumiez,2300 EAST 17TH ST IDAHO FALLS 83404 US,,208-525-8642,,
THE NAYBORHOOD,2300 E. 17TH ST. #1122 IDAHO FALLS 83404 US,,,,
7B BOARD SHOP,121 N. 1st AVENUE SANDPOINT 83864 US,,,,
Journeys,"4750 N DIVISION ST, #2050 SPOKANE 99207-1431 US",,509-489-3036,,
Zumiez,N 4750 DIVISION ST SPOKANE 99207 US,,509-484-1128,,
SPORTS OUTLET,4505 N Division St Spokane 99207 US,,,,
SPORTS OUTLET,4505 N. DIVISION ST. SPOKANE 99207 US,,,,
Sled Shed Board Shop,49 E Main Rexburg 83440 US,,,,
HOLE IN THE WALL,1745 High School Rd Jackson 83001 US,,,,
HOBACK SPORTS,1745 HIGH SCHOOL RD STE 550 JACKSON 83001 US,,,,
SMOOTH SHOP,695 W.1700 S. BLDG 8 LOGAN 84321 US,,,,
Claudes Sports,1585 Filmore St Twin Falls 83301 US,,,,
Zumiez,1485 POLE LINE RD EAST TWIN FALLS 83301 US,,208-735-1257,,
Journeys,1485 POLELINE RD E TWIN FALLS 83301 US,,208-736-3367,,
Journeys,5101 HINKLEVILLE RD #560 PADUCAH 42001 US,,270-442-5325,,
SCOTT MAIN STORE,207 W Winters St Scott AFB 62225-1607 US,,,,
Journeys,263 ST CLAIR SQUARE FAIRVIEW HEIGHTS 62208 US,,618-632-6833,,
Zumiez,7200 HARRISON ROCKFORD 61112 US,,815-332-9162,,
Tillys,1832 S. Randall Road Algonquin 60102 US,,,,
Zumiez,1562 SPRING HILL MALL WEST DUNDEE 60118 US,,847-426-4743,,
Journeys,1600 MID RIVERS MALL ST. PETERS 63376 US,,636-397-3300,,
Tillys,2501 Wabash Ave Springfield 62704 US,,,,
SCHEELS,3801 S. MacArthur Blvd Springfield 62711 US,,217-726-6330,,
The Buckle,"Market Place Shopping Center, 2000 N Neil St #150 CHAMPAIGN 61820 US",,(217) 356-5053,,
The Buckle," Honey Creek Mall, 3401 S Us Highway 41, Ste D1b TERRE HAUTE 47802 US",,(812) 234-6092,,
Tillys,E314A Woodfield Mall Schaumburg 60173 US,,,,
Zumiez,300 WOODFIELD DR SCHAUMBURG 60173 US,,847-517-8750,,
WINDWARD BOARDSHOP,1883 2nd STREET HIGHLAND PARK 60035 US,,,,
Tillys,5411 Touhy Ave Skokie 60077 US,,,,
THE ASYLUM SKATE PARK,29850 Skokie Hwy Lake Bluff 60044 US,,,,
SHRED SHOP INC,3801 W Oakton St Skokie 60076 US,,,,
Tillys,7235 Lake St. River Forest 60305 US,,,,
Journeys,"6170 W. GRAND AVE, #827 GURNEE 60031-1701 US",,847-855-0362,,
Tillys,6170 W. Grand Ave Gurnee 60031 US,,,,
Zumiez,6170 W GRAND AVE GURNEE 60031 US,,847-856-8483,,
VIKING SKI SHOP,3422 W Fullerton Ave Chicago 60647 US,,,,
Zumiez,7501 W. CERMACK ROAD NORTH RIVERSIDE 60546 US,,708-442-9150,,
UPRISE SKATE,1820 N Milwaukee Chicago 60647 US,,,,
BOARDSPORTS UNLIMITED,204 W. STATE ST. GENEVA 60134 US,,,,
Tillys,602 Commons Drive Geneva 60134 US,,,,
Zumiez,2432 FOX VALLEY CTR DR AURORA 60504 US,,630-236-0876,,
Zumiez,310 CHICAGO RIDGE MALL CHICAGO RIDGE 60415 US,,708-424-1624,,
Zumiez,288 ORLAND SQUARE ORLAND PARK 60462 US,,708-349-0831,,
Zumiez,3340 MALL LOOP DR JOLIET 60431 US,,815-439-9105,,
Zumiez,2048 SOUTHLAKE MALL MERRILLVILLE 46410 US,,219-769-6319,,
The Buckle,"Southlake Mall, 2168 Southlake Mall #528 MERRILLVILLE 46410 US",,(219) 736-2102,,
DANS COMPETITION,One Competition Way Mount Vernon 47620 US,,,,
SOUTHPORT RIGGING,2926 75th St Kenosha 53143 US,,,,
ROGAN'S SHOES,1750 Ohio Street Racine 53405 US,,,,
Journeys,"4201 COLDWATER RD, #M10 FORT WAYNE 46805-1187 US",,260-496-8557,,
Tillys,4201 Coldwater Rd Fort Wayne 46805 US,,,,
HAWKS,1500 N. Clinton Defiance 43512 US,,,,
Tillys,2415 Sagamore Parkway South Lafayette 47905 US,,,,
HATWORLD,5304 WEST 74TH ST. INDIANAPOLIS 46268 US,,,,
Journeys,"6020 E 82ND ST, #548-A INDIANAPOLIS 46250 US",,317-841-8619,,
Tillys,6020 East 82nd Street Indianapolis 46250 US,,,,
The Buckle,"Hamilton Town Center, 13904 Town Center Blvd #100 NOBLESVILLE 46060 US",,(317) 773-1072,,
Tillys,5000 Shelbyville Rd Louisville 40207 US,,,,
ACTON ENTERPRISES,253 America Place Jeffersonville 47130 US,,,,
Journeys,"4801 OUTER LOOP, #A-232 LOUISVILLE 40219 US",,502-966-3991,,
PERFECT NORTH SLOPES,19074 Perfect Lane Lawrenceburg 47025 US,,,,
MOTO XTREMES,28081 Peartree Lane West Harrison 47060 US,,,,
Journeys,"1086 FLORENCE MALL, #1086 FLORENCE 41042-1443 US",,859-371-3305,,
Journeys,9619 COLERAIN AVE STE 18 CINCINNATI 45251-2005 US,,513-245-1300,,
Journeys,11700 PRINCETON PIKE CINCINNATI 45246-2519 US,,513-671-5799,,
KNOX MAIN STORE,Gold Vault Rd Ft Knox 40121-5720 US,,,,
Tillys,800 N. Green River Road Evansville 47715 US,,,,
Journeys,2424 US HWY 6 & 50 GRAND JUNCTION 81505 US,,970-241-1441,,
LEAVENW MAIN STORE,330 Kansas Ave Ft Leavenworth 66027-6400 US,,,,
Journeys,6986 NW 86TH TERRACE KANSAS CITY 64153 US,,816-587-1005,,
Journeys,"7700 E KELLOGG DR, #1032 WICHITA 67207-1790 US",,316-683-7444,,
Tillys,7700 E Kellogg Drive Wichita 67207 US,,,,
Zumiez,7700 EAST KELLOGG DRIVE WICHITA 67207 US,,316-688-1270,,
Journeys,"4600 W KELLOGG RD, #K-01 WICHITA 67209-2568 US",,316-942-1733,,
Journeys,2350 SE WASHINGTON BV 216 BARTLESVILLE 74006 US,,918-766-0952,,
Journeys,101 RANGELINE RD JOPLIN 64801-4118 US,,417-781-1808,,
RILEY NEW MAIN STORE,Trooper Dr Ft Riley 66442-0000 US,,,,
Journeys,100 MANHATTAN TOWN CTR MANHATTAN 66502-6079 US,,785-776-7901,,
CHAPMAN SHOE EMPORIUM,2601 N. 14th Street Ponca City 74601 US,,,,
Zumiez,11703 WEST 95TH STREET OVERLAND PARK 66214 US,,913-310-9935,,
Journeys,11683 WEST 95TH #126 OVERLAND PARK 66214 US,,913-859-9418,,
The Buckle,"Oak Park Mall, 11225 W 95th S OVERLAND PARK 66214 US",,913-599-4552,,
SCHEELS,6503 West 135th St Overland Park 66223 US,,913-897-3030,,
Tillys,5215 W. 117th St Leawood 66211 US,,,,
ESCAPIST,405 Southwest Blvd Kansas City 64108 US,,,,
ESCAPIST,880 Nw Blue Pkwy Lees Summit 64086 US,,,,
WORLDS OF FUN,4545 Worlds Of Fun Avenue Kansas City 64161 US,,,,
Journeys,"18801 E 39th St, #1012 INDEPENDENCE 64057-1731 US",,816-795-5090,,
Tillys,18813 E 39th Street South Independence 64057 US,,,,
COSMIC,250 GOLD RUSH RD. SUITE 6 LEXINGTON 40503 US,,,,
VERTICAL DROP SKI SHOP,9549 Fields Ertel Rd Loveland 45140 US,,,,
ADAMS SKI & SNOWBOARD,9549 FIELDS ERTEL RD LOVELAND 45140 US,,,,
KINGS ISLAND,6300 Kings Island Dr Kings Mills 45034 US,,,,
CAMPBELL MAIN STORE,2840 Bastogne Ave Ft Campbell 42223-5644 US,,,,
Journeys,2801 WILMA - RUDOLPH BLVD CLARKSVILLE 37040 US,,931-645-7768,,
POLK NEW MAIN STORE,7742 Colorado Ave Ft Polk 71459-6710 US,,,,
Journeys,6401 BLUEBONNET BLVD BATON ROUGE 70836-6401 US,,225-766-1997,,
BARKSDALE MAIN EXCHANGE,455 Curtiss Road Barksdale AFB 71110-0000 US,,,,
COT/BOARDSTIFF,193 Main St Falmouth 02540 US,,,,
Journeys,769 IYANNOUGH STE N125 HYANNIS 02601 US,,508-771-9417,,
BOARDING HOUSE,354 Main St Hyannis 02601 US,,,,
Journeys,101 DARTMOUTH MALL DARTMOUTH 02747 US,,508-992-7100,,
"BONEYARD, THE",47 Main Street Edgartown 02539 US,,,,
INVASION,321 RT 100 WEST DOVER 05356 US,,,,
MOUNT SNOW LTD,89 Grand Summit Way West Dover 05356 US,,,,
BRAGG N MAIN SHOP CTR,2nd & Butner Rd Ft Bragg 28307-5000 US,,,,
Journeys,250 GRANITE SP 2055 BRAINTREE 02184 US,,781-356-8193,,
Tillys,250 Granite St Braintree 02184 US,,,,
FOOT PATHS,415 Washington St Boston 02108 US,,,,
"ISLAND ELEMENTS, INC.",86 Aquidneck Ave Middletown 02842 US,,,,
NOTB SNOWBOARDS,317 S Broadway Salem 03079 US,,,,
Journeys,99 ROCKINGHAM PARK BLVD SALEM 03079 US,,603-893-1301,,
SHOEBUY.COM,36 Cabot Rd Woburn 01801-4521 US,,,,
REDS SHOE BARN,22 Plaistow Road Plaistow 03865 US,,,,
Tillys,210 Andover Street Peabody 01960 US,,,,
Journeys,310 DANIEL WEBSTER HWY NASHUA 03060-5730 US,,603-888-0700,,
KEN JONES SKI MART,195 DANIEL WEBSTER HWY NASHUA 03060 US,,,,
ALEC'S SHOE STORE,201 Main Street Nashua 03060 US,,,,
Journeys,1500 S WILLOW ST STE W149 MANCHESTER 03103 US,,603-625-2688,,
SNOWBOARD JONES,150 Kaye St Manchester 03103 US,,,,
PIONEERS BOARDSHOP,62 Lafayette Rd North Hampton 03862 US,,,,
Journeys,50 FOX RUN RD STE 106 NEWINGTON 03801-2860 US,,603-431-9893,,
Zumiez,345 US ROUTE 1 KITTERY 03904 US,,207-439-1930,,
"RED'S SHOE BARN, INC.",35 Broadway Dover 03820 US,,,,
MILTNER'S SHOES,323 GONIC ROAD #6 ROCHESTER 03839 US,,,,
STRATTON MT. RESORT,9D VILLAGE LODGE RD. STRATTON MT. 05155 US,,,,
THE FITTED JOINT,1003 E. OLDTOWN RD. CUMBERLAND 21502 US,,,,
VU SKATE SHOP LLC,7118 Harford Rd Parkville 21234 US,,,,
Journeys,8200 PERRY HALL BLVD BALTIMORE 21236-4965 US,,410-933-9715,,
PUSH CLOTHING,8200 PERRY HALL BLVD STE 2005 BALTIMORE 21236 US,,,,
Zumiez,8200 PERRY HALL BLVD BALTIMORE 21236 US,,410-931-3847,,
Skatology,139 Thomas St Bel Air 21014 US,,,,
ULLERS SKI & BOARD,2799 S. Queen St. Dallastown 17313 US,,,,
FISHBONE APPAREL,1155 Carlisle Mall Hanover 17331 US,,,,
Journeys,"2899 WHITEFORD RD, #180 YORK 17402 US",,717-600-1414,,
Zumiez,670 PARK CITY CENTER LANCASTER 17601 US,,717-394-0567,,
PIT CREW,880 N. East St. Frederick 31701 US,,,,
WHITETAIL RESORT,925 ROUNDTOP RD LEWISBERRY 17339 US,,,,
LIBERTY MOUNTAIN RESORT,925 ROUNDTOP RD LEWISBERRY 17339 US,,,,
ROUNDTOP MOUNTAIN RESORT,925 ROUNDTOP RD LEWISBERRY 17339 US,,,,
BIKLES,1 N. POTOMAC ST. HAGERSTOWN 21740 US,,,,
Tillys,1270 Carl D. Silver Parkway Fredericksburg 22401 US,,,,
Journeys,480 SPOTSYLVANIA MALL FREDERICKSBURG 22407 US,,540-548-3632,,
Backwoods Snow & Skate,1 Garfield Rd Auburn 04210 US,,,,
Long's Board Shop,209B Western Ave South Portland 04106 US,,,,
Zumiez,364 MAINE MALL ROAD SOUTH PORTLAND 04106 US,,207-253-1660,,
Intersport Madawaska Road,180 Madawaska Rd Grand-Sault E3Y 1A7 US,,(506) 475-4663,,
Sports Experts Madawaska Road,"180, Ch. Madawaska  Grand-Sault/Grand Falls E3Y 1A7 US",,(506) 475-4663,,
Sports Experts Edmundston,"33, Chemin Canada  Edmundston E3V 1T9 US",,(506) 735-8472,,
MAUREEN'S BOUTIQUE,146 Main Street Berlin 03570 US,,,,
Intersport Carrefour Lac-Mégantic,3560 Laval Street Lac Mégantic G6B 2X4 US,,(819) 583-6734,,
GUNSTOCK MOUNTAIN RESORT,719 CHERRY VALLEY RD. GILFORD 03249 US,,,,
CASUALTIES,503 N 3rd St Marquette 49855 US,,,,
Journeys,3700 RIVERTOWN PKWY #2146 GRANDVILLE 49418 US,,616-257-0611,,
Tillys,3700 River Town Parkway Grandville 49418 US,,,,
Journeys,6650 S WESTNEDGE AVE #106 PORTAGE 49024 US,,269-321-9160,,
WIND WAVES AND WHEELS,3624 29th Street SE Kentwood 49512 US,,,,
PREMIER SKATEBOARDING LLC,14 WESTON ST SE GRAND RAPIDS 49503 US,,,,
RHYTHM,418 Sheldon Ave Houghton 49931 US,,,,
Journeys,5436 W SAGINAW HWY LANSING 48917-1915 US,,517-327-0211,,
Journeys,4868 FASHION SQUARE MALL SAGINAW 48604-2702 US,,989-497-9201,,
The Buckle,"Fashion Square Mall, 4862 Fashion Square Mall #112 SAGINAW 48604 US",,(989) 797-2484,,
Boathouse Station Mall,293 Bay Street Unit B12 Sault Ste Marie P6A 1X3 US,,705-256-2229,,
Journeys,1982 W GRAND RIVER #241 OKEMOS 48864 US,,517-349-2315,,
Journeys,"3255 S LINDEN RD, #300 FLINT 48507-3011 US",,810-230-0624,,
"SHUMAKER, INC",2342 South Ballenger Hwy Flint 48503 US,,,,
Tillys,4812 South Baldwin Road Orion Township 48359 US,,,,
Journeys,"4518 BALDWIN RD, STE #845 AUBURN HILLS 48326 US",,248-745-3823,,
Journeys,"27314 NOVI RD, STE #C-150 NOVI 48377 US",,248-305-8856,,
Journeys,348 BRIARWOOD CIRCLE ANN ARBOR 48108 US,,734-222-0814,,
NORTHERN EDGE SNOW SPORTS,5711 HOLTON-WHITEWALL RD HOLTON 49425 US,,,,
MICHIGAN'S ADVENTURE,4750 Whitehall Road Muskegon 49445 US,,,,
Tillys,14600 Lakeside Circle Sterling Heights 48313 US,,,,
The Buckle,14600 Lakeside Cir #2040 Sterling Heights 48313 US,,586-532-1806,,
TGM SKATEBOARDS,183 South Main Mount Clemens 48043 US,,,,
Journeys,358 W 14 MILE RD STE 358 TROY 48083-4218 US,,248-577-9036,,
Journeys,"5001 MONROE ST, SP #1820 TOLEDO 43623 US",,419-472-2527,,
RED SKY SURF & SNOW,3135 W. Central Ave Toledo 43606 US,,,,
Journeys,STE 418 35000 W WARREN WESTLAND 48185 US,,734-513-2899,,
CORKY'S SURF SHOP,26441 GRATIOT AVE. ROSEVILLE 48066 US,,,,
ALPINE CYCLES INC,726 HURON AVE PORT HURON 48060 US,,,,
Boathouse Lambton Mall,1380 London Road Unit 126 Sarnia N7S 1P8 US,,519-541-1418,,
West 49 Tecumseh Mall,7650 Tecumseh Road East Windsor N8T 1E9 US,,519-972-3535,,
Boathouse Tecumseh Mall,"7654 Tecumseh Road E, Unit 1C04 Windsor N8T 1E9 US",,519-948-7739,,
Journeys,"23000 EUREKA ROAD, #1095 TAYLOR 48180-6039 US",,734-287-5764,,
ANIME TO SKATEBOARDS,7795 Church Grosse Ile 48138 US,,,,
BREKKENS,14136 Baxter Dr #27 Baxter 56425 US,,,,
PINEWSKI'S SKI SHOP,546 W. Main Street Anoka 55303 US,,,,
HOT SPOT,10563 University Ave Ne Minneapolis 55434 US,,,,
Journeys,239 Northtown Dr NE Minneapolis 55434 US,,763-784-6420,,
The Buckle,"The Shoppes at Arbor Lakes, 12437 Elm Creek Blvd N MAPLE GROVE 55369 US",,(763) 425-6777,,
Zumiez,6500 LABEAUX AVE NE ALBERTVILLE 55301 US,,763-497-1076,,
THE HOUSE,523 Shoreview Park Rd Saint Paul 55126 US,,,,
Zumiez,175 ROSEDALE ROSEVILLE 55113 US,,651-636-3280,,
Journeys,139 ROSEDALE CTR STE 630 ROSEVILLE 55113-3005 US,,651-636-6118,,
Zumiez,3001 WHITE BEAR AVE NORTH MAPLEWOOD 55109 US,,651-748-1142,,
Journeys,3001 WHITE BEAR AVE SAINT PAUL 55109 US,,651-777-6915,,
JOES SPORTING GOODS,33 E County rd B Saint Paul 55117 US,,,,
3RD LAIR SKATEPARK & SKATE SHOP,850 Florida Ave South Golden Valley 55426 US,,,,
FAMILIA SKATESHOP LLC,2833 HENNEPIN AVE S MINNEAPOLIS 55408 US,,,,
Zumiez,12545 WAYZATA BLVD MINNETONKA 55305 US,,952-543-0709,,
Zumiez,10 SOUTHDALE CENTER EDINA 55435 US,,952-926-1574,,
Journeys,154 N. GARDEN BLOOMINGTON 55425-5419 US,,952-858-9923,,
Tillys,246 North Garden Bloomington 55425 US,,,,
The Buckle,"Mall of America, 203 E Broadway, BLOOMINGTON 55425 US",,812-323-7141,,
Tillys,3995 Eagen Outlets Parkway Eagan 55122 US,,,,
Zumiez,236 NORTHGARDEN BLOOMINGTON 55425 US,,952-814-9260,,
TRADEHOME SHOES,8300 97th St. S. Cottage Grove 55016 US,,,,
VALLEY FAIR,One Valleyfair Drive Shakopee 55379 US,,,,
VALLEYFAIR,One Valleyfair Drive Shakopee 55379 US,,,,
ZOMBIE BOARDSHOP,15100 Buckhill Rd. Burnsville 55306 US,,,,
YOUTH SHELTER BOARD SUPPY,305 5TH AVE S. SUITE 100 ST. CLOUD 56301-4350 US,,,,
The Buckle," Crossroads Center, 4201 W Division St #24 SAINT CLOUD 56301 US",,(320) 252-8337,,
Journeys,"4101 W DIVISION ST, #B-8 ST CLOUD 56301-6600 US",,320-259-9009,,
Zumiez,4101 W DIVISION STREET SAINT CLOUD 56301 US,,320-654-1864,,
SCHEELS,40 North Waite Ave Waite Park 56387 US,,320-252-9494,,
SCHEELS,1850 Adams St Mankato 56001 US,,507-386-7767,,
Zumiez,1850 ADAMS ST MANKATO 56001 US,,507-385-0552,,
DAMAGE INC,1904 W SUPERIOR ST DULUTH 55806 US,,,,
Journeys,1600 MILLER TRUNK HWY DULUTH 55811 US,,218-786-0788,,
Zumiez,1600 MILLER TRUNK HWY DULUTH 55811 US,,218-727-4314,,
SCHEELS,505 Center Avenue Moorhead 56560-1921 US,,218-233-2751,,
Journeys,"3902 13TH AVE SW, #511 FARGO 58103 US",,701-277-5010,,
SCHEELS,1551 45th Street S Fargo 58103-0959 US,,701-298-2918,,
SCHEELS,1220 12th Street SW Rochester 55902 US,,507-529-7280,,
Zumiez,1010 APACHE MALL ROCHESTER 55902 US,,507-282-1219,,
BENDER'S SHOE,405 E. HOWARD ST. HIBBING 55746 US,,,,
Taggs Source for Sports ,240 Scott Street Fort Frances P9A 1G7  US,,807-274-2444,,
MCTAGGARTS,228 Scott Street Fort Frances P9A 1G7  US,,807-274-5371,,
SCHEELS,2800 S Columbia Rd Grand Forks 58201 US,,701-780-9424,,
EXTREME TRENDZ,3600 COUNTRY CLUB DRIVE STE 2070 JEFFERSON CITY 65109 US,,,,
LEONARDW MAIN STORE,143 Replacement Ave Ft Leonard Wood 65473-8943 US,,,,
Journeys,"2825 S GLENSTONE, #R06 SPRINGFIELD 65804-3732 US",,417-823-7095,,
Tillys,2825 S. Glenstone Ave. Springfield 65804 US,,,,
KEESLER NEW MAIN STORE,506 Larcher Blvd Keesler AFB 39534-0000 US,,,,
Zumiez,1001 BARNES CROSSING TUPELO 38804 US,,662-841-1808,,
SHERIDAN SPORT STOP,208 North Main Sheridan 82801 US,,,,
NORTH STAR ATHLETICS/TAF,1753 Us Hwy 2 Nw Havre 59501 US,,,,
SCHEELS,1121 Shiloh Crossing Blvd Billings 59102 US,,406-656-9220,,
Zumiez,300 SOUTH 24TH ST WEST BILLINGS 59102 US,,406-652-8183,,
THE SKI STATION,2132 GRAND AVENUE BILLINGS 59102 US,,,,
Journeys,"300 S 24TH ST W, SP #E5 BILLINGS 59102 US",,406-652-4767,,
SCHEELS,1200 10th Ave S. Great Falls 59405 US,,406-453-7666,,
Zumiez,1200 10TH AVENUE SOUTH GREAT FALLS 59405 US,,464-727-0643,,
SHOE SHACK,118 S. MERRILL AVE. GLENDIVE 59330 US,,,,
Zumiez,20 NORTH MAIN STREET KALISPELL 59901 US,,406-758-0226,,
H.H. Atkins Company Ltd,289 Main Street Cardston T0K 0K0 US,,403-653-3242,,
BOB WARDS,1600 North Ave #5 Missoula 59801 US,,,,
Journeys,"2901 BROOKS ST, STE #D-15 MISSOULA 59801 US",,406-542-5231,,
LIBBY SPORTS CENTER,204 W 9th St Libby 59923 US,,,,
STARBOARD,424 32ND AVE W. SUITE 23 WILLISTON 58801 US,,,,
BULL CITY RIDE SHOP,1204 E. WENDOVER AVE GREENSBORO 27405 US,,,,
ABOVE BOARD SKATESHOP OF GREENSBORO,2616 Greengate Dr Greensboro 27406 US,,,,
Journeys,Cross Creek Mall FAYETTEVILLE 28303 US,,910-864-3976,,
Tillys,109 Cross Creek Mall Fayetteville 28303 US,,,,
BRAGG S MIL SHOP PLZ,1017 Canopy Lane Ft Bragg 28307-5000 US,,,,
BEST BRAND BOOTS,307 A RALEIGH ST UNIT 1 WILMINGTON 28412 US,,,,
17TH STREET SURF SHOP,414 S College Dr Wilmington 28403 US,,,,
CAPE FEAR SURF SHOP,3229 Holden Beach Rd. Sw Supply 28462 US,,,,
TSUNAMI 8,1046 SEA MOUNTAIN HWY N. MYRTLE BEACH 29582 US,,,,
COMFORTABLE FOOTWEAR LLC,10839 KINGS RD. #704 MYRTLE BEACH 29572 US,,,,
TSUNAMI,1209 Celebrity Circle Js4 Myrtle Beach 29577 US,,,,
TSUNAMI 10,1600 N KINGS HIGHWAY MYRTLE BEACH 29577 US,,,,
TSUNAMI,1107 North Ocean Blvd Myrtle Beach 29577 US,,,,
Journeys,2000 COASTAL GRAND CIRCLE MYRTLE BEACH 29577 US,,843-839-3340,,
PIPELINE SURF SHOP,1000 SOUTH KINGS HIGHWAY MYRTLE BEACH 29577 US,,,,
TSUNAMI,1005 SOUTH KINGS HWY MYRTLE BEACH 29577 US,,,,
CHERRY LAKE II,1421 Dividend Loop Myrtle Beach 29577 US,,,,
RTX RAGE TEES & XTRAS INC,6801 Northlake Mall Dr Charlotte 28216 US,,,,
Journeys,8111 CONCORD MILLS BLVD CONCORD 28027-6462 US,,704-979-0530,,
Journeys,3 S TUNNEL RD ASHEVILLE 28805-2221 US,,828-298-1664,,
Country Casuals,1263 Brevard RD Asheville 28806 US,,,,
NU STYLE,347 WEST MAIN DR. FOREST CITY 28043 US,,,,
Journeys,"4400 SHARON RD, #K01 CHARLOTTE 28211 US",,704-367-3822,,
CAROWINDS,14523 Carowinds Blvd Charlotte 28273 US,,,,
Tillys,5512 New Fashion Way Charlotte 28278 US,,,,
SFS WAREHOUSE,111 FOX KNOLL DRIVE POWELLS POINT 27966 US,,,,
Journeys,1401 GREENBRIER PKWY SO. CHESAPEAKE 23320-2890 US,,757-424-6436,,
Journeys,4200 PORTSMOUTH BLVD #114 CHESAPEAKE 23321-2100 US,,757-465-6010,,
Journeys,701 LYNNHAVEN PKWY VIRGINIA BEACH 23452-7299 US,,757-486-7476,,
Tillys,701 Lynnhaven Parkway Virginia Beach 23452 US,,,,
Journeys,4554 VIRGINIA BEACH BLVD VIRGINIA BEACH 23462 US,,757-456-0083,,
PARADISE BEACH SHOP,114 WEST FORT MACON ROAD ATLANTIC BEACH 28512 US,,,,
Journeys,309 JACKSONVILLE MALL JACKSONVILLE 28546-7316 US,,910-355-0222,,
Zumiez,347 JACKSONVILLE MALL JACKSONVILLE 28546 US,,910-577-0076,,
The Buckle,"Jacksonville Mall, 375 Jacksonville Mall JACKSONVILLE  28546 US",,(910) 353-0064,,
Tillys,377 Jacksonville Mall Jacksonville 28546 US,,,,
IMPERIAL SKATE SHOP LLC,1314 MEMORIAL BLVD. S. MARTINSVILLE 24112 US,,,,
Apex Outfitter & Board Co.,225 N Salem St APEX 27502 US,,,,
Tillys,301 Crossroads Blvd Cary 27518 US,,,,
Zumiez,4325 GLENNWOOD AVE RALEIGH 27612 US,,919-881-1468,,
EXODUS,2051 Silas Creek Parkway Winston Salem 27103 US,,,,
SKI & TENNIS STATION,119 S. Stratford Rd. Winston Salem 27104 US,,,,
Journeys,GREENBACK LN & SUNRISE CITRUS HEIGHTS 95610-6903 US,,916-967-3227,,
Journeys,"700 HAYWOOD RD, SP #2114 GREENVILLE 29607-2721 US",,864-289-0290,,
SCHEELS,2400 10th St. SW Minot 58701-6996 US,,701-852-1010,,
Journeys,2400 10TH ST SW #216 MINOT 58701 US,,701-852-5873,,
Xs-Iv Estevan,1230 - 4th Street Estevan S4A 0W9 US,,306-634-6774,,
SCHEELS,800 Kirkwood Mall Bismarck 58504-5721 US,,701-255-7255,,
Journeys,746 KIRKWOOD MALL BISMARCK 58504 US,,701-258-1400,,
US VINTAGE,"1560 COLLINS AVE, SUITE 3 & 4 MIAMI 33139 US",,,,
OLYMPIC SOURCE FOR SPORTS,403 Stephen St Morden R6M 1T9 US,,204-822-5874,,
STARBOARD,1681 3rd Ave West #111 Dickinson 58601 US,,,,
TIME OUT SPORTS,175A Foxfire Trail Winkler R6W 0L8 US,,204-325-4284,,
THE BUCKLE INC 1,2915 W 16th St Kearney 68845 US,,,,
OFFUTT NEW MAIN STORE,106 Meyer Ave Offutt AFB 68113-4034 US,,,,
PRECISION SKATEBOARDS,2005 Y ST. SUITE B LINCOLN 68503 US,,,,
Journeys,GATEWAY MALL UNIT 204 LINCOLN 68505-2432 US,,402-465-4335,,
SCHEELS,2960 Pine Lake Road Lincoln 68516-6010 US,,402-420-9000,,
RODGERS SKI & SPORT,5 Railroad St Lincoln 03251 US,,,,
HUBERT'S DEPT. STORE,18 Roymal Lane Newport 03773 US,,,,
LAHOUTS SKI SHOP,245 Union St Littleton 03561 US,,,,
Zumiez,ROUTES 5 & 5A NEW HARTFORD 13413 US,,315-266-0612,,
DARKSIDE,2160 MOUNTAIN ROAD KILLINGTON 05751 US,,,,
DARKSIDE SNOWBOARD SHOP,2481 Killington Road Killington 05751 US,,,,
Tillys,4403 Black Horse Pike Mays Landing 08330 US,,,,
Journeys,4403 BLACK HORSE PIKE MAYS LANDING 08330-3115 US,,609-646-5240,,
Zumiez,4403 BLACK HORSE PIKE MAYS LANDING 08330 US,,609-272-8960,,
QUALITY ACESSORIES,6 HARTFORD DRIVE EGG HARBOR TOWNSHIP 08234 US,,,,
ALMO'S ALPINE SKI SHOP,3206 Fire Road Egg Harbor Township 08234 US,,,,
SURF SHACK SOUTH,657 EASY BAY AVE UNIT 13 MANAHAWKIN 08050 US,,,,
MARKLES INC,9425 Second Ave Stone Harbor 08247 US,,,,
HOMAGE,64 BERGEN ST. BROOKLYN 11201 US,,,,
"SKATEBULL, INC.",64 BERGEN ST. GROUND FLOOR BROOKLYN 11201 US,,,,
SQUARE STORES,426 5TH AVE. BROOKLYN 11215 US,,,,
CLASSIC SKATE SHOP,776 Broadway Bayonne 07002 US,,,,
J AND M SNEAKER INC.,4720 5TH AVE BROOKLYN 11220 US,,,,
QUIKSILVER OUTLET - ELIZABETH,"651 Kapkowski Road
#2222, Elizabeth 7201 US",,908-289-9135,,
Journeys,2105 WILLOWBROOK MALL WAYNE 07470 US,,973-256-0679,,
TRAVEL SKATESHOP,19a EAST WESTFIELD AVE ROSELLE PARK 07204 US,,,,
HIGH COUNTRY SPORTS,465 W Mt Pleasant Ave Livingston 07039 US,,,,
Journeys,"2655 RICHMOND AVE, #2550 STATEN ISLAND 10314-5821 US",,718-761-3709,,
WOODBRIDGE SKI AND BOARD,994 Us Rt 1 Avenel 07001 US,,,,
Journeys,391 WOODBRIDGE CTR DR WOODBRIDGE 07095 US,,732-634-0261,,
Tillys,400 Woodbridge Center Drive Woodbridge 07095 US,,,,
Zumiez,55 PARSONAGE ROAD EDISON TOWNSHIP 08837 US,,732-205-1582,,
PELICAN SPORT,2980 Route 10 Morris Plains 07950 US,,,,
Tillys,301 Mount Hope Avenue Rockaway 07866 US,,,,
Journeys,"301 MT HOPE AVE, #2022A ROCKAWAY 07866-2130 US",,973-442-9509,,
COLORADO SKI & SNOWBOARD,725 Rt 15 South Lake Hopatcong 07849 US,,,,
NJ SKATE SHOP II,160 EASTON AVE. NEW BRUNSWICK 08901 US,,,,
Lifestyle,17 Edgeboro Rd. East Brunswick 08816 US,,,,
PELICAN OUTDOOR PRODUCTS,393 Rt 18 East Brunswick 08816 US,,,,
Journeys,400 COMMONS WAY STE 355 BRIDGEWATER 08807 US,,908-685-3122,,
Zumiez,1 GALLERIA DRIVE MIDDLETOWN 10941 US,,845-692-6165,,
Journeys,1 GALLERIA DR B202 (BX55) MIDDLETOWN 10940 US,,845-692-5725,,
Zumiez,707 NESHAMINY MALL BENSALEM 19020 US,,215-953-2058,,
Zumiez,2300 E LINCOLN HWY LANGHORNE 19047 US,,215-757-3951,,
BUCKMAN'S INC.,925 Bethlehem Pike Montgomeryville 18936 US,,,,
Zumiez,274 MONTGOMERY MALL NORTH WALES 19454 US,,215-855-3537,,
BUCKMAN'S INC,635 N. Main Street Doylestown 18901 US,,,,
Journeys,1201 HOOPER AVE TOMS RIVER 08753 US,,732-736-8224,,
Tillys,1201 Hooper Ave. Toms River 08753 US,,,,
Zumiez,1201 HOOPER AVENUE TOMS RIVER 08753 US,,732-341-2037,,
BRAVE NEW WORLD,1272 Hooper Ave. Toms River 08753 US,,,,
Tillys,3710 Route 9 Freehold 07728 US,,,,
Zumiez,3710 ROUTE 9 FREEHOLD 07728 US,,732-845-2103,,
RIGHT COAST SURF SHOP,214 S. E. Central Ave Seaside Park 08752 US,,,,
BAJA EAST SURF SHOP,2600 Bridge Ave Point Pleasant Beach 08742 US,,,,
BRAVE NEW WORLD,1208 Richmond Ave Point Pleasant Beach 08742 US,,,,
QUIKSILVER OUTLET - JERSEY SHORE,"1 Premium Outlet Blvd.
Suite 231, Tinton Falls 7753 US",,732-493-4234,,
BRAVE NEW WORLD,61 Oceanport Ave. Little Silver 07739 US,,,,
Zumiez,180 NJ-35 EATONTOWN 07724 US,,732-542-1478,,
X-STYLES,1200 HIGHWAY 22 E. RM.218 PHILLIPSBURG 08865 US,,,,
STARTING GATE SPORTS,5905 MILFORD RD. EAST STROUDSBURG 18302 US,,,,
Pelican Leisure Sports P.A. Inc,"Rt 309, 1230 N. West End Blvd Quakertown 18951 US",,,,
HOMEBASE SKATESHOP,14 West 4th St Bethlehem 18015 US,,,,
Tillys,170 Lehigh Valley Mall Whitehall 18052 US,,,,
Zumiez,152 LEHIGH VALLEY MALL WHITEHALL 18052 US,,610-264-2393,,
Journeys,141 LEHIGH VALLEY MALL WHITEHALL 18052 US,,610-264-4325,,
BUCKMAN'S INC,2510 Macarthur Road Whitehall 18052 US,,,,
HALF PIPE,3982 MOUNTAIN VIEW DR. DANIELSVILLE 18038 US,,,,
LOFT,1824 SULLIVAN TRAIL TANNERSVILLE 18372 US,,,,
Zumiez,285 CROSSING FACTORY TANNERSVILLE 18372 US,,570-629-3576,,
Sport System inc.,6915 Montgomery Blvd. Albuquerque 87109 US,,,,
Zumiez,6600 MENAUL BLVD NE ALBUQUERQUE 87110 US,,505-872-1217,,
Tillys,6600 Menaul Blvd. NE Albuquerque 87110 US,,,,
Journeys,6600 MENAUL NE #2014 ALBUQUERQUE 87110-3445 US,,505-883-4282,,
Journeys,10000 COORS BLVD BYP NW ALBUQUERQUE 87114-4040 US,,505-898-9101,,
FACTORY EDGE CLOTHING,10000 COORS BYPASS NW #C03A ALBUQUERQUE 87114-4040 US,,,,
MOUNTAIN SPORTS OF ANGEL FIRE,3375 HWY 434 ANGEL FIRE 87710 US,,,,
COTTAM'S SKI & OUTDOOR,207 A Paseo Del Pueblo Su Taos 87571 US,,,,
SIPAPU RECREATION DEVELOPMENT,5524 HWY 518 VADITO 87579 US,,,,
Journeys,"700 S TELSHOR BLVD, #1144 LAS CRUCES 88011-4669 US",,575-532-5109,,
MR HATS CORPORATION,300 S EL PASO ST EL PASO 79901 US,,,,
Journeys,8401 GATEWAY BLVD W EL PASO 79925-5600 US,,915-779-7523,,
Tillys,8401 Gateway Blvd. W El Paso 79925 US,,,,
ACTION SKI & SNOWBOARD,360 Sudderth Drive Ruidoso 88345 US,,,,
Journeys,4250 CERRILLOS RD #1162 SANTA FE 87507 US,,505-424-1999,,
BEYOND WAVES,228 ORTIZ STREET SANTA FE 87501 US,,,,
NELLIS MAIN STORE,5691 Rickenbacker Rd Nellis AFB 89191-0000 US,,,,
QUIKSILVER OUTLET - LAS VEGAS NORTH,"605 South Grand Central Parkway
#1247, Las Vegas 89106 US",,702-382-7177,,
Journeys,"1300 W SUNSET RD, #2233 HENDERSON 89014 US",,702-898-3396,,
Tillys,1300 W. Sunset Rd. Henderson 89014 US,,,,
Zumiez,1300 W SUNSET RD HENDERSON 89014 US,,702-454-9946,,
Journeys,775 S GRAND CENTRAL PKWY LAS VEGAS 89106 US,,702-382-2084,,
Zumiez,3528 S MARYLAND PKWY LAS VEGAS 89169 US,,702-413-9648,,
Journeys,3564 S MARYLAND PKWY LAS VEGAS 89169 US,,702-732-8125,,
Journeys,"4300 MEADOWS LN, SP #2130 LAS VEGAS 89107-3008 US",,702-258-4794,,
Tillys,4300 Meadows Lane Las Vegas 89107 US,,,,
Journeys,3200 LAS VEGAS BLVD SOUTH LAS VEGAS 89109 US,,702-732-0130,,
Journeys,3663 S LAS VEGAS BLVD LAS VEGAS 89109 US,,702-732-9407,,
QUIKSILVER - MIRACLE MILE SHOPS,"3663 Las Vegas Blvd. South,
Space H-123, Las Vegas 89109 US",,(702) 731-1521     ,,
Journeys,7400 LAS VEGAS BLVD SOUTH LAS VEGAS 89123 US,,702-914-9982,,
Zumiez,7400 LAS VEGAS BLVD S LAS VEGAS 89123 US,,702-263-7430,,
QUIKSILVER OUTLET - LAS VEGAS SOUTH,"7400 Las Vegas Blvd South
Space B32, Las Vegas 89123 US",,702-436-5731,,
Tillys,9863 Eastern Ave. Las Vegas 89183 US,,,,
Tillys,8800 W. Charleston Blvd. Las Vegas 89117 US,,,,
Tillys,7325 Arroyo Crossing Pkwy Las Vegas 89113 US,,,,
MCGHIES SKI BIKE & BOARD,4035 S Ft Apache Rd Las Vegas 89147 US,,,,
THE COVE,2072 IDAHO STREET ELKO 89801 US,,,,
"SHORELINE WEAR, INC",49 E. Winnemucca Blvd Winnemucca 89445 US,,,,
Journeys,"1 CROSSGATES MALL, #C102 ALBANY 12203 US",,518-456-6198,,
Zumiez,1 CROSSGATES MALL RD ALBANY 12203 US,,518-218-0818,,
Zumiez,3065 ROUTE 50 SARATOGA SPRINGS 12866 US,,518-580-8945,,
DEKDEBRUN'S SNOW SPORTS,18 Washington St. Ellicottville 14731 US,,,,
Zumiez,3701 MCKINLEY PKWY BUFFALO 14219 US,,716-823-0718,,
Zumiez,655 ROUTE 318 WATERLOO 13165 US,,315-539-2092,,
BC SURF & SPORT,1 DESTINY USA DRIVE #B-115 SYRACUSE 13204 US,,,,
Journeys,9507 DESTINY USA DR SYRACUSE 13204 US,,315-474-0847,,
Zumiez,9564 DESTINY USA DRIVE SYRACUSE 13290 US,,315-466-0166,,
Brand Name Shoe Warehouse,58 Prosperity Ave Port Colborne L3K 5X9 US,,905-834-7464,,
Zumiez,1 WALDEN GALLERIA BUFFALO 14225 US,,716-651-0438,,
Tillys,185 Millcreek Mall Erie 16565 US,,,,
HERB PHILIPSON'S INC.,108 EAST SENECA ST SHERILL 13461 US,,,,
COLLIN MCBRIDE INC.,453 ROUTE 3 PLATTSBURGH 12901 US,,,,
Zumiez,155 DORSET STREET SOUTH BURLINGTON 05403 US,,802-651-7059,,
TALENT SKATE PARK & SHOP,2069 Williston Rd South Burlington 05403 US,,,,
St-Jean CANEX SuperMart 506,"25 Grand-Bernier Sud, Garnison St-Jean,  Richelain J0J 1R0 US",,450-358-7628,,
Boutique Rookery,51 Rue Richelieu Saint-Jean-sur-Richelieu J3B 6X7 US,,450-358-3535,,
Amnesia Carrefour Richelieu,"600,Pierre Caisse St-Jean J3A 1M1 US",,450-349-4488,,
Sports Experts Carrefour Richelieu,"600, Rue Pierre Caisse Saint-Jean-sur-Richelieu J3A 1M1 US",,(450) 348-0937,,
Sports Experts Delson,"59C, Route 132  Delson J5B 1H1 US",,(450) 638-8880,,
Sports Experts Châteauguay,"298, boul. D'Anjou  Châteauguay J6K 1C6 US",,(450) 699-3939,,
Outlaw Skateshop,81 Boulevard D'Anjou Chateauguay J6J 2R1 US,,450-844-3227,,
Fan Fan Soleil,209 Rue Victoria #102 Salaberry-de-Valleyfield J6T 1A8 US,,450-371-9013,,
Sports Experts / Atmosphere Valleyfield,"277, Rue Victoria  Salaberry-de-Valleyfield J6T 1A9 US",,(450) 373-4000,,
ERICK LE ROUGE,159 Rue Principale Beauharnois J6N 0J9 US,,450-225-2679,,
GUENTHER'S SKI HAUS,945 Main St Honesdale 18431 US,,,,
SNOWFLAKE SKI SHOP,245 S Transit Rd Lockport 14094 US,,,,
Zumiez,1900 MILITARY ROAD NIAGARA FALLS 14304 US,,716-297-1389,,
Arlies/Boathouse Seaway Mall,800 Niagara Street Units G7 G8 Welland L3C 5Z4 US,,905-734-6818,,
Brand Name Shoe Warehouse,6604 Lundy's Ln Niagara Falls L2G 1V2 US,,905-356-0756,,
West 49 Canada One Niagara,7500 Lundy's Lane  Niagara Falls L2H 1G8 US,,905-356-8989,,
Boathouse Niagara Outlet Collection,300 Taylor Rd Unit 509 Niagara On The Lake L0S 1J0 US,,905-708-0880,,
Shoe Company The Outlet Collection at Niagara,300 Taylor Road Unit 315 Niagara on the Lake L0S1J0 US,,905-682-7531,,
Arlies Glendale Pen Centre,221 Glendale Avenue St Catharines L2T 2K9 US,,905-684-8730,,
West 49 Pen Centre,221 Glendale Avenue  St Catharines L2T 2K9 US,,905-682-6444,,
Brand Name Shoe Warehouse,10 YMCA Dr St Catharines L2N 7R6 US,,905-646-0756,,
Brand Name Shoe Warehouse,4986 King St Beamsville L0R 1B0 US,,905-563-9762,,
Kastner's,27 First Street East Cornwall K6H 1K5 US,,613 933 7110,,
Kastners ,27 First St E Cornwall K6H 1K5 US,,613-932-8854,,
Zumiez,578 AVIATION ROAD QUEENSBURY 12804 US,,518-761-9443,,
Zumiez,454 GREECERIDGE CNTR DR ROCHESTER 14626 US,,585-720-1570,,
OLD SKULL SKATEBOARDS,2555 BAIRD RD PENFIELD 14526 US,,,,
Tillys,766 Eastview Mall Victor 14564 US,,,,
SKI COMPANY MOUNTAIN,3036 Route 64 Bloomfield 14469 US,,,,
DRUM MAIN STORE,10730A Enduring Freedom Dr Ft Drum 13602-5000 US,,,,
Revolution Skate Shop,41 King St W Brockville K6V 3P7 US,,(613) 342-3179,,
Kingston CANEX Retail 305,"CFB Kingston, 29 Niagara Park Kingston K7K 7B4 US",,613-544-6110,,
BSE Skateshop,277 Princess Street  Kingston K7L 1B3 US,,613-766-2259,,
Shoe Company Gardiners Road Power Centre,656 GardIners Road Unit 6 Kingston K7M3X9 US,,613-384-4440,,
Boathouse Cataraqui Town Centre,945 Gardiners Raod Unit U 045 Kingston K7M 7H4 US,,613-384-5079,,
Tillys,428 SouthPark Center Strongsville 44136 US,,,,
Journeys,1116 SOUTHPARK CENTER STRONGSVILLE 44136 US,,440-846-5110,,
Ski Chalet,1041 Youngstown Warren Rd Niles 44446 US,,,,
Journeys,2200 TANGER BLVD STE #915 WASHINGTON 15301 US,,724-225-4968,,
Zumiez,2700 MAIMISBURG-CENTERVIL DAYTON 45459 US,,937-432-9401,,
Tillys,4453 Glengarry Drive Beavercreek 45440 US,,,,
WRIGHT-PAT MAIN STORE,Birch St. Kittyhawk Area WPAFB 45433-0000 US,,,,
Tillys,7401 Market St. Youngstown 44512 US,,,,
ASPEN SKI & BOARD,1175 Old Henderson Rd Columbus 43220 US,,,,
EMBASSY BOARDSHOP,3347 N High St Columbus 43202 US,,,,
ASPEN SKI & BOARD,1170 E Powell Rd Lewis Center 43035 US,,,,
Journeys,653 BEAVER VALLEY MALL MONACA 15061 US,,724-774-1184,,
"SCIOTO SHOE MART, INC.",206 Jamesway Rd Marion 43302 US,,,,
VILLAGE BOARDS,25545 LORAIN ROAD North Olmsted 44070 US,,,,
WEST SIDE SKATE (OHIO),14047 Madison Ave Lakewood 44107 US,,,,
Tri-Star Skateboards,5360 BROOK PARK ROAD CLEVELAND 44134 US,,,,
"MARTINI SPORTS, LLC.",8266 Golden Lind Blvd Northfield 44067 US,,,,
Zumiez,3265 WEST MARKET STREET AKRON 44333 US,,330-835-4204,,
Journeys,1500 POLARIS PKWY #2160 COLUMBUS 43240 US,,614-785-1315,,
Tillys,3730 Easton Market Columbus 43219 US,,,,
Zumiez,100 EASTON TOWN CENTER COLUMBUS 43219 US,,614-418-9041,,
Journeys,136 Easton T. C. COLUMBUS 43219 US,,614-478-0750,,
Careless Heart,35 Hill RD S Pickerington 43147 US,,,,
CEDAR POINT,One Cedar Point Dr Sandusky 44870 US,,,,
SILL MAIN STORE,Macomb Road Ft Sill 73503-0000 US,,,,
Journeys,200 C AVE STE 33 LAWTON 73501-4600 US,,580-353-6970,,
Journeys,"7624 W RENO AVE, #D445 OKLAHOMA CITY 73127 US",,405-495-5900,,
Tillys,2240 W. Memorial Road Oklahoma City 73134 US,,,,
Journeys,"1901 NW EXPRESSWAY, #2092 OKLAHOMA CITY 73118-1607 US",,405-810-0288,,
Tillys,1901 NW Expressway Oklahoma City 73118 US,,,,
TINKER MAIN STORE,3360 N Ave Tinker AFB 73145-9083 US,,,,
Journeys,"3337 W MAIN ST, STE #337 NORMAN 73072-4806 US",,405-292-9640,,
Journeys,4901 N KICKAPOO ST #1118 SHAWNEE 74804 US,,405-275-6512,,
Tillys,,,,,
