"TECNOBICI, C.B. ","PROGRES, 24 RIPOLL (GIRONA) 17500 España",,972714252,,
FERBIKES .,"POLIGONO LES SALERES, 26 PRATS DE LLUÇANES (BARCELONA) 08513 ESPAÑA",.,938560397,cofac.237@cofac.es,
ESPORTS TRIATLO ,"AVDA. CARLEMANY, 95 EDIFICIO LES CLOSES B6 LES ESCALDES AD700 Andorra",,376820592,,
"BICICLETES CASAS, S.L. ","PONT TEIXIDOR, 26 PUIGCERDA (GIRONA) 17520 España",,972881252,,
CYCL'OLMES PYRENNES ,9 QUAD AV. DU 11 NOV. 1918 LAROQUE D'OLMES (FRANCE) 09600 FRANCE,,061015257//0682260574,cyclolmespyrennes@orange.fr,
BICICLETES TONI ,"C/ SANT BLAI, 4 MANRESA (BARCELONA) 08242 ESPAÑA",,938741269/629125225,toni@bicistoni.com,
CICLOS SANCHEZ ,"MULLERAS, 4 OLOT (GIRONA) 17800 España",,972261988,,
BICIXTREM ,"PZA. GUERNIKA, 1 BERGA 08600 BARCELONA",,938213210,bicixtrem@gmail.com,
VIVAC CAMPRODON .,"CAMI DEL MUR, 6 - NAU 1 CAMPRODON - GIRONA 17867 ESPAÑA",.,972 130 426,vivac@esportsvivac.com,
BICICLETES VILA ORS ,"C/ REMEI, 53 VIC (BARCELONA) 08500 ESPAÑA",www.vilaors.com,938850597,vilaors@yahoo.es,
ARTES BIKE ,"C/ ROCAFORT, 40 ARTES (BARCELONA) 08271 ESPAÑA",,938202195,,
Rijwielen De Meester ,Antwerpsestraat 68 NIEL 2845 België,www.rijwielendemeester.be,038881035,rijwielendemeester@yucom.be,
Bike Repair Bjarne ,Langestraat 45 NEERIJSE 3040 B,,0478604066,bikerepairbjarne@hotmail.com,
VML Service ,Boulezlaan 6 WAREGEM 8790 België,,0476249413,vmlservice@telenet.be,
"Deprez, Eddy ",Paalsesteenweg 322 PAAL 3583 België,,011423970,,
Rob Smeets Rijwielen ,Bunderstraat 204 MEERSSEN 6231 EN Nederland,www.robsmeetsrijwielen.nl,043-3655269,robsmeetsrijwielen@gmail.com,
Baurir Sport ,Rue de Ternia 41 TREIGNES 5670 Belgique,,047659494,,
Cachera Sport sprl ,Rue Petit Piersoulx 1 Gosselies B-6041 Belgie,www.cachera.be,0032 (0)71 346 250,anthony@cachera.be,
Mobibike ,Groendreef 53 LOKEREN 9160 België,www.mobibikes.be,093608583,info@mobibikes.be,
Fietsen Mark Verbist ,Molenstraat 34 HOEVENEN 2940 België,www.fietsenverbist.be,036647315,verbist.mark@telenet.be,
"De Coninck, Hilaire ",Dorpelstraat 32 KAMPENHOUT 1910 België,,016655329,hilaire.deconinck@skynet.be,
Garage GHM Sprl ,12 Route de Hotton RENDEUX 6987 België,,084477387,,
Meirhaeghe-Van Woensel ,Varentstraat 21 WERCHTER 3118 België,www.fietsentuincentrum.be,016533594,kurt.meirhaeghe@tiscali.be,
"De Wever, Eric ",Oude Zoerlebaan 32 WESTERLO 2260 België,www.ericdewever.be,016696736,info@ericdewever.be,
Fietscenter Luc ,Elzenstraat 39 WESTMEERBEEK 2235 België,www.fietscenterluc.be,01-680662,fietscenter.luc@skynet.be,
NV Fietsen Claessens ,Mechelsesteenweg 8 WILLEBROEK 2830 België,www.fietsen-claessens.be,038866270,fietsen.claessens@telenet.be,
Fietsen Saman Bvba ,Bredabaan 536 WUUSTWEZEL 2990 België,www.saman.be,036632774,info@saman.be,
Fietsen Verheyen ,Antwerpsestraat 26 DIEST 3290 België,www.fietsenverheyeb.be,013777880,info@fietsenverheyen.be,
TMN Bike-Service ,Schrnerweg 86 MAASTRICHT 6224 JJ Nederland,www.tmnbikeservice.nl,043-8526795,info@tmnbikeservice.nl,
Brosens Peter ,Stevennekens 179 RIJKEVORSEL 2310 België,www.fietsenbrosens.be,033091212,brosens.fietsen@telenet.be,
Trim Vélo ,Langdorpsesteenweg 63 AARSCHOT 3200 België,www.trimvelo.be,016563068,geert@trim.be,
Fietsen Vandeputte ,Wittelstraat 69 Zingem 9750 Belgie,www.fietsenvandeputte.be,0032-93847084,info@fietsenvandeputte.be,
Fietsspeciaalzaak Surplace ,Kortrijksesteenweg 263 Harelbeke 8530 Belgie,www.fietsensurplace.be,0032-56520755,info@fietsensurplace.be,
SDR Bike ,Chaussée de Namur 123 a GEMBLOUX 5030 België,,081613330,sebre@outlock.be,
Le Ravito ,Avenue Franklin Roosevelt 4 VISE 4600 België,www.ulrichbikes.be,043740131,leravitocafevelo@gmail.com,
FY Bikes ,Proefbosstraat 60 HOESELT 3730 België,www.fietsenyves.com,089249244,yves.blokken@hotmail.com,
Pro Cycle ,28 Rue de Gurhaumont JEHONVILLE 6880 België,www.procycle.be,061534007,contact@procycle.be,
Dom Bike ,Chaussée de Couvin 23 CHIMAY 6460 Belgique,,0032-60213961,dombike@skynet.be,
Raf Wauters ,Damstraat 60 HAMME 9220 België,,052476666,raf.wauters@planetinternet.be,
Vercammen Fietsen ,Zandstraat 25 HAASDONK 9120 België,,037750711,fietsen.vercammen@pandora.be,
Fietsen Vanbergen ,F. Jacobslaan 56 HALEN 3545 België,www.fietsen-vanbergen.be,013442297,fietsen.vanbergen@skynet.be,
Carbon Bikes ,Westerlosesteenweg 64 HEIST OP DEN BERG 2220 België,www.carbonbikes.be,0494236667,carbonbikes@scarlet.be,
Sprl Symens Cyclos SRV ,"18 Rue de Rixensart, B 10 GENVAL 1332 België",,026530847,symens-cyclos-sr@hotmail.com,
Alexis Bikes ,Larestraat 31 LOVENDEGEM 9920 België,www.alexisbikes.be,093726417,contact@alexisbikes.be,
Fietsen DR Bikes ,Steenweg op Ravels 56 OUD-TURNHOUT 2360 België,www.drbikes.be,014427869,drbikes@skynet.be,
Fietsen Feyen ,Bovenlinde 31 PEER 3990 België,,0479692727,wernerfeyen@live.be,
PDG Bikestore ,Baarledorpstraat 31 Drongen 9031 Belgie,http://pdgbikestore.be/,+32(0)476 201164,pdgpal@telenet.be,
Technic Cycles ,Rue de Namur 548 CHATELET 6200 België,www.tech-nic-cycles.be,071389993,techniccycles@skynet.be,
"Dierickx, Adrien ",Stationsstraat 52 LOCHRISTI 9080 België,www.fietsendierickx.be,093550245,dierickx.adrien@skynet.be,
Le Comptoir du Cycle.be ,Chaussée de St-Job UCCLE 1180 België,www.lecomptoirducycle.be,023722829,info@lecomptoirducycle.be,
Tweewielershop Erckens ,Halveweg 49 ZONHOVEN 3520 België,www.erckens.be,011813390,info@erckens.be,
Lievens Bikerepair ,Edgard Tytgatlaan 12 Kortrijk 8500 Belgie,www.lievens-bikerepair.be,+32 (0)497712174,info@lievens-bikerepair.be,
Marco´s Vélo Shop ,Wijkstraat 161 a TONGEREN 3700 België,www.marcoveloshop.com,012393966,info@marcosveloshop.com,
BVBA Rijwielen Bertels Alois ,Smidstraat 237 BERLAAR 2590 België,www.fietsen-bertels.be,034821844,alois.bertels@proximedia.be,
"Cycles Lievens, Alois ",5 Rue Blanche WIERS 7608 België,,069226610,Siracuse1@hotmail.com,
Morjean Stefaan ,Chaussée de la Libération 5 MONT-DE-LENCLUS 7750 België,,069455354,s-morjean@tiscali.be,
Wielercenter Wellens Bvba ,Borgwormsesteenweg 28 BRUSTEM 3800 België,www.wielercenterwellens.com,011874342,wellwns.wielercenter@pandora.be,
Franky Cycling Solutions ,Waterhoek 19 AVELGEM 8580 België,,0032-486946942,fvanhaes@skynet.be,
Fietsen De Wachter ,Stationsstraat 36 BORNEM B-2880 Belgie,www.fietsendewachter.be,+32 (0)388-90077,info@fietsendewachter.be,
Deva Cycling ,Kortrijksestraat 145 HEULE 8501 België,,0477214574,devacycling@telenet.be,
Bieke's Bike Repair ,Reigerstraat 22 a OOSTERZELE 9860 België,www.biekesbikerepair.be,093353604,bieke.boulaert@telenet.be,
"Cycles Cammaerts, Patrick ",Rue Aimable Vigneron-Colin 27 FLAWINNE 5020 België,,081746623,cammaertspatrick@hotmail.com,
XTR-Shop.be bvba ,Kapelstraat 137 HOBOKEN 2660 België,www.xtr-shop.be,038258905,jan@xtr-shop.be,
Jacky Sport Ronse ,Zonnestraat 163 RONSE 9600 België,www.jacky-sport.be,055211530,jacky.sport@telenet.be,
Profile |Luverdy ,Van de Wiellei 96 BRASSCHAAT 2930 België,www.luverdy.be,036513969,info@luverdy.be,
Mobibikes ,Groendreef 53 LOKEREN 9160 België,www.mobibikes.be,093608583,info@mobibikes.be,
Ludo Belmans Fietsen ,Broekzijstraat 21 LILLE 2275 België,www.fietsenbelmans.be,014881542,fietsenbelmans@hotmail.com,
Serpenti Cycling ,Steenstraat 15 HULST 4561 AR Nederland,,0114-322600,serpenticycling@tiscali.nl,
Jacobs Bruno ,Jan de Cordesstraat 96 BEERZEL 2580 België,www.brunojacobs.be,01575 935,bruno@fiets-brom.be,
Fietsen Servaas ,Weversstraat 7 ASSE 1730 België,www.fietsenservaas.be,0032-25691179,servaes.haesen@qmail.com,
Van Eyck Sport ,Gentsesteenweg 89 AALST 9300 België,www.vaneycksports.com,053781278,bjorn@vaneijcksports.com,
V.C. Fietsen bvba ,Leuvensesteenweg 52 HEVER-BOORTMEERBEEK B-3191 Belgie,www.vcfietsen.be,0032 (0)15-270600,info@vcfietsen.be,
Cycles Fabbri ,Rue Arsène Falla 11 RETINNE 4621 België,www.fabbri.be,041588354,cicli.fabbri@gmail.com,
Dima Bvba ,Bogaerdenstraat 37 ZOUTLEEUW 3440 België,www.dima-bvba.be,011781446,dirk.huypens@skynet.be,
Fietsen Ludwig D'hose ,Tempel 70 LIERDE 9572 België,,0032-55426128,ludwig.fietsen.dhose@telenet.be,
Cycles Debuysschere ,Rue de la Folie 2 OEUDEGHIEN 7911 België,,068568008,jurgendebuysschere@yahoo.fr,
Pro Cycle ,Chaussée de Bruxelles 372 WATERLOO 1410 België,,026444866,pro-cycle@outlook.com,
Ghislain Cycles ,Sint-Jobstraat 126 b BOLDERBERG-ZOLDER 3559 België,www.ghislaincycles.be,011255852,ghislain.cycles@telenet.be,
Fietsen Magali ,Veldbornstraat 11 TIENEN 3300 België,www.fietsenmagali.be,016819354,wilfried.loyaerts@skynet.be,
Fietsen Minne ,Oostdreef 60 WAKKEN 8720 België,www.fietsenminnen.be,056602270,Info@fietsenminne.be,
Re-Cycle.be ,Kruisstraat 5 LOVENJOEL 3360 België,222.re-cycle.be,0468357035,info@re-cycle.be,
De Velo-droom Bvba ,Grote Steenweg 33 a ZEVERGEM 9840 België,www.veledroom.be,093294941,kurt.verbeken@velodroom.be,
Chaos Carbon Bikes BVBA ,Zandstraat 56 KWAADMECHELEN 3945 België,www.chaos-carbon.com,013296447,chaos-carbon@telenet.be,
Christophe Bikes ,Lindestraat 93-95 SINT GENESIUS RODE 1640 België,,0032-23811540,,
Pago Bikes ,Hoge Avrijestraat 42 ERTVELDE 9940 België,www.pago-bikes.be,047748497,patrickgoossens1@telenet.be,
Van de Velde Fietsen Bvba ,Kapelstraat 83 DUFFEL 2570 België,www.vandevelde-fietsen.be,015311399,info@vandevelde-fietsen.be,
Odilon Daels ,Wevelgemstraat 41 LAUWE 8930 België,www.fietsendaels.be,056411336,odilon.daels@telenet.be,
Fietsen Rogiers Bvba ,Mastrichterstraat 21 BILZEN 3740 België,www.fietsen-rogiers.be,012451546,info@fietsen-rogiers.be,
Dewa Sport ,Massemesteenweg 169 MASSEMEN-WETTEREN 9230 België,www.dewasport.be,092798140,info@dewasport.be,
Fietsen Dours ,Holbeek 27 MERCHTEM 1785 België,www.fietsendours.be,052374491,fietsendours@skynet.be,
Cycles Bernard Barbette ,Rue Rutxhiel 1 LIERNEUX 4990 België,,080319640,cyclesbarbette@skynet.be,
Fietsen Haverbeke Bvba ,Oostrozebekestraat 75 INGELMUNSTER 8770 België,www.fietsenhaverbeke.be,051803020,fietsherstellingen.niels@telenet.be,
Xbike ,Chaussée de Bruxelles 14 TOURNAI 7500 België,www.xbike.be,069232229,info@xbike.be,
ST-Bikes ,Langestraat 108 HOLSBEEK B-3220 Belgie,www.st-bikes.be,0032-471838164,info@st-bikes.be,
Best Bikes ,Brusselbaan 17 Steenhuize-Wijnhuize 9550 Belgie,www.bestbikes.be,+32 54 25 46 45,info@bestbikes.be,
De Fietsboetiek GCV ,Kukkelbosstraat 41 b DIEPENBEEK 3590 België,,0477307875,"defietsboetuiek01""gmail.com",
Becque NV 2-Wielers ,Landuitstraat 226 DENDERLEEUW 9470 België,www.2-wielersbecque.be,053667698,info@2-wielersbecque.be,
Fun Bike Cycle Shop ,100 Rue des Soldats BRUXELLES 1082 België,www.funbike.be,024691979,funbike@skynet.be,
Espace Bike S.A. ,Rue de Grand Courant 10 CUESMES 7033 België,www.espacebike.be,065842737,pierre@espacebike.be,
Mega Cycle ,Vichtesteenweg 169 DEERLIJK 8540 België,www.mega-cycle.be,056774546,info@mega-cycle.be,
Fietsen Feyaerts ,Duisburgstraat 7 a OVERIJSE 3090 België,,0476240003,tom.feyaerts@hotmail.com,
Fietsen Michiels ,Traveins 59 SINT-GORIKS-OUDENHOVE 9620 België,,093605763,kristof@michielsfietsen.be,
Bvba Fietsen Mast ,Milostraat 10 MOL 2400 België,www.fietsenmast.be,014311311,info@fietsenmast.be,
No Limit Bikes ,Maastrichtersteenweg 81 VROENHOVEN 3770 België,,012-225165,info@nolimitbikes.be,
The Bike Repair ,Dam 9 Sint-Gillis-Waas 9170 Belgie,www.thebikerepair.be,+32 (0) 468328887,thebikerepair@telenet.be,
Rijwielen L. Dhondt ,Oudenaardseheerweg 7 NAZARETH 9810 België,www.rijwielendhondt.be,09-3843287,rijwielendhondt@telenet.be,
Fietsen Saman Sint-Lenaarts ,Prinsstraat 2 SINT-LENAARTS 2960 België,www.saman.be,035023320,sint-lenaarts@saman.be,
Speedbike ,Rue de Bouillon 1 b BIEVRE 5555 België,www.speed-bike.be,0476679310,speedbike@skynet.be,
Labiecyclette ,Dokter Vanderhoeydonckstraat 39 b lummen 3560 België,www.labiecyclette.be,013305170,info@labiecyclette.be,
B-Cycling ,Bavikhoofsestraat 61 BAVIKHOVE B-8531 Belgie,www.b-cycling.be,+32 (0)475296330,bart@b-cycling.be,
Van Eyck Sport ,Waterstraat 31 GEEL 2440 België,www.vaneycksports.com,014589317,tessenderlo@vaneycksports.com,
Steyaert Bikes ,Kerkstraat 109 HUMBEEK 1851 België,bart.steyaert@myway.be,0473170452,,
Cyclo Gino ,Oude Heirbaan 72 DEINZE 9800 België,www.cyclogino.be,0476992913,cyclo.gino@gmail.com,
Biking Fietsshop ,Lazarijstraat 1 Bus 1 HASSELT 3500 België,,011872101,rijwielrose@hotmail.com,
B Bikes ,Rue de l'Esplanade 25 BANNEUX B-4141 ,www.bbikes.be,0499521791,benoitbanneux@skynet.be,
Ster* Bike BVBA ,Mechelsesteenweg 134 STERREBEEK 1933 België,www.ster-bike.be,027318017,info@ster-bike.be,
Gino Vervecken ,Zandstraat 33 HAM B-3945 Belgie,www.chaos-carbon.com,0032 (0)499-230618,chaos-carbon@telenet.be,
Mettet 2 Roues ,Rue de Saint-Donat 56 METTET 5640 België,,0495531286,fredo13@live.be,
Fietsen Kurt Dams Bvba ,Oude Geelsebaan 25 VEERLE-LAAKDAL 2431 België,www.fietsenkurtdams.be,014841924,kurt.dams@pandora.be,
Guido Janssens Fietsen ,Kerkstraat 135 STEKENE 9190 België,www.fietsenjanssens.be,037890610,guido_janssens@myonline.be,
Bosch Sport Bvba ,Ferdinand MaesstraatT 74 WAARLOOS 2550 België,www.boschsport.be,015315954,patrick.bosch@skynet.be,
Shelter A. Ott - Fahrradwerkstatt ,Kirchweg 29 Sarmenstorf 5614 Switzerland,,056-667.42.61,shelter.bw@sunrise.ch,
Cicli Rivolta Sagl ,Piazza Orico 7 Bellinzona 6500 Switzerland,,091-825.26.65,cicli.rivolta@gmail.com,
Waldispühl Livio - Radsport ,Heiterhus Eschenbach 6274 Switzerland,www.facebook.com/RadsportWaldispuhl,041-448.14.15,radsport.waldispuehl@gmx.ch,
Bike Hüsli ,Eggstrasse 1 Wettswil 8907 Switzerland,www.bikehuesli.ch,078 795 48 66,bikehuesli@bluewin.ch,
Weber Hansjörg - Ciclosport ,Zinggenstrasse 2 Mollis 8753 Switzerland,www.ciclo-sport.net,055-612.40.43,info@ciclo-sport.net,
Baumann Rainer - Bike Baumann ,Bahnhofstrasse 13 Schlieren 8952 Switzerland,www.bikebaumann.ch,043-433.89.17,info@bikebaumann.ch,
A-Team Achermann GmbH ,Richensee 4 Hitzkirch 6285 Switzerland,www.a-team-achermann.ch,041-917.05.79,info@a-team-achermann.ch,
Leupi Hans GmbH - Zweiräder ,Luzernerstr.38 Meggen 6045 Switzerland,www.leupimoto.ch,041-377.38.55,info@leupimoto.ch,
Napf-Garage GmbH ,Dorfstrasse 44 Hergiswil b. Willisau 6133 Switzerland,www.napfgarage.ch,041-979.11.26,napfgarage@zapp.ch,
Hischier Ernst ,Hisport Oberwald 3999 Switzerland,www.hisport.ch,027-973.11.03,info@hisport.ch,
Velo Metzg GmbH ,Dorfstrasse 23 Unterwasser 9657 Switzerland,www.velometzg.ch,071-999.94.90,info@velometzg.ch,
Erbetta Maurizio - Cyclo-Sport ,Rte de Chippis Chalais 3966 Switzerland,www.cycles-erbetta.ch,027-458.46.25,cyclo-sports@bluewin.ch,
Musso Alessandro - Moto Musso ,Wilerstr.53 Schwarzenbach 9536 Switzerland,www.motomusso.ch,071-980.04.44,aless@motomusso.ch,
Kurcz Peter - Velo Kurcz ,Rapperswilerstr. 80 Rüti 8630 Switzerland,www.velo-kurcz.ch,055-240.37.87,info@velo-kurcz.ch,
Lussi Armin - King's Bike Shop Lussi ,Ed.-Huber-Strasse 9 Grosswangen 6022 Switzerland,,041-980.11.58,kingsbike@bluewin.ch,
Sportpark Aare-Rhein AG ,Döttingerstr. 15 Würenlingen 5303 Switzerland,www.sportpark-aare-rhein.ch,056-281.29.90,info@bicycle-adventure.com,
Ackermann Marius ,Industriestrasse 22 Kestenholz 4703 Switzerland,www.mariusackermann.ch,062-393.29.88,ackmarius@hotmail.com,
Altermatt Martin - RMbikes ,Neudorfstrasse 7 Menzingen 6313 Switzerland,rmbikes.ch,041-530.08.98,martin@rmbikes.ch,
Schweizer Kurt - Bike Store ,Furkastrasse 15 Fiesch 3984 Switzerland,www.bikestore-schweizer.ch,027-971.30.71,info@bikestore-schweizer.ch,
Sottile Mikael - Veloschmiede ,Schlossgasse 11 Zürich 8003 Switzerland,,077-426.18.93,info@veloschmiede.com,
Grossen Sport GmbH - Bike-Shop ,Usseri Hauptstrasse Kandersteg 3718 Switzerland,www.grossen-sport.ch,033-675.00.16,info@grossen-sport.ch,
Ciclosport AG ,Seestrasse 631 Meilen 8706 Switzerland,www.ciclosport.ch,044-910.80.88,savardi@ciclosport.ch,
Viamala Sportwerkstatt GmbH ,Schützenweg 1 Thusis 7430 Switzerland,www.viamalasportwerkstatt.ch,081-651.52.53,info@viamalasportwerkstatt.ch,
La Macchia Zweirad-Shop GmbH ,Bahnhofstrasse 16 Othmarsingen 5504 Switzerland,www.la-macchia.ch,062-896.18.16,info@la-macchia.ch,
Gaberthül Othmar - Velos Motos ,Bernstrasse 41 Bützberg 4922 Switzerland,,062-963.21.41,,
Philipona Thomas - Velos Motos 2 Rad,Oberlandstrasse 15 Tentlingen 1734 Switzerland,,026-418.36.66,tomphil@gmx.ch,
Sport Beat Brigels/Flims AG ,Via Nova 49 Flims Dorf 7017 Switzerland,www.sportbeat.ch,081-911.33.21,info@sportbeat.ch,
Cycles Passion SA ,Chemin des Crêts 8 Bulle 1630 Switzerland,www.cycles-passion.ch,026-913.17.07,info@cycles-passion.ch,
Velotopica Cocchi - Inh. Cocchi Renato ,Flüelerstr. 54 Altdorf 6460 Switzerland,www.velotopica.ch/,041-871.11.05,velo@velotopica.ch,
Active Sport-Management GmbH ,Ernetschwilerstrasse 5 Gommiswald 8737 Switzerland,active-sport-management.jimdo.com,055-280.12.09,m.bohli@bluewin.ch,
Kuriger 2-Rad / Motorgeräte GmbH ,Etzelstrasse 22 Einsiedeln 8840 Switzerland,www.kurigerbike-motorgeraete.ch,055-412.44.01,andre.kuriger@bluewin.ch,
D'Angelo Aurelio - Aurelio's Velo Shop ,Karrenstrasse 1 Küsnacht 8700 Switzerland,,044-912.20.00,aurelio.dangelo@ggaweb.ch,
Lemon Cycles GmbH ,Burgdorfstr. 23 Oberdiessbach 3672 Switzerland,,031-771.02.10,info@lemon-cycles.ch,
Lampart Beat - Lampi's Velo ,Hauptstrasse 28 Lostorf 4654 Switzerland,www.lampis-velolaedeli.ch,062-298.31.21,lampi.velo@bluewin.ch,
Noy Mou - Mobikes ,Rue Simplon 6 Fribourg 1700 Switzerland,www.mobikes-fribourg.ch,026-321.31.24,mobikes@bluewin.ch,
HUPFER GMBH RADSPORT,BUNDESSTR. 14 LAUCHRINGEN 79787 Germany,,07741/3289,,
Zweiradsport Staub GmbH - PGO Scooter ,Dorfstrasse 42 Hirzel 8816 Switzerland,www.zweiradsport-staub.ch,044-729.85.85,info@staub-hirzel.ch,
RIEDL LEIRER MONIKA RADSPORT,FRIEDRICHSTR. 92 BAD SÄCKINGEN 79713 Germany,www.fahrrad-riedl-leirer.de,07761/92130,mail@fahrrad-riedl-leirer.de,
Zimmermann Peter - Zimmermann-Bike.CH ,Bärenstutz 1 Blumenstein 3638 Switzerland,www.zimmermann-bike.ch,033-356.35.52,info@zimmermann-bike.ch,
Gräub Walter - 2-Rad Fachgeschäft ,Grabengasse 20 Lichtensteig 9620 Switzerland,,071-988.34.60,graeub2rad@bluewin.ch,
2-Rad Bärtschi GmbH ,Dorfstrasse 67 Trubschachen 3555 Switzerland,www.2-rad-baertschi.ch,034-495.54.73,2rad-baertschi@bluewin.ch,
Schaffter Yves - Cycles Motos ,Au Village 28 Glovelier 2855 Switzerland,www.schaffter.ch,032-426.76.55,y.schaffter@bluewin.ch,
RK Scooter  ,Rue des Amandiers 1 Sion 1950 Switzerland,,027-322.10.33,renekurz@vtxnet.ch,
Profil-Sport Sàrl ,Rte de la Glâne 26A Fribourg 1709 Switzerland,www.profil-sport.ch,026-422.12.12,info@profil-sport.ch,
Pro Cycles Associes Sàrl ,Zi La Palaz C 7 Payerne 1530 Switzerland,www.procycles.ch,026-660.15.73,info@procycles.ch,
Bachmann René - Bachmann's Bikestatt ,Hofwiesenstrasse 4 Hombrechtikon 8634 Switzerland,,055-244.35.36,info@bikestatt.ch,
Ackle Andreas - 2-Rad Ackle ,Landstrasse 8 Gipf-Oberfrick 5073 Switzerland,www.2rad-ackle.ch,062-871.04.53,info@2rad-ackle.ch,
"Centre 2 Roues, M. Kilchoer SA ",Rte de Fribourg 73 Courtepin 1784 Switzerland,,026-684.23.13,mario.kilchoer@bluewin.ch,
Baumgartner Beat - Bedovelo ,Mühlegasse 21 Wohlen bei Bern 3033 Switzerland,bedovelo.ch,031-829.25.58,beat@bedovelo.ch,
Cycles Schwarzbarth GmbH ,Hauptstr.46 Birsfelden 4127 Switzerland,www.schwarzbarth.ch,061-311.54.31,info@schwarzbarth.ch,
Lancelot Beratungs AG - Velopalast + Fitness Shop Zürich ,Schaffhauserstr. 550 Zürich 8052 Switzerland,www.velopalast.ch,044-463.11.63,daniel.schweitzer@fszh.ch,
Atzeni Giuseppe - Atzeni Services Atzeni,Kreuzstrasse 39 Siebnen 8854 Switzerland,www.atzeni-race.ch,055-440.42.79,giusi.atzeni@hotmail.com,
Garage Erb GmbH - X - dreambike.ch ,Baslerstrasse 24 Umikon 5222 Switzerland,,056-450.28.28,infp@x-dreambike.ch,
Bigger  - Velos Motos ,Sarganserstrasse 11 Bad Ragaz 7310 Switzerland,www.biggerzweirad.ch,081-302.15.72,info@biggerzweirad.ch,
Hafner Michel - Bike Racingshop ,Rainweg 20 Balsthal 4710 Switzerland,www.bike-racing.ch,062-391.42.52,michels.bike-shop@ggs.ch,
Tommys Bike Planet GmbH ,Marktgasse 18 Kloten 8302 Switzerland,www.tommysbikeplanet.ch,044-881.42.45,info@tommysbikeplanet.ch,
Velo Peter GmbH ,Winterthurerstr. 45 Sirnach / Hofen 8370 Switzerland,www.velopeter.ch,071-966.49.88,info@velopeter.ch,
Bobike GmbH ,Seestrasse 113B Uster 2 8612 Switzerland,www.bobike.ch,043-497.87.17,bobike@bluewin.ch,
Ineichen Monika - Velos Mofas ,Haupstrasse 58 Luzern 6015 Switzerland,velos-ineichen.ch,041-260-41.55,info@velos-ineichen.ch,
Joerg August - Velos-Motos ,Hauptstrasse 32 Islikon 8546 Switzerland,,052-375.12.23,,
Bike Cicli Chiandussi Sagl ,Via Muraccio 6 Ascona 6612 Switzerland,www.chiandussibike.ch,091-780.55.42,chiandussibike@tidata.net,
Aebi Fritz - Biri-Bikes ,Hofmattstr. 2 Aarburg 4663 Switzerland,www.biri-bikes.ch,062-791.55.44,biri-bikes@gmx.ch,
DIE SPEICHE RADHAUS ,TUMRINGERSTR. 224 LÖRRACH 79539 Germany,www.speiche.net,07621/44681,diespeiche@arcor.de,
RADSPORT GMBH INH. KÖBI WALLIMANN,KIRCHSTR. 16 JESTETTEN 79798 Germany,,07745/1215,,
Outlet Superdiscout AG ,Hauptstrasse 95 Ipsach 2563 Switzerland,,032-331.25.10,mail@outlet24.ch,
Brenn Stefan - Steffi Velosport ,Richtstr.4 Chur 7000 Switzerland,www.steffi.ch,081-284.22.88,info@steffi.ch,
Emmenegger Willi - Zweiräder ,Hinter-Kirchen Doppleschwand 6112 Switzerland,www.nummer10.ch,041-480.25.68,info@nummer10.ch,
Hadorn Velos Motos GmbH - Velos Motos ,Oberdorf 4 Wattenwil 3665 Switzerland,de-de.facebook.com/vm.hadorn,033-356.11.36,vm.hadorn@hispeed.ch,
Bike Center Hegnau GmbH ,Lindenstrasse 6 Hegnau-Volketswil 8604 Switzerland,www.bike-center-hegnau.ch,044-946.18.08,info@bike-center-hegnau.ch,
Tandem Schweiz AG ,Bahnhofstrasse 37 Wolhusen 6110 Switzerland,www.tandemschweizag.ch,041-490.20.00,cmschneider@bluewin.ch,
Schmutz Sport AG - Velos Motos ,Hauptstrasse 72 Oberdorf 4436 Switzerland,,061-965.93.00,info@schmutzsport.ch,
Royl Cycles Namasivayam + Co - Veloladen und Werkstatt ,Steinbachstrasse 25 Belp 3123 Switzerland,www.royal.ch,031-558.58.07,aje@royl.ch,
Stillhart Roland - Veloziped ,Abt-Bedastrasse 30 Sonnenthal 9245 Switzerland,,071-950.22.49,info@velozi-ped.ch,
Lachat Henri - E-Space Vélos Jura ,Rue des Tilleuls 1 Develier 2802 Switzerland,www.espacevelos.ch,079-282.30.03,espacevelos@gmail.com,
PACEMAKER SPORTS KG ,SIEMENSSTR. 7 LAUCHRINGEN 79787 Germany,,07741/8353735,info@pacemaker-sports.de,
Maissen Velos-Motos - Inh. Thomas Maissen ,Via Nova 40 Domat-Ems 7013 Switzerland,,081-633.36.33,mkmaissen@freesurf.ch,
Fischli Bike GmbH - Fischli Sepp ,Mühle 21A Näfels 8752 Switzerland,,055-612.39.77,info@fischli-bike.ch,
Arnold Pius - Noudi's Bike Store ,Schlottermilch 2A Sursee 6210 Switzerland,www.noudisbikestore.ch,041-921.51.30,info@noudisbikestore.ch,
Tasca Moreno - Moreno Bike ,Via ai Molini 29 Losone 6616 Switzerland,,091-792.39.85,morenotasca@hotmail.com,
Zwinggi Adrian - Zweirad Zwinggi ,Zürcherstrasse 17 Eglisau 8193 Switzerland,www.zweiradzwinggi.ch,044-867.19.40,info@zweiradzwinggi.ch,
Wüthrich Sämi - Outdoorx.ch ,Dorf 2 Ochlenberg 3367 Switzerland,www.outdoorx.ch,032-511.98.89,info@outdoorx.ch,
Sportshop am Gleis GmbH ,Aegeristr.18 Sattel 6417 Switzerland,,041-835.18.89,info@sportshopamgleis.ch,
Velowerft GmbH ,Zürichstrasse 100 Affoltern am Albis 8910 Switzerland,,044-761.45.27,info@velowerft.ch,
Schmidli Bruno - Velos Motos ,Landstrasse 33 Andelfingen 8450 Switzerland,www.schmidli-motos.ch,052-317.32.42,schmidli-motos@swissonline.ch,
Alexander's Bikeshop - Inh.Alexander Erni ,Hauptstrasse 22 Augst 4302 Switzerland,www.alexanders-bikeshop.ch,061-811.81.01,info@alexanders-bikeshop.ch,
Rechsteiner Peter - Bike Trend ,Edikerstrasse 3 Dürnten 8635 Switzerland,www.biketrend.ch,055-240.82.31,info@biketrend.ch,
Sarci Sport SA ,Zona Solario Olivone 6718 Switzerland,www.sarcisport.ch,091-872.14.50,info@sarcisport.ch,
BIKE MIKE FAHRRADSCHEUNE ,MARTIN-LUTHERSTR. 5 HILDBURGHAUSEN 98646 Germany,www.bike-mike-sports.de,03685/708884,info@bike-mike-sports.de,
RADSPORT AMBERG INH. DIETER AMBERG,SCHMALENBUCHE 37 NEUHAUS 98724 Germany,,03679/720694,,
RADHAUS AM DOM GBR. ,ANDREASSTR. 28 ERFURT 99084 Germany,,0361/6020640,info@radhaus-erfurt.de,
STADTILMER 2-RADHAUS INH. VIOLA ANDERLE,STRA STADTILM 99326 Germany,,03629/4287,stadtilmer-2-radhaus@t-online.de,
BIKEPOINT RHOEN ,TORWIESEN 1 NORDHEIM/RHÖN 97647 Germany,www.bikepoint-rhoen.de,09779/8580011,info@bikepointrhoen.de,
RADHAUS SCHLITZ INH. MICHAEL KRAH,LINDENSTR. 5 SCHLITZ 36110 Germany,www.radhaus-schlitz.de,06642/9188111,radhaus-schlitz@web.de,
BIKE-SCHMIEDE BIESENRODE ,RAMMELBURGER WEG 5B BIESENRODE 06343 Germany,,03478/2289827,info@bs-biesenrode.de,
SEYFARTH INH. HEIKO SEYFARTH,CARL-GAREIS-STR. 21 A RUHLA 99842 Germany,,036929/86265,seyfarthheiko@aol.com,
RADSPORTHAUS SCHLITZ ,LINDENSTR. 5 SCHLITZ 36110 Germany,www.radhaus-schlitz.de,066429188111,,
KERN MATTHIAS ,BREITSCHEIDSTR. 94 RUDOLSTADT 7407 Germany,,03672/353088,,
GERMANIA SPORTWELT GMBH ,DR.-THEODOR-NEUBAUER-STR. 10 OBERHOF 98559 Germany,,036847/500920,info@germania.de,
KIRSCHT FAHRRAD EXCLUSIV ,AM BAHNHOF 3 GROSS-SCHWABHAUSEN 99441 Germany,,036454/51323,,
LINDNER & CO. FÖRSTER & MENDE GBR,HAUPTSTR. 20 RUDISLEBEN 99334 Germany,,03628/604911,,
RAD- UND SKI-SHOP ,BAHNHOFSTR. 40A FLOH-SELIGENTHAL 98593 Germany,,03683/466250,info@rad-ski-shop.de,
FAHRRAD FÄHLING INH. PETRA SCHALBE,MÖNCHELSSTR. 33 GOTHA 99867 Germany,,03621/738664,fahrradfaehling@aol.com,
HEPTNER ZFG ,MEININGER STR. 3 RÖMHILD 98630 Germany,,036948/21808,heptner29@gmail.com,
RADWERK HIRSCH & MÄNZ GBR,STEINGRUBE 2A WERNIGERODE 38855 Germany,www.radwerk-wernigerode.de,03943/6268444,mail@radwerk-wernigerode.de,
DIAKO FAHRRADLADEN ,MARKT 18 EISENACH 99817 Germany,www.cycle-service-eisenach.com/about/,03691/7452625,,
SCHNEIDER BERND RAD-SCHNEIDER-SPORT,MAGNUS-POSER-STR. 20 ZELLA-MEHLIS 98544 Germany,,03682/483453,sport-schneider-z-m@t-online.de,
BACHUS-BIKE ,STEIGERSTR. 1 ERFURT 99096 Germany,,0361/24018003,christianbach@bachus-bike.de,
HARZBIKEHAUS INH. MATTHIAS GUNKEL,WASSERSTR. 22 ELBINGERODE/HARZ 38875 Germany,www.harzbikehaus.de,039454/48479,harzbikehaus@aol.de,
FAHRRAD-MEYER ,HEILIGENSTÄDTER STR. 47 LEINFELDE-WORBIS 37327 Germany,,03605/5459360,,
ZWEIRADGESCHÄFT ,KARL-LIEBKNECHT-STR. 2 ILMENAU 98693 Germany,www.der-bikeshop.de,03677/893402,info@der-bikeshop.de,
FÖRSTER RONNY FAHRRAD- & ZUBEHÖRHANDEL,AN DER ASCHERHÜTTE 8 KAHLA 7768 Germany,www.saalerad.de,036424/781849,rf-fahrraeder@web.de,
VESPER-BIKES ,BERLINER STR. 37 BAD WILDUNGEN 34537 Germany,www.vesper-bikes.de,05621/9644196,info@vesper-bikes.de,
BIKEMAX KASSEL ,HEILIGENRÖDER STR. 19 KASSEL 34123 Germany,www.boc24.de,0561/9538511,,
B.O.C. – BIKE & OUTDOOR COMPANY ,HANNOVERSCHE STR. 43 GÖTTINGEN 37075 Germany,www.boc24.de,0551/3890900,,
BIKE STORE INH. SCHART & SZESCHEK,BAHNHOFSPLATZ 2-8 BAD HARZBURG 38667 Germany,,05322/784190,matthiasschart@yahoo.de,
EYRING HOLGER FAHRRADFACHHANDEL,SCHILLERSTR. 18 TIEFENORT 36469 Germany,,03695/824717,,
RADSPORTHAUS RHÖN INH. MICHAEL KRAH,HANS-GUTMANN-STR. 5 GERSFELD 36129 Germany,www.radsporthaus-rhoen.de,06654/7595,info@radsporthaus.com,
MOUNTAINBIKE-STATION ,HINTERM GEHEGE 6-8 BROTTERODE 98599 Germany,,036840/31080,mountainbikestation@t-online.de,
LANGENBERG FAHRRADMAN. ,FRANKFURTER STR. 9 EDERMÜNDE 34295 Germany,www.langenberg-manufaktur.de,05665/800905,info@langenberg.bike,
FAHRRADGARAGE GLEICHEN INH. MASSAO WOLF,HAIDWEG 13 GLEICHEN 37130 Germany,www.fahrradgarage-gleichen.de,05508/979365,info@fahrradgarage-gleichen.de,
IHR FAHRRAD RIESE INH. K.-H.MERX & T.MÄDER,NORDHAUSERSTR. 73 ERFURT 99091 Germany,,0361/7462077,info@fahrrad-riese.de,
FAHRRAD-CENTER-LANGE INH. DIETER LANGE,PAUL-SCHÄFER-STR. 99 ERFURT 99086 Germany,,0361/6024562,info@fahrrad-lange.de,
KIRSCHT FAHRRAD EXCLUSIV ,LÖBDERGRABEN 8 JENA 7743 Germany,,036414/41539,,
ZWEIRADHAUS SCHELTER INH. INGO SCHELTER,LINDENAUSTR. 2 OHRDRUF 99885 Germany,,03624/402211,,
RADSPORT ERDMANN ,ROBERT-BOSCH-STR. 5 HEILIGENSTADT 37308 Germany,,03606/658042,,
BIKEACADEMY WERRA-MEISSNER ,SOODENER STR. 9 ESCHEWEGE 37269 Germany,,05651/333 69 96,info@bikeacademy-werra-meissner.de,
ZWEIRADSHOP KALLE FEIG INH. KARL-HEINZ FEIG,ROLLBERG 10 OSTERODE 37520 Germany,,05522/312835,KalleFeig@yahoo.de,
FAHRRAD-GIGANT INH. UWE RÖDER,MAXIM-GORKI-STR. 16 ELXLEBEN 99189 Germany,,036201/7353,,
HARZBIKEHAUS INH. MATTHIAS GUNKEL,BENZINGERÖDER CHAUSSEE 39A WERNIGERODE 38855 Germany,www.harzbikehaus.de,039454/48479,harzbikehaus@aol.de,
BIKEPROFI ,JAKOBSTR. 1 WEIMAR 99423 Germany,,03643/4911669,bikeprofi-weimar@gmx.de,
GERMANIA SPORTWELT GMBH ,WILHELMSTR. 1 UNTERSCHÖNAU 98587 Germany,,036847/500920,info@germania.de,
GREEN HUB .,"C/ Beatriz Galindo, 7 San Sebastian de los Reyes 28702  España",www.greenhub.es,91 241 14 32,sanse@greenhub.es,
BICICLON ,"AQUITANIA, 48 LOCAL 5 MADRID 28032 España",www.biciclon.com,917759168,biciclon@biciclon.com,
BICICLETAS FELIX PEREZ .,"TIERNO GALVAN, 3 SAN FERNANDO DE HENARES (MADRID) 28830 ESPAÑA",.,916692673,bicicletasfelixperez@yahoo.es ,
BICICLETAS GALLEGO ,"CARRETERA DE LA ADRADA, 19 SOTILLO DE ADRADA(AVILA) 05420 España",,918668182,,
CICLOBOXES ,"C/ RIOS ROSAS, 7 MADRID 28003 MADRID",www.cicloboxes.es,913990141,clientes@cicloboxes.es,
BICICLETAS JM ,"C/ POZO DEL AMOR, 16 VILLACAÑAS 45860 TOLEDO",www.facebook.com/pages/Bicicletas-JM/183134581830917,925560343,bicicletasjm@gmail.com,
DEPORTES CEDENA .,"POLVORANCA, 9 FUENLABRADA (MADRID) 28945 España",.,916977756,bicicletascedena@hotmail.com ,
ALL MOUNTAIN ,"C/. AGUADO, 93 LOCAL 2 VALDEMORO 28341 ESPAÑA",,918094548,karmen@allmountainbike.es,
M.S.D. Guadalajara .,"AVDA. DEL EJERCITO, 17 GUADALAJARA 19003 ESPAÑA",www.merida.com,949234168,guadalajara@meridaswe.com,
CARRIL BICI M&M ,"CARLOS I, NAVE 25 LOCAL 1 YUNCOS 45210 TOLEDO",,925525053,carrilbicimm@gmail.com,
MASBIKES ,"MARIA CRISTINA,23 PARLA 28982 ESPAÑA",WWW.MASBIKES.COM,916050440,pabloan@hotmail.es,
JADYBIKE ,"CALLE JOAQUIN MARIA LOPEZ, 25 MADRID 28015 ESPAÑA",www.jadybike.com,915441714,jayuste@hotmail.com,
MI BICIO ,"VIRGEN DEL LLUC,24 MADRID 28027 ESPAÑA",,637244483,mibiciojose@gmail.com,
DI VICO BIKES ,"CAPELLANIA, 25 LOCAL 7 MORALZARZAL 28411 MADRID",,918420323,tienda@divicobikes.com,
ADRENALINA SHOP ,"VITORIA, 2 FUENLABRADA 28941 ESPAÑA",www.adrenalinashop.es,914920717,tiendadrenalinashop@gmail.com,
BICICLETAS CORCOBA ,"C/ DAMASO ALONSO, 26 ALCALA DE HENARES 28806 ESPAÑA",,627546090,corcoba_g@hotmail.com,
BICICLETAS RODRIGUEZ MAGRO .,"ANDRES SABORIT,1 ALCALÁ DE HENARES - MADRID 28806 ESPAÑA",.,918827780,bicicletasrodriguezmagro@yahoo.es,
Que BICIO .,C/ CRUCES  Nº 24-22 FUENSALIDA - TOLEDO 45510 ESPAÑA,.,925784833,Quebicio@hotmail.com,
MOTO BRUJO .,"CARRETERA DE SEGOVIA, Nº 28 CANTALEJO - SEGOVIA 40320 ESPAÑA",.,921 521 236,rober14s@yahoo.es,
MQM ALL ROADS .,"C/ LOS SAUCES, 2 DAGANZO (MADRID) 28814 ESPAÑA",www.mqmallroads.com,918841742,motoquadmotor@yahoo.es,
"BICICLETAS MARTI, S.L. ","GENERAL CASTEJON, 7 ALCORCON (MADRID) 28924 España",,9161093322,bicicletasmarti@gmail.com,
CICLOS ARNELAS ,"Rio Duero, 24 COLMENAR VIEJO 28770 España",,918457301,,
BICICLETAS MELERO .,"CLAVEL, 2 SEGOVIA 40001 España",.,921443467,bicicletasmelero@wanadoo.es ,
K BIKES - JUAN CARLOS I .,CALLE ALCALA 610 MADRID 28022 ESPAÑA,www.k-bike.es,9174226257,tiendaifema@k-bike.es,
MEJOR BIKE .,"AVENIDA DE LA AVIACION, 101 MADRID 28044 ESPAÑA",www.mejorbike.es,912594999,info@mejorbike.es,
K BIKES - CASA CAMPO .,"AVD. VALLADOLID, 27 MADRID 28008 ESPAÑA",www.k-bike.es,917588293,tiendacasacampo@k-bike.es,
ADREDALINA BIKE ,"AV.  PABLO IGLESIAS, 78 LOCAL RIVAS-VACIAMADRID 28522 MADRID (ESPAÑA)",,916702522,openstudio@movistar.es,
CENTRO BIKE ,"JESUS LARA, 11 TORRELODONES-COLONIA 28250 MADRID",,918592347,centrobike@hotmail.com,
APEDALES ,"PZA. J.LUIS LOPEZ ARANGUREN, 1 LEGANES 28914 ESPAÑA",,630239936,jcgarciamartos@hotmail.com,
BIKE VALDEIGLESIAS ,"PZA. DE LA CORREDERA, 2 SAN MARTIN DE VALDEIGLESIAS 28680 MADRID",www.bikevaldeiglesias.es,666426876//647639973,gallegobravo@yahoo.es,
M.S.D CASTELLANA ,"C/ CAPITAN HAYA, 3 MADRID 28020 ESPAÑA",,91 770 73 40 - 617 04 25 32,mbmc@mbmc.es,
M.S.D AVILA .,AVENIDA DE MADRID Nº 7 BAJO AVILA 05001 ESPAÑA,www.merida.com,920253221,avila@meridaswe.com,
BICICLETAS MAROTO JOSE ANTONIO MAROTO CUENCA,"C/ ARRABAL DE SAN LAZARO, 6 OCAÑA (TOLEDO) 45300 TOLEDO (ESPAÑA)",,925130012,gustavo@bicicletasmaroto.com,
"CICLOS OTERO, S.L. ","SEGOVIA, 20 MADRID 28005 España",www.oterociclos.es,915415714,otero@oterociclos.es,
CROSS CHICKEN ,"C/ VARSOVIA, 16 POL.EUROPOLIS LAS ROZAS (MADRID) 28232 ESPAÑA",,917526603,,
"CICLOS CORREDOR, S.L. .","PLAZA MARIANA PINEDA, Nº 2 MADRID 28038 ESPAÑA",www.cicloscorredor.net ,914771803,cicloscorredor@hotmail.com ,
CICLOS DEL OLMO .,"CONCEJAL FCO.J.J.MARTIN, 152 L MADRID 28047 España",.,914634352,ciclosdelolmo@yahoo.es ,
"CICLOS DELICIAS, S.L. .","PASEO DE LAS DELICIAS, 65  MADRID 28045 España",www.ciclosdelicias.com ,915307787,ciclosdelicias@ciclosdelicias.com ,
BICICLETAS CHOUSA ,"CIRILO PALOMO, 2 POZUELO ALARCON (MADRID) 28223 España",www.bicicletaschousa.com,917155117,luis@bicicletaschousa.com,
Kesport Kovanen ,Keskuskatu 18 Pieksämäki 76100 Finland,,0207-401 150,,
Polkupyörä Etappi ,Selännekatu 47 Mikkeli 50100 Finland,,015-162 257,,
BOUTICYCLE ,16 RUE RAMOND CLERMONT FERRAND 63000 FRANCE,,04 73 43 84 52,boyer.cycles@wanadoo.fr,
Steve Diamond Cycles  ,Unit 5 Adam Pervis Gallashiels  TD1 1PW United Kingdom,,01896 758410 ,,
Whinlatter Bikes ,82 Main Street Keswick CA12 5DX United Kingdom,,01768 773940,,
Ace Bike Co ,101 North High Street Musselburgh EH21 6JE United Kingdom,www.acebikeco.com,01316 654468,,
Loch Leven Cycles ,205 High Street Kinross KY13 8DL United Kingdom,www.lochlevencycles.co.uk/,01577 862839,lochlevencycles@yahoo.co.uk,
Leslie Bike Shop Ltd ,"Bankhead Ind Est, Blackwood Way Glenrothes KY7 6JF United Kingdom",www.lesliebikeshop.co.uk/,01592770600,andy@lesliebikeshop.co.uk,
Kirkcowan Cycles  ,"The Old Red Cross Hall, Victoria Lane Newton Stewart DG8 6DA United Kingdom",www.kirkcowancycles.co.uk/,01671 401529,kirkcowancyclerepairs@gmail.com,
ACS Prestwick ,5 The Cross Prestwick KA9 1AJ United Kingdom,www.acsprestwick.co.uk,01292 477455,info@acsprestwick.co.uk,
Philip Lang Cycles  ,163 Gallowgate  Glasgow  G1 5ED  United Kingdom,www.philiplangcycles.co.uk/,0141 552570 ,,
Solid Rock ,"Colbeg Farm, Balmore, Torrance Glasgow G64 4AQ United Kingdom",www.solidrockcycles.com/,01360 622699,sales@solidrockcycles.com,
RT Cycles and Fishing ,73 Main Road Glengarnock KA14 3AA Scotland,www.cyclerepairman.co.uk,01505682191,,
Palace Cycles ,120 - 124 Botchergate Carlisle CA1 1SH United Kingdom,palacecycles.co.uk/,01228 523142,palacecycles@mac.com,
Cyclelane ,5 Westwood Square East Kilbride G75 8JQ United Kingdom,www.cyclelane.co.uk,01355228225,info@cyclelane.co.uk,
Cycleform Ltd ,41 Glasgow Road Clydebank G81 5PJ Scotland,www.cycleform.co.uk,07584065145,,
Belhaven Bikes ,"Rigg Service Station, Belhaven Road Denbar EH42 1DE United Kingdom",www.belhavenbikes.co.uk/,01368 860300,info@belhavenbikes.co.uk,
4 Play Cycles ,25 Market Place Cockermouth CA13 9NH United Kingdom,www.4playcycles.co.uk,01900 823377,,
DG2 Wheels ,12 Terregles Street Dumfries DG2 9AB United Kingdom,www.dg2wheels.co.uk,01387256808,sales@dg2wheels.co.uk,
Herbies Bikes Ltd. ,35 Drumshoreland Road Livingston EH53 0LF United Kingdom,www.herbiesbikes.co.uk/,01506 863959,info@herbiesbikes.co.uk,
Leith Cycle Co. ,276 Leith Walk Edinburgh EH6 5BX United Kingdom,www.leithcycleco.com/,0131 4677775,leith@leithcycleco.com,
PRO-AM Cycles ,60 Wellgate  Street Larkhall ML9 2AG United Kingdom,,01698 887800,,
Riks Bike Shed ,"The Stableyard, Drumlanrig Castle Thornhill DG3 4AQ Scotland",,01848 330080,,
Dooleys Cycles ,40 Moss Street Paisley PA1 1BA United Kingdom,www.dooleys-cycles.co.uk,01418896090,info@dooleys-cycles.co.uk,
Diamond Cycle Centre ,Unit 5 Adam Pervis Galashiels TD1 1PW United Kingdom,www.stevediamondcycles.co.uk/,01896 758410,info@stevediamondcycles.co.uk,
Cyclelane ,193 Clarkston Road Glasgow G44 3BS United Kingdom,www.cyclelane.co.uk,01416372439,info@cyclelane.co.uk,
The Cycle Centre ,7 Anley Street St Helier JE2 3QE United Kingdom,,01534 876889,,
BICICLETAS RUIZ - HERRERA ,"CAMINO  LOS ENAMORADOS, 4 EL PUERTO DE SANTA MARIA 11500 CADIZ",,956855037/649529637,jruizherrera@hotmail.com,
MOTOS PERNIA ,"C/ JULIAN BESTEIRO, 65 OLVERA 11699 CADIZ",,956120065,motospern@hotmail.com,
VALERO SPORT AND BIKES ,"C/ ANTIOCO, 7-9 CEUTA 51001 España",,956515603,,
BICICLETAS ALVARITO .,"AVDA. DE LOS DESCUBRIMIENTOS,<br>POLIGONO INDUSTRIAL URBISUR CHICLANA FRONTERA (CADIZ) 11130 España",bicicletasalvarito.com,956403905,.,
"CICLO VELOZ, C.B. ","SAN PABLO, 33 B LA LINEA CONCEPCION(CADIZ 11300 España",,956763833,,
LINDEZ BIKES NATURA ,"C/ SIERRA BERMEJA, 26  1º GUADIARO  11310 CADIZ",www.lindezbikes.com,655860415,j.gonzaloma@gmail.com,
HEART'S BIKERS ,"C/ RODRIGO DE TRIANA, 10 MARBELLA  29603 MALAGA",www.heartsbikers.com,951087469,info@heartsbikers.com,
MOTO RECAMBIOS SANCHEZ ,"C/ NARCISO MONTURIOL, 19     POL.IND. EL PERAL ARCOS DE LA FRONTERA 11630 CADIZ",,956701795,kicoracing@hotmail.com,
CICLOS VIDEZ ,URBANIZACION CIUDASOL  BQ. 2 LOCAL 5 JEREZ DE LA FRONTERA 11405 CADIZ,www.goldbikes.es,630230487,info@goldbikes.es,
RODANDO .,"VIRGEN DEL ROSARIO, 34 ALHAURIN EL GRANDE - MALAGA 29120 ESPAÑA",.,952491033,franrubiales_alhaurin@hotmail.com,
CICLOSPORT VALERO .,"C/ BOTICA, 29 VILLAMARTIN 11650 CADIZ",.,956731111,.,
CICLOS RUIZ ,"C/ SEVILLA, 64 RONDA 29400 España",,952870206 / 654163534,,
Γκενάς Φ. Παναγιώτης ,Λεωφόρος Δημοκρατίας 30 Καρδίτσα Καρδίτσα 43100 Ελλάδα,,2441076781,,
Τσούνης Βαγγέλης ,Ζωοδόχου πηγής 32 Αγρίνιο Αγρίνιο  Ελλάδα,,2641044144,,
Γκαγκάρας Γεώργιος Αντώνιος ,Ηρ. Πολυκεχνίου 45 Λάρισα 41222 Ελλάδα,,2410619672,,
Κροκίδας Γ . Γεώργιος ,Αμφίσσης 30 Ναύπακτος Ναύπακτος  Ελλάδα,,2634029011,,
Topodilato Patra ,Ευμήλου & Παπαφλέσσα 4 Πάτρα Πάτρα 26222 Ελλάδα,,2610321637,harismallios@hotmail.com,
ΣΠΥΡΟΠΟΥΛΟΣ ΣΤΕΡΓΙΟΣ ,ΒΙΚ.ΟΥΓΚΩ 1  ΤΡΙΚΑΛΑ  ΕΛΛΑΔΑ,,24310.26239,,
Παναγιώτου Κωνσταντίνος ,Π.Ο Άρτας και 2η Ανώνυμη Άρτα Άρτα 47100 Ελλάδα,,2681071244,,
Παλαιολόγος Γεώργιος ,Ταξιαρχών 20 Αίγιο Αίγιο  Ελλάδα,,2691023937,,
SYLBAIN DANIEL GOBEL ,Μ.ΜΟΥΣΚΟΥ 2 ΠΡΕΒΕΖΑ  ΕΛΛΑΔΑ,,26820.60727,,
ΜΙΜΙΚΟΠΟΥΛΟΣ ΣΤΡ- ΣΤΑΥΡΟΥΛΑΣ ΔΗΜ. ΟΕ ,ΑΜΒΡΑΚΙΑΣ 3 ΑΡΤΑ  ΕΛΛΑΔΑ,,26810.74990,,
ΠΑΛΑΙΟΛΟΓΟΣ ΓΕΩΡΓΙΟΣ ,ΤΑΞΙΑΡΧΩΝ 20 ΑΙΓΙΟ  ΕΛΛΑΔΑ,,26910.23937,,
ΓΚΑΤΖΙΟΥΡΑΣ ΝΙΚ. ΑΘΑΝΑΣΙΟΣ ,6ης ΟΚΤΩΒΡΙΟΥ & ΦΡ. ΓΩΓ ΕΛΑΣΣΟΝΑ  ΕΛΛΑΔΑ,,24930.22771,,
Flanagans Cycles ,"Unit 10, Cleveragh Business Park, The Back Avenue Cleveragh  Eire",www.flanagancycles.com/,00353 7191 44477,,
On Yer Bike Cycles ,42 Prospect Hill Galway Ireland Ireland,onyourbikecycles.com,+353 (0)91 5633 93,,
The Bike Shop - Sephroll Ltd ,"1 Greenville, O'Connell Avenue Limerick  Eire",,00353 6131 5900,,
Kells Cycles ,Bective Square Kells  Eire,,00353 4692 52000,,
Raw Cycles ,"Unit 9 - Delta Retail Park, Ballysimon Road Limerick Limerick Eire",www.rawcycles.ie/,00353 61 60 36 82,info@rawcycles.ie,
Westside Cycles ,Unit 1 Westside Business Center Galway  Eire,www.westsidecyclesireland.com,00353 915 25007,,
McLoughlin Cycles & Nursery Ltd ,Main Street Newbridge  Co Kildaire,www.mcloughlincycles.ie/,00353 4543 4745,info@jhmcloughlin.com,
Coyne Cycles ,Dublin Road Kinnegad 1 Eire,www.coynecycles.ie/,00353 87682 9889,info@coynecycles.ie,
Trailblazers ,"Unit 3 - Shannonside Retail Park, Dublin Road Carrick on Shannon  Eire",,00353 857687070,,
Big Wheel Cycles ,Main Street Newport  Eire,bigwheelcycles.ie/,00353 876790783,,
Madigan Cycles  ,89 Irish Quarter South  Carrickfergus  BT38 8BW  United Kingdom,www.madiganprobikecentre.co.uk/,02893 351844 ,sales@madiganprobikecentre.co.uk,
Podium 4 Sport ,40 Montgomery Road Castlereagh BT6 9HL United Kingdom,podium4sport.com/bikes,028 9070 1333  ,,
Topmark ,108 Greengate Street Barrow-in-Furness LA14 1BG United Kingdom,www.topmarkonline.com,01229824740,bikeshop@topmarkonline.co.uk,
CYCLES 22 ,15 RUE DEROYER DINAN 22100 France,,02 96 85 07 60,cycle22@orange.fr,
INTERSPORT ,"8, RUE AMBROISE PARE LANGUEUX 22360 FRANCE",,02 96 52 62 80 ,,
바이크 드림 (지산점) ,수성구 지산로14길 9 대구광역시 706-840 대한민국,,053-783-9199,,
Haltiner Titus Velos  ,Hinterburgstr. 15 Montlingen 9462 Switzerland,www.titushaltiner.ch/,071-761.20.23,info@titushaltiner.ch,
Streule Zweirad GmbH ,Weissbadstr. 26 Appenzell 9050 Switzerland,www.streulezweirad.ch,071-787.12.89,info@streulezweirad.ch,
Service Center Zollet GmbH - Inh.Zollet Rico ,Herisauer Strasse 72 Gossau 9200 Switzerland,,071-380.06.50,servicecenter@gmx.ch,
Scheiwiller Walter - Velos Motos ,St.Pelagibergstr. 10 Waldkirch 9205 Switzerland,http://www.scheiwiller-motos.ch/,071-433.23.83,info@scheiwiller-motos.ch,
VELOCE - DER RADLADEN INH. JUTTA SCHUBERT,BRÜHLSTR. 16 LEUTKIRCH 88299 Germany,www.veloce-bikes.de,07561/8202840,jutta@veloce-bikes.de,
RADSPORT JAUSOVEC INH. INGO JAUSOVEC,SCHULSTR. 28 LINDAU 88131 Germany,www.radsport-jausovec.de,08382/79870,jausovec@t-online.de,
ZWEIRAD JOOS GmbH & Co. KG LAGERVERKAUF KONSTANZ,AM DACHSBERG 12 REICHENAU 78479 Germany,www.fahrradlagerverkauf.com,07531/8076718,kn@fahrradlagerverkauf.com,
Bike Action GmbH - Velos Motos ,St.Gallerstrasse 51 Arbon 9320 Switzerland,www.bikeaktion.ch,071-446.02.20,bikeaction@bluewin.ch,
FAHRRAD-CENTER KEMPTEN (ALLGÄU) GMBH INH. WOLFGANG POLLMANN,IMMENSTÄDTER STR. 62 KEMPTEN 87435 Germany,www.fahrradcenter.net,0831/201212,info@fahrradcenter.net,
E-Bike Center Friedrichshafen ,Gehrenbergstraße 1b Immenstaad 88090 Germany,www.zweirad-joos.de,07545/7499984,fn@zweirad-joos.de,
REINWALD ZWEIRAD GMBH ,HEILIGENBERGER STR. 111 SALEM-WEILDORF 88682 Germany,,07553/7574,,
Sele Adolf - Adolf's Bike Shop Sele Adolf,Rotenbodenstr.162 Triesenberg 9497 Switzerland,bikeshop.li,00423-262.17.35,adolf@bikeshop.li,
STROPPA & SOHN RADSPORT,FRIEDINGER STR. 3-3A SINGEN 78224 Germany,www.stroppa.de,07731/41310,fahrradhaus@stroppa.de,
VELO WIEBER GMBH ,IM HIRTENSTALL 8 AACH 78267 Germany,www.wuerdinger.de,07774/7843,passau@wuerdinger.de,
ZWEIRADCENTER BACHER ,MITTLERE STR. 31 - 33 MENGEN 88512 Germany,www.zweiradcenter-bacher.de,07572/712000,info@zweiradcenter-bacher.de,
Schweri Thomas - Zweirad ,Hauptstrasse 14 Wagenhausen 8259 Switzerland,,052-741.28.48,info@schweri-zweirad.ch,
RADCENTER HERMANN GMBH ,EICHENDORFFSTR. 1 SONTHOFEN 87527 Germany,www.radcenter-hermann.de,08321/86958,info@radcenter-hermann.de,
Kerber Daniel - Velo Center Heiden ,Kohlplatz 2 Heiden 9410 Switzerland,,071-891.22.19,danielkerber@gmx.ch,
ROLF GÖLZ FAHRRÄDER GMBH,CLAUDE-DORNIER-STR. 1 BAD WALDSEE 88339 Germany,www.goelz-raeder.de,07524/9731234,info@goelz-raeder.de,
Nef Hansueli - Velos Motos ,Hauptstr.57 Niederteufen 9052 Switzerland,www.hnef.ch,071-330.09.94,info@hnef.ch,
LIMIT BIKES GBR ,SONTHOFENER STR. 2 BURGBERG 87545 Germany,,08321/8053932,,
Velo Legi GmbH ,Rorschacherstr.221 St.Gallen 9000 Switzerland,www.velolegi.ch,071-244.20.90,info@velolegi.ch,
Bikeria Crastan ,Via da Staziun Scuol 7550 Switzerland,,081-864.92.91,crastan@bluewin.ch,
ZWEIRAD JOOS GmbH & Co. KG ,SCHÜTZENSTR. 11 RADOLFZELL 78315 Germany,www.zweirad-joos.de,07732/823680,info@zweirad-joos.de,
Bernina Sport AG ,Via da Staziun Pontresina 7504 Switzerland,www.berninasport.ch,081-842.70.40,info@berninasport.ch,
Bike-Sport-Center GmbH ,Poststrasse 3 Ruggell 9491 Switzerland,www.bike-sport-center.li,00423-230.16.00,info@bike-sport-center.li,
MOUNTAIN-RIDER ,ALLGÄUER STR. 1 VILS 87000 Germany,www.mountain-rider.com,+43 (0)5677-20043,info@mountain-rider.com,
Metz Beat - 2 Rad-Fachgeschäft ,Talstrasse 28 Davos-Platz 7270 Switzerland,www.metzdavos.ch,081-413.51.32,metz.davos@bluewin.ch,
Kugler Andreas - MyVelo ,Buchhorn 4 Frasnacht 9320 Switzerland,,071-446.92.46,andi_kugler@yahoo.de,
ZWEIRAD JOOS GmbH & Co. KG LAGERVERKAUF GOTTMADINGEN,INDUSTRIEPARK 301 GOTTMADINGEN 78244 Germany,www.fahrradlagerverkauf.com,07731/9761943,go@fahrradlagerverkauf.com,
Lang Urs - Velos Motos ,Bahnhofstrasse 65 Romanshorn 8590 Switzerland,velolang@bluewin.ch,071-463.22.70,,
Velo Rüegger AG ,Löwenstrasse 28 Kreuzlingen 8280 Switzerland,,071-672.56.72,info@velorueegger.ch,
Lindenau Otto - Zweirad-Haus ,Werdenstrasse 6 Grabs 9472 Switzerland,,081-771.34.21,info@zweirad-lindenau.ch,
FAHRRAD DÄMPFLE GMBH ,RAVENSBURGER STR.14-18 MECKENBEUREN 88074 Germany,www.saikls-meckenbeuren.de,07542/539118,saikls@daempfle.de,
Gansner Andy - Bike Power Haus ,Gätziloch 1 Seewis-Pardisla 7212 Switzerland,www.bikepowerhaus.ch,081-,bikepowerhaus@bluewin.ch,
Moes Frères ,"4, Op der Kopp  REMICH L-5544 Luxembourg",www.moesfreres.lu,(00352) 236636-21,info@moesfreres.lu,
Burkardt Sprl ,Rue de la Station 29 SOURBRODT 4950 Belgique,www.burkardt.be,080446436,werner.burkardt@skynet.be,
FUN BIKE TEAM / MANITOU DEALER INH. FRANK WAGNER,SCHANZSTR. 22 BERNKASTEL-KUES 54470 Germany,www.funbiketeam.de,06531/94024,frank.wagner@funbiketeam.de,
MAC BIKES ,ALSWEILERSTR. 16 MARPINGEN 66646 Germany,www.macbikes.com,06853/40512,info@macbikes.com,
Cycles Rasqui Sàrl ,52 Rue du Brill ESCH SUR ALZETTE 4042 Luxembourg,www.rasqui.lu,540161,shop@rasqui.lu,
Bike World Sarl ,"23 a, Route de Luxembourg BERELDANGE L-7240 Luxembourg",www.bikeworld.lu,27033850,bikeworl@pt.lu,
GIMMLER KAI BIKES ,NIEDSTR. 38 REHLINGEN-SIERSBURG 66780 Germany,www.kai-gimmler-bikes.de,06833/900918,info@kai-gimmler-bikes.de,
PETER MÄDER GMBH & CO.KG ,HÜTTENSTR. 59 KALL 53925 ,www.honda-maeder.com,02441/6670,service@hondamaeder.com,
R.C.M. Reifen Center Moelter ,Zur Domaine 27 Butgenbach 4750 Belgie,www.rcm-reifen.be,+32 (0)80 642 164,info@rcm-reifen.be,
Ostergaards Bike Shop ,Route de Luxembourg 179 ROLLINGER-MERSCH 7540 Luxemburg,,026321050,jan@obs.lu,
YODABIKES METZ ,1 RUE DE LA JEUNESSE LONGEVILLE LES METZ 57050 France,www.yodabikes.fr,03 87 57 46 11,yodabikes@wanadoo.fr,
RAD-SALON BRITZ & ALT GBR,ESCHBERGER WEG 1 SAARBRÜCKEN 66121 Germany,,0681/21068091,mail@rad-salon.de,
FAHRRAD HEIDEMANN INH. FRANK HEIDEMANN,SAARSTRAßE 9 TRIER 54290 Germany,,0651/9945227,frank@fahrrad-heidemann.de,
K.H.THEODOR GMBH INH. KARLHEINZ THEODOR,MÜHLSTR. 34 ST. INGBERT 66386 Germany,www.fahrrad-theodor.de,06894/95480,fahrradtheodor@aol.com,
BIKE-STATION LAUTERBACH ,HAUPTSTRASSE 133 VÖLKLINGEN 66333 Germany,www.bikestation-lauterbach.de,06802/8114,htombike@aol.com,
BOUTICYCLE BARCELONETTE ,51 AV.DES TROIS FRERES ARNAUD BARCELONETTE 04400 FRANCE,www.bouticycle.com,04 92 81 23 69,04bacelonnette@bouticycle.com,
SPOC ,111 AVENUE LEON BERRANGER SAINT LAURENT DU VAR 06700 France,,04 93 07 40 44,spoc@wanadoo.fr,
SARL DRACISPORT INTERSPORT FRANCE,CC CAP ST LOUIS 263 CHE DE SALAMANDRIER DRAGUIGNAN (FRANCE) 83300 FRANCE,,0494398080,draguignan@reseau-intersport.fr,
MANDELIEU 2 ROUES ,542 AVENUE DE LA MER MANDELIEU 06210 FRANCE,www.mandelieu2roues.com,04 92 97 27 37,mandelieu2roues@neuf.fr,
BOUTICYCLE BERRAUD ,"337, RUE DE TRIBERG FREJUS 83000 FRANCE",www.bouticycle.com,04 94 51 20 20,83frejus@bouticycle.com,
Rijwielcentrale ,Torenstraat 50 HELVOIRT 5268 AV Nederland,www.derijwielcentrale.nl,(0411) 64 23 13,mail@derijwielcentrale.nl,
Peter Fortuin ,Gravin Sabrinastraat 38 a ZUID-BEIJERLAND 3284 AP Nederland,www.peterfortuinrijwielen.nl,0186-661598,fortuin-rijwielen@planet.nl,
Fietswereld Dirk Methorst ,Patrimoniumlaan 25 VEENENDAAL 3904 AB Nederland,www.fietswerelddirkmethorst.nl,(0318) 51 27 52,info@fietswerelddirkmethorst.nl,
Beentjes Tweewielers ,Maerelaan 2 c HEEMSKERK 1961 KA Nederland,www.toonbeentjes.nl,(0251) 23 22 50,info@toonbeentjes.nl,
J.W. Klaassens Rijwielen ,Waterpoortstraat 24 HELLEVOETSLUIS 3221 XW Nederland,www.klaassensrijwielen.nl,(0181) 39 90 30,info@klaassensrijwielen.nl,
Bike Totaal Hofstede Ruurlo ,Dorpsstraat 35 RUURLO 7261 AV Nederland,www.bth.nl,0573-450055,ruurlo@bth.nl,
Profile Bleumink ,Runneboom 14 Warnsveld 7232 CX  Nederland,www.profilebleumink.nl,+31- (0)57-557 0495,warnsveld@profilebleumink.nl,
J van Raak Tweewielers ,Kerkstraat 5 Diessen 5087 BP Nederland,www.jvanraaktweewielers.nl,+31 (0)13 591 3567,info@jvanraaktweewielers.nl,
Van Oosterhout Tweewielers BV ,Oosterhoutseweg 122 a TETERINGEN 4847 DE Nederland,www.bike4all.nl,(076) 571 32 57,info@bike4all.nl,
Bike Totaal Veenvliet Tweewielers ,Gregoriuslaan 2 a LEXMOND 4128 SZ Nederland,www.veenvliet-tweewielers.nl,0347-342529,aemveenvliet@kpnmail.nl,
Bike Totaal J. Hofstede ,Dorpsstraat 14 BELTRUM 7156 LL Nederland,www.bth.nl,0544-481203,info@bth.nl,
Bike Totaal Pater Tweewielers ,Rijksstraatweg 131 LEERSUM 3956 CL Nederland,www.pater.biketotaal.nl,0343-451371,pater2wielers@casema.nl,
Bike Totaal Boom Tweewielers ,Parkzoom 27-29 KRIMPEN AAN DEN IJSSEL 2922 CT Nederland,,0180-553116,boomkrimpen@gmail.com,
Bike Totaal Boom Tweewielers ,Kerkstraat 7 SCHOONHOVEN 2871 ED Nederland,,0182-329555,boomschoonhoven@gmail.com,
Bike Totaal Mastwijk ,O. Brandenburgerweg 4 BILTHOVEN 3721 DX Nederlandf,www.mastwijktweewielers.nl,030-2284333,info@mastwijktweewielers.nl,
Tweewiel Centrum Nouws ,Achtmaalseweg 10 ZUNDERT 4881 VL Nederland,www.nouwstweewielcentrum.nl,(076) 597 33 59,twcnouws@hetnet.nl,
Bike Totaal G. IJzerman ,Damseweg 97 BRANDWIJK 2974 VB Nederland,www.ijzerman2wielers.nl,0184-641483,info@ijzerman2wielers.nl,
Bemelman Bikesport ,Heerweg 205 LISSE 2161 BE Nederland,www.bemelmanbikesport.nl,0252-785549,info@bemelmanbikesport.nl,
Berry Bikes ,Molenstraat 57 VALKENSWAARD 5554 JN Nederland,www.berrybikes.nl,040-2018890,info@berrybikes.nl,
Bike Totaal Leo Smit ,Rodenrijseweg 309 BERKEL EN RODENRIJS 2651 BS Nederland,www.biketotaalleosmit.nl,010-5112421,info@biketotaalleosmit.nl,
Fietsfix Toby van der Heijden V.o.f. ,Hogesteenweg 37 LOON OP ZAND 5175 AG Nederland,www.fietsfix.com,0416-851851,info@fietsfix.nl,
Bike Totaal Van Wijk Fietsen ,Prins Bernhardlaan 110 VEENENDAAL 3905 JD Nederland,www.vanwijkfietsen.nl,0318-510731,info@vanwijkfietsen.nl,
Bike Shop Stefan Kluytmans ,Hoofdstraat 62 LIESSEL 5757 AK Nederland,www.bikeshopstefankluytmans.nl/,0493-343003,info@bikeshopstefankluytmans.nl,
Rijwielhuis Meerdink ,Wooldseweg 6 WINTERSWIJK 7101 HW Nederland,www.rijwielhuis-meerdink.nl,0543-521421,info@rijwielhuis-meerdink.nl,
Spelt Lunteren ,Barneveldseweg 54 LUNTEREN 6741 LL Nederland,www.speltlunteren.nl,(0318) 48 23 84,info@speltlunteren.nl,
Beukers Tweewielers ,Ir. Van de Banstraat 14 PETTEN 1755 NN Nederland,www.beukersbikecentre.nl,(0226) 38 13 67,info@beukersbikecentre.nl,
Salomo Bikes ,Dissel 15 MEDEMBLIK 1671 NG Nederland,www.salomobikes.nl,0227-541501,info@salomobikes.nl,
Fietscity Ede ,Telefoonweg 131 EDE 6711 NB Nederland,www.fietscity.nl,0318-731013,ede@fietscity.nl,
Noppers Aangenaam Fietsen ,Kloosterdijk 178 Sibculo 7693 PS Nederland,www.aangenaamfietsen.nl,0523-237573,info@aangenaamfietsen.nl,
Ten Veen Tweewielers ,Meppelerweg 7 STEENWIJK 8331 CR Nederland,www.tenveentweewielers.nl,(0521) 51 23 03,info@tenveentweewielers.nl,
Wielershop Rubino ,De Pinckart 46 NUENEN 5674 CD Nederland,www.rubino.nl,(040) 844 88 55,info@rubino.nl,
Van Son & Kok Tweewielers ,Oude Haagweg 275 S-GRAVENHAGE 2552 EP Nederland,,070-3975192,info@vanson2wielers.nl,
Fietsenwinkel Schoorl ,Laanweg 7 SCHOORL 1871 BH Nederland,www.fietsenwinkelschoorl.nl,072-5091225,floorsfietsreparaties@hotmail.com,
Bike Totaal Rullens ,Molensingel 68 WOUW 4724 CR Nederland,www.wilrullens.nl,0165-308259,info@wilrullens.nl,
De Rijwielhoek ,Dorpsstraat 24 a OENE 8167 NL Nederland,www.derijwielhoek.nl,0578-41148,info@derijwielhoek.nl,
De Kock Fietsplus ,Halsterweg 19 HALSTEREN 4661 KL Nederland,www.dekockfietsplus.nl,(0164) 68 23 66,dekockfietsplus@planet.nl,
Derks Wielersport ,Verduinsbos 29 HALSTEREN 4661 NT Nederland,www.derks-wielersport.nl,06-24179798,peter.derks@derks-wielersport.nl,
Theo's Tweewielerschop ,Losplaatsweg 6 NOORDWIJK ZH 2201 CV Nederland,www.mijnfietsenwinkel.nl,(071) 361 29 40,mijnfietsenwinkel@hetnet.nl,
Bike Totaal Paul Willemsen Den Hoorn ,Woudseweg 6 Den Hoorn 2635 CC Nederland,www.paulwillemsen.nl,+31(0)15 2614976,info@paulwillemsen.nl,
Rijwielhandel v.o.f. A. de Bruin ,Buitendams 466 HARDINXVELD/GIESSENDAM 3371 BJ Nederland,www.rijwielhandel-debruin.nl,0184-611450,info@rijwielhandel-debruin.nl,
Bike Totaal Tweewielercentrum Leo Smit ,Almereweg 41 a MEDEMBLIK 1671 ND Nederland,www.twc-leosmit.nl,0227-541200,info@twc-leosmit.nl,
Bike Totaal Boode ,Dorpsstraat 103 ZEVENHUIZEN ZH 2761 AN Nederland,www.biketotaalboode.nl,0180-634788,biketotaal@boode.info,
Van Oosterhout Tweewielers BV ,Oosterhoutseweg 129 B TETERINGEN 4847 DB Nederland,www.bike4all.nl,076-5713257,info@bike4all.nl,
Bike Totaal Van Hulst Fietsen ,Geversstraat 43 OEGSTGEEST 2341 GA Nederland,www.vanhulstfietsen.nl,071-5170600,geversstraat@vanhulstfietsen.nl,
Fietsspecialist De Smed ,Hof 33 BERGEIJK 5571 CB Nederland,www.profiledesmed.nl,0497-571230,info@desmedbergeijk.nl,
Bike Totaal Samplonius ,Ouvertureweg 141-143 ALPHEN AAN DEN RIJN 2402 DX Nederland,www.bike-center.nl,0172-417606,info@bike-center.nl,
Sloot 2 Wielers BV ,Sint Annabrinkstraat 1 DELDEN 7491 XD Nederland,www.sloot2wielers.nl,074-7890068,info@sloot2wielers.nl,
Merida Experience Centre ,Laan van Westenenk 102 Apeldoorn 7336 AZ Nederland,,+31555062200,info@merida.nl,
Nota's smederij ,Lemmerweg 48 ST. NICOLAASGA 8521 JP Nederland,www.notastnyk.nl,(0513) 43 13 03,info@notastnyk.nl,
Riesewijk Edelweiss ,Molenweg 16 a DIEREN 6953 CT Nederland,www.riesewijk.nl,0313-414437,dieren@riesewijk.nl,
Vogels Fiets Sport ,Rootven 66 MOERGESTEL 5066 AX Nederland,www.vogelsfietssport.nl,(013) 513 14 35,info@vogelsfietssport.nl,
Maikel de Fietsenmaker ,Rijperweg 48 a SINT MAARTEN 1744 HL Nederland,,0226-390995,saskiamaikel@hotmaiul.com,
EVO Holland Tweewielers ,Houtwijk 49 Dronten 8251 GD  Nederland,www.evo-holland.com,+31 (0)321-384741,info@evo-holland.com,
John Theissen Tweewielers ,Hogestraat 16 AALTEN 7122 BV Nederland,www.theissentweewielers.nl,0543-471735,info@theissentweewielers.nl,
Bike Totaal Hofstede Borculo ,Lochemseweg 1 BORCULO 7271 WB Nederland,www.bth.nl,0545-294005,borculo@bth.nl,
Bike Totaal Koning Tweewielers ,Wijkerbaan 27 BEVERWIJK 1945 SC Nederland,,0251-230489,info@koningtweewielers.nl,
Bike Totaal Rijwiel en Scooterpalace Donker ,Marktplein 30 IJMUIDEN 1972 GB Nederland,,0255-514282,info@adonker.nl,
Rijwielhandel Bout ,Gooilandweg 213 HUIZEN 1271 KW Nederland,www.rijwielhandelbout.nl,035-5267325,info@rijwielhandelbout.nl,
Profile Raijmond Dolphijn ,Geer 91-93 DONGEN 5104 HE Nederland,www.profileraijmonddolphijn.nl,0162-312468,info@profileraijmonddolphijn.nl,
Bike Totaal Thoonen Tweewielers ,Dennenstraat 69 NIJMEGEN 6543 JP Nederland,www.thoonenbiketotaal.nl,024-3770006,thoonen@thoonenbiketotaal.nl,
De Graaf Bikes and Repairs ,De Zuidsingel 36 Swifterbant 8255 CH Nederland,www.bikesandrepairs.nl,+31 (0)321-321198,info@bikesandrepairs.nl,
Bike Totaal Jos v. Hees ,Geert Grooteplein 22 NIJMEGEN 6525 GA Nederland,,024-369009,info@josvanhees.nl,
Bike Totaal Vredenburg Tweewielers Havelte ,Piet Soerplein 5 HAVELTE 7971 CR Nederland,www.vredenburgbiketotaal.nl,0521-341442,biketotaal-havelte@ziggo.nl,
Boonen Tweewielers Ermelo ,Dokter van Dalelaan 58 ERMELO 3851 JC Nederland,www.boonentweewielers.nl,0341-553519,webshop@boonentweewielers.nl,
Bike Totaal Tweewielercentrum Theo Schra ,Zandvaart 128 BREEZAND 1764 NW Nederland,www.theoschra.nl,0223-521707,info@theoschra.nl,
Bike Totaal Muijs Tweewielers ,Neuweg 347 a HILVERSUM 1214 GT Nederland,www.muijstweewielers.nl,035 -6214472,info@muijstweewielers.nl,
Bike Totaal Paul Willemsen De Lier ,Hoofdstraat 74 De Lier 2678 CL Nederland,www.paulwillemsen.nl,+31(0)17 4503248,delier@paulwillemsen.nl,
De Jong Tweewielers ,Stationstraat 33 ALPHEN NB 5131 BL Nederland,www.dejong2wielers.nl,(013) 508 16 12,info-alphen@dejongtweewielers.nl,
Fiets Inn Frits van de Bunt ,Soesterweg 273 AMERSFOORT 3812 AJ Nederland,www.fiets-inn.nl,(033) 461 52 96,info@fiets-inn.nl,
Profile Weys Tweewielers ,Gochsedijk 110 SIEBENGEWALD 5853 EA Nederland,www.profileweys.nl,0485-441693,info@profileweys.nl,
Kuysters Rijwielhandel ,Veldhovenring 75-77 TILBURG 5041 BB Nederland,www.fietspluskuysters.nl,(013) 542 63 56,info@kuysterstweewielers.nl,
Profile Leo Brouwer ,De Merk 2 JOURE 8501 AN Nederland,www.profileleobrouwer.nl,0513-551813,info@brouwerfietsen.nl,
Van der Zande Tweewielerservice ,Kalisbuurt 53 OUD-VOSSEMEER 4698 CP Nederland,www.tweewielerservice.com,(0166) 67 24 81,info@tweewielerservice.com,
Bike Totaal Schulting 2 Wielers ,Markerkant 10-01 ALMERE 1316 AA Nederland,www.schultingtweewielers.nl,036 534 7961,info@schultingtweewielers.nl,
Bike Totaal P. Sweere Rijwielen ,Molenstraat 123 FIJNAART 4793 RB Nederland,www.sweererijwielen.nl,0168-462638,info@sweererijwielen.nl,
V.o.f. Van den Akker Tweewielers ,Kapelstraat 11-13 BOERDONK 5469 NC Nederland,www.vdakkertweewielers.nl,0492-461797,info@vdakkerwteewielers.nl,
Bikesplaza ,Cornelis. van Eerdenstraat 53 ZOETERMEER 2712 VL Nederland,www.bikesplaza.nl,079-3624520,info@bikesplaza.nl,
Haasjebiker C.V. ,Pastoor de Katerstraat 26 BAARLE-HERTOG 2387 Nederland,www.haasjebiker.nl/,003214-725692,haasjebiker@yahoo.com,
Bike Totaal Rijwielshop Marcel ,Stationslaan 26 WIJCHEN 6602 BP Nederland,www.rijwielshop-marcel.nl,024-6420192,info@rijwielshop-marcel.nl,
Berry Bikes ,Molenstraat 57 Valkenswaard 5554 JN Nederland,www.berrybikes.nl,+31 (0)40-2018890,info@berrybikes.nl,
Bemelman Bikesport en Bikepaint ,Gieterij 27-29 NOORDWIJKERHOUT 2211 WC  Nederland,www.bemelmanbikesport.nl,+31 (0)252-371675,info@bemelmanbikesport.nl,
Profile Bleumink ,Spittaalstraat 34 ZUTPHEN 7201 EE Nederland,www.profilebleumink.nl,0575-519526,zutphen@profilebleumink.nl,
Fietsvix ,Brigidastraat 15 Bavel 4854 CR Nederland,www.fietsvixbavel.nl,0161-234093,info@fietsvixbavel.nl,
Bike Totaal Holten ,Larenseweg 56 Holten 7451 EN Nederland,www.biketotaalholten.nl,0548-657347,info@biketotaalholten.nl,
Profile het Rijwielpaleis Zeist ,Voorheuvel 72-74 ZEIST 3701 JG Nederland,www.hetrijwielpaleis.nl,(030) 691 40 63,info@hetrijwielpaleis.nl,
Conjani Wielersport ,Rijksstraatweg 86 HAARLEM 2022 DE Nederland,www.conjani.nl,(023) 538 74 46,conjaniwielersport@hotmail.com,
Bike Totaal Driessen ,Kerkstraat 74 b NEDERWEERT 6031 CJ Nederland,www.jandriessentweewielers.nl,(0495) 62 51 95,jandriessen-tweewielers@hetnet.nl,
Peters Fietsen ,Zwarteweg 7 LEUSDEN 3833 AK Nederland,www.petersfietsen.nl,033-4952857,info@petersfietsen.nl,
Boonen Tweewielers ,Fokko Kortlanglaan 225 HARDERWIJK 3845 LC Nederland,www.boonentweewielers.nl,(0341) 41 29 03,info@boonentweewielers.nl,
Bike Totaal Borst ,Nieuwveenseweg 21 NIEUWKOOP 2421 LA Nederland,www.tweewielersborst.nl,0172-572983,info@tweewielersborst.nl,
Hoogerwaard Tweewielers ,Reigerhof 163 NIEUWERKERK A/D IJSSEL 2914 KE Nederland,www.hoogerwaard2wielers.nl,(0180) 31 61 47,info@hoogerwaard2wielers.nl,
Bike Totaal Wolters ,De Brink 74 ZUTPHEN 7206 KC Nederland,www.wolterstweewielers.nl,(0575) 52 66 28,wolters@biketotaal.nl,
Bike Totaal Jos van Hees ,Van Lijndenstraat 13 a MILLINGEN AAN DE RIJN 6566 BG Nederland,www.josvanhees.nl,0481-432350,info@josvanhees.nl,
Fiets.com ,Plein 13 - 59 WORMERVEER 1521 AP Nederland,www.fiets.com,075-6572442,info@fiets.com,
Bike Totaal Neuteboom ,Touwbaan 1 e LEIDERDORP 2352 CZ Nederland,www.neuteboombiketotaal.nl,071-5897163,info@neuteboombiketotaal.nl,
Bike Totaal A.Stout & Zn ,Kleidijk 8 RHOON 3161 HG Nederland,www.stout-fietsen.nl,010-5015254,stout@stout-fietsen.nl,
Bike Totaal Tweewielers Vlasblom ,Noordenweg 20 RIDDERKERK 2984 AG Nederland,www.tweewielersvlasblom.nl,0180-425097,info@vlasblom.biketotaal.nl,
Bike Totaal Wijtman ,Floris de Vijfdelaan 120 VLAARDINGEN 3132 HN Nederland,,010-4348110,arthur@wijtman.nl,
Bike Totaal Isendoorn Tweewielers ,Admiraalsplein 2 DORDRECHT 3317 BA Nederland,www.isendoorntweewielers.nl,078-6181925,info@isendoorntweewielers.nl,
De Weerdt Rijwielen ,Vaassenseweg 51 EMST 8166 AT Nederland,www.deweerdtrijwielen.nl,0578-661564,deweerdtrijwielen@hetnet.nl,
Van der Lugt Tweewielerserv. ,Herenstraat 30 MONSTER 2681 BH  Nederland,,(0174) 28 96 12,vdlugt@hotmail.com,
Logt Tweewielers ,A.Geertsstraat 35 OLST 8121 BK Nederland,www.logt-tweewielers.nl,(0570) 56 13 36,logttweewielers@hetnet.nl,
Ten Veen Tweewielers ,Kruisstraat 49 OLDEMARKT 8375 Nederland,www.tenveentweewielers.nl,(0561) 45 12 85,info@tenveentweewielers.nl,
Henk van Rooij Fietsen ,Mierloseweg 23 HELMOND 5707 AB Nederland,www.profilehenkvanrooij.nl,0492-590933,info@profilehenkvanrooij.nl,
Fietsplezier Salland ,Marktstraat 76 RAALTE 8102 CL Nederland,www.fietspleziersalland.nl,0572-767017,info@fietspleziersalland.nl,
Pennekamp Fietsen ,Dorpstraat 99-103 WESTERVOORT 6831 BG Nederland,www.pennekampfietsen.nl,026-3118393,info@pennekampfietsen.nl,
Tweewielers Ronald Martens ,Pieter Nieuwlandstraat 26 UTRECHT 3514 HJ Nederland,www.tweewielersronaldmartens.nl,030-2713028,info@tweewielersronaldmartens.nl,
Van der Post ,Dorpsstraat 45 a KOUDEKERK AAN DEN RIJN 2396 HC Nederland,www.vanderpost.nl,071 341 2917,info@vanderpost.nl,
EMC Deurne ,Stationsstraat 82 DEURNE 5751 HH Nederland,www.emc-deurne.nl,0493-820200,info@emc-deurne.nl,
Bike Totaal Spijkenisse ,Marrewijklaan 105 SPIJKENISSE 3201 BH Nederland,www.biketotaalspijkenisse.nl,0181-616164,info@biketotaalspijkenisse.nl,
Bike Totaal Steven Koelewijn Hoevelaken ,Wiekslag 1 HOEVELAKEN 3871 AR Nederland,,033-7370272,info@stevenkoelewijn.nl,
Bike Totaal Joop van Voorthuizen ,Beukenlaan 34 a SCHERPENZEEL 3925 JL Nederland,www.joopvanvoorthuizen.nl,033-2778556,info@joopvanvoorthuizen.nl,
Van der Veeken Tweewielers ,Bisschopsmolenstraat 104 ETTEN LEUR 4876 AP N,www.profuilevanderveeken.nl,076-5020050,info@vanderveekenfietsen.nl,
Leidsche Rijn Tweewielers ,Langerakbaan 167 UTRECHT 3544 PE Nederland,www.leidscherijntweewielers.nl,06-28826201,info@leidscherijntweewielers.nl,
Tweewielerspecialist  P Tonnaer ,Jan Deckersstraat 12 HEEZE 5591 HS Nederland,www.tonnaer-tweewielerspecialist.nl,040-2265744,tonna041@planet.nl,
Bike Totaal Gorinchem ,Marinus Spronklaan 45 b GORINCHEM 4205 CG Nederland,www.biketotaalgorinchem.nl,0183699491,info@biketotaalgorinchem.nl,
Bike Totaal Van den Brink ,Meerstraat 14 HILLEGOM 2181 BR Nederland,www.brinktweewielers.nl,0252-522387,brinkhillegom@gmail.com,
Bike Totaal C. van den Berg en Z'n ,Vierambachtsstraat 118 ROTTERDAM 3023 AT Nederland,www.cvdberg-fietsen.nl,010-4770240,cvandenbergfietsen@hetnet.nl,
Bike Totaal John Brandhoff Tweewielers ,Peperstraat 6 BOVENKARSPEL 1611 CN Nederland,,0228-515338,john.brandhoff@zonnet.nl,
Bike Totaal Paul Haver Tweewielers ,Elderveldplein 20 ARNHEM 6843 JA Nederland,,026-3890833,phaver@gmail.com,
Bike Totaal Joop van Voorthuizen ,Molenstraat 15 RENSWOUDE 3927 AB Nederland,www.joopvanvoorthuizen.nl,0318-571761,info@joopvanvoorthuizen.nl,
Bike Totaal Van Hulst Fietsen ,Lijtweg 6 OEGSTGEEST 2341 HA Nederland,www.vanhulstfietsen.nl,071-5177515,lijtweg@vanhulstfietsen.nl,
Bike Totaal Nieuwenhuizen ,Utrechtsestraatweg 41 OUDEWATER 3421 GM Nederland,,0348-562317,info@biketotaal-nieuwenhuizen.nl,
Van Loon Tweewielers ,Vossenakker 45 WELL GLD 5325 XW Nederland,,(073) 599 62 84,jan@vanloontweewielers.nl,
Wielerhuis De Meulenreek ,Tolweg 1 GEFFEN 5386 BZ Nederland,www.wielerhuisdemeulenreek.nl,(073) 532 15 06,info@wielerhuisdemeulenreek.nl,
Tweewielers Weerman ,Hoofdstraat Oost 13 WOLVEGA 8471 JH Nederland,www.weermanfietsen.eu,(0561) 61 44 19,info@weermanfietsen.nl,
Van Zaane Tweewielers ,Westzijde 64 ZAANDAM 1506 EG Nederland,www.vanzaanetweewielers.nl,(075) 617 30 15,info@vanzaanetweewielers.nl,
CycleXperience ,Bitswijk 34 UDEN 5401 JB Nederland,www.cyclexperience.nl,0413-256777,info@cyclexperience.nl,
Gulden Fietsen ,Oudeland 128 ZWIJNDRECHT 3335 VJ Nederland,www.guldenfietsen.nl,078-610310,info@guldenfietsen.nl,
Joop de Haan Tweewielers ,F.A. Molijnlaan 192 NUNSPEET 8071 AK Nederland,www.profietsjoopdehaan.nl,(0341) 26 17 45,info@profietsjoopdehaan.nl,
Profile Westenenk ,Molenstraat 11 SCHAGEN 1741 GJ Nederland,www.westenenk.nl,0224-217930,info@westenenk.nl,
Melvin Kroes Fietsspecialist ,Spoordonkseweg 28 OIRSCHOT 5688 KD Nederland,www.profilemelvinkroes.nl,0499-379936,profilemelvinkroes@wanadoo.nl,
John Theissen Tweewielers ,Varsseveldseweg 35 LICHTENVOORDE 7131 BH Nederland,www.theissentweewielers.nl,(0544) 35 31 34,info@theissentweewielers.nl,
Fietscity Apeldoorn ,Laan van Westenenk 96 APELDOORN 7336 AZ Nederland,www.fietscity.nl,055-5333797,apeldoorn@fietscity.nl,
Bike Totaal Tweewielerspecialist Van Vliet ,Kleine Noord 56 HOORN 1621 JH Nederland,www.vanvliet-tweewielers.nl,0229-215729,info@vanvliet-tweewielers.nl,
Tweewielerspecialist Scholten ,Luttekestraat 7 ZWOLLE 8011 LN Nederland,www.tweewielerspecialistscholten.nl,(038) 421 73 78,info@fietsgoed.nl,
Bike Totaal Kemps ,Korenbrugstraat 10 DEN BOSCH 5211 EG Nederland,www.kempsbiketotaal.nl,+31 (0)73-6137686,info@kempsbiketotaal.nl,
Bike Totaal Steven Koelewijn 2-wielers ,Zuidwenk 82 BUNSCHOTEN-SPAKENBURG 3751 CG Nederland,www.stevenkoelewijn.nl,033-2981430,info@stevenkoelewijn.nl,
12GO Biking -,Grote Esch 1005 MOORDRECHT 2841 MJ Nederland,www.12gobiking.nl,0182-621850,info@12gobiking.nl,
Bike Totaal Boersen ,Grotewallerweg 7 a SCHAGEN 1742 NM Nederland,www.boersen-biketotaal.nl,0224-212328,info@boersen-biketotaal.nl,
Wagenberg Tweewielers ,Hoogstraat 52 OVERASSELT 6611 BZ Nederland,www.wagenberg2-wielers.nl,(024) 622 13 05,wagenberg2-wielers@hetnet.nl,
Bike Totaal Koks ,Trambaan 47 NIEUWE NIEDORP 1733 AX Nederland,www.biketotaal-koks.nl,0226-411137,info@biketotaal-koks.nl,
Bike Totaal Fiets Expo ,Wilhelminastraat 5 a OOSTERBEEK 6862 HA Nederland,,026-3390838,info@fiets-expo.nl,
Bike Totaal Thijs Brand Tweewielers Zoetermeer ,Van Stolberglaan 45-47 ZOETERMEER 2713 ES Nederland,,079-8200295,zoetermeer@thijsbrand.nl,
Mulder Tweewielers ,Hoofdstraat 6 ANDELST 6673 BD Nederland,www.mulder-tweewielers.nl,0488-454822,info@mulder-tweewielers.nl,
Bike Totaal Thijs Brand ,Damlaan 6 LEIDSCHENDAM 2265 AN Nederland,www.thijsbrand.nl,070-3279202,info@thijsbrand.nl,
M & W Verstegen ,Loopkantstraat 23 e UDEN 5405 NB Nederland,www.martenwilmaverstegenfietsen.nl,0413-246600,maverstegen@home.nl,
Bike Totaal Daatzelaar Fietsen ,Landstraat 39 a BUSSUM 1404 JE Nederland,www.daatzelaar.nl,035-6914873,info@daatzelaar.nl,
Bike Totaal Bikeshop Loosdrecht ,Nootweg 37 LOOSDRECHT 1231 CP Nederland,www.bikeshop-loosdrecht.nl,035-5827018,info@bikeshop-loosdrecht.nl,
Bike Totaal Schoonhoven Rijwielen Amsterdam VOF ,Pieter Calandlaan 774 AMSTERDAM 1060 TZ Nederland,www.schoonhovenbiketotaal.nl,020-4100245,info@schoonhovenbiketotaal.nl,
Bike Totaal Heman ,Dorpsstraat 158 WARMENHUIZEN 1749 AJ Nederland,www.he-man.nl,0226-391223,info@he-man.nl,
Tweewielercenter van Munster 0,Reggeweg 6 a HELLENDOORN 7447 AN Nederland,www.vanmunster-fietsen.nl,0548-655323,munster82@zonnet.nl,
Bergsche Fietswinkel ,Markt 44 GEERTRUIDENBERG 4931 BT Nederland,www.bergschefietswinkel.nl,0162-229999,info@bergschefietswinkel.nl,
Fietsplus Rini ,Laar 27 Nistelrode 5388 HB Nederland,www.fietsplus-rini.nl,+31412-611231,info@fietsplus-rini.nl,
Van Boxel Tweewielers ,Galderseweg 92 GALDER 4855 AJ Nederland,www.vanboxel.eu,(076) 561 33 91,info@vanboxel.eu,
Bike Center Den Bosch ,Rijnstraat 28 DEN BOSCH 5215 EK Nederland,www.bikecenterdenbosch.nl,073-8221899,info@bikecenterdenboach.nl,
Profile Bleumink Eibergen ,Laagte 16 EIBERGEN 7151 BS Nederland,www.peofiledefietsspecialist.nl,0545-474308,eibergen@profilebleumink.nl,
Aanstoot Tweewielercentrum ,Rijssensestraat 111 NIJVERDAL 7441 AA Nederland,www.aanstoot-fietsen.nl,(0548) 61 27 17,info@aanstoot-fietsen.nl,
Profile Bito ,Sniederslaan 63 BLADEL 5531 EH Nederland,www.profile-bito.nl,0497-382141,info@profile-bito.nl,
Nico's Fietsplus ,Zuidstraat 65 KATWIJK AAN ZEE 2225 GT Nederland,www.nicosfietsplus.nl,(071) 407 16 68,info@nicosfietsplus.nl,
Bike Totaal Rijwielhandel Geurts ,Telgterweg 8 PUTTEN 3881 LM Nederland,www.geurts-tweewielers.nl,0341-351553,info@geurts-tweewielers.nl,
Bike Totaal Boom Tweewielers ,Hollandsch Diep 2 CAPELLE AAN DEN IJSSEL 2904 ER Nderland,,010-4517071,pietboom@gmail.com,
Jos Westervelt ,Veluweweg 194 KOOTWIJKERBROEK 3774 BP Nederland,www.joswestervelt.nl,(0342) 44 12 72,info@joswestervelt.nl,
Bike Totaal Rijwielspecialist Scheepers ,Malvert 70 NIJMEGEN 6538 DP Nederland,www.scheepersbiketotaal.nl,024-3446323,scheepers@biketotaal.nl,
Profile Paul van Raaij ,Langstraat 90 VENRAY 5801 AG Nederland,www.profilepaulvanraaij.nl,0478-585204,profilepaulvanraaij@12move.nl,
Bike Totaal Boom Tweewielers ,Oosteinde 8 BERKENWOUDE 2825 AH Nederland,,0182-362955,boomtweewielers@hotmail.com,
Bike Totaal Groeneveld Fietsen ,Burgemeester Jansenlaan 12 ZWIJNDRECHT 3331 HN Nederland,www.groeneveldfietsen.nl,078-6125302,info@groeneveldfietsen.nl,
Bike Totaal Van de Geer Tweewielers ,Dorpsplein 40 BENEDEN LEEUWEN 6658 CL Nederland,www.biketotaal-vandegeer.nl,0487-591329,info@biketotaal-vandegeer.nl,
Bike Totaal R. Koops Tweewielers ,Westerlengte 14 ELBURG 8081 PZ Nederland,www.rkoops.nl,0525-684461,Koopstweewielers@Planet.nl,
Bike Totaal Wijtman Tweewielers ,Westlandseweg 17 DELFT 2624 AA Nederland,,015-2578231,info@wijtman.nl,
Luc en Ella ,Plevierenlaan 37 VINKEVEEN 3645 GN Nederland,www.lucenella.com,0297-776660,info@lucenella.com,
Ter Heerdt Tweewielers ,Rijksweg 41 Duiven 6921 AC Nederland,www.terheerdt.nl,0316-263 002,info@terheerdt.nl,
Tweewielercentrum Hartman ,Lindelaan 1 BENNEKOM 6721 VB Nederland,www.hartmantweewielers.nl,(0318) 41 44 87,hartman.tweewielers@hetnet.nl,
Mado Bikecenter ,Burgemeester van Erpstraat 20 BERGHEM 5351 AW Nederland,www.madobikecenter.nl,0031-(0)41 240 4656,aroelofs@kabelfoon.nl,
Thijs Hendriks Tweewielers ,Lepelstraat 17 WANROIJ 5446 AG Nederland,www.thijshendriks.nl,(0485) 45 17 73,info@thijshendriks.nl,
Tweewielerservice Wil van Laarhoven ,Oirschotseweg 7B BEST 5684 NE Nederland,www.tweewielerservicewilvanlaarhoven.nl,(0499) 39 95 78,info@tweewielerservicewilvan laarhoven.nl,
Guus Van Buuren ,Kerkwijk 70 BERLICUM NB 5258 KD Nederland,www.guusvanbuuren.nl,(073) 503 12 70,buurengv@home.nl,
GELDERNER FAHRRADPROFI ,ISSUMER STR. 66 GELDERN 47608 Germany,,02831/9772041,info@gelderner-fahrradprofi.de,
De Jong Tweewielers ,Brigidastraat 15 BAVEL 4854 CR Nederland,www.dejongtweewielers.com,0161-433280,dejong2/wielers@hetnet.nl,
Tweewielercentrum Gerrit van der Sleen ,Raadhuisstraat 5 ZUIDWOLDE 7921 GC Nederland,www.gerritvandersleen.nl,(0528) 371243,info@gerritvandersleen.nl,
De Fietsenmaker XXL ,Kanaalstraat 90 APELDOORN 7311 ML Nederland,,055-5768899,defietsenmakerxxl@live.nl,
Fietsplus Bloemendal ,Banisweg 3 RIJSSEN 7462 HW Nederland,www.bloemendalfietsplus.nl,(0548) 51 22 17,ha.bloemendal@planet.nl,
Bike Totaal John Brandhoff Enkhuizen ,Westerstraat 25 ENKHUIZEN 1601 AB Nederland,,0228-325771,btenkhuizen@johnbrandhofftweewielers.nl,
Bike Totaal Toon's Bikes ,Deken van Baarsstraat 2 a BUDEL 6021 BH Nederland,www.toonsbikes.nl,(0495) 49 17 78,info@toonsbikes.nl,
Temmink Tweewielers ,Laagte 16 EIBERGEN 7151 BS Nederland,www.temminktweewielers.nl,(0545) 47 43 08,c.temmink@hetnet.nl,
Bike Totaal Cuijk Tweewielers ,Grotestraat 93 CUIJK 5431 DJ Nederland,www.biketotaalcuijk.nl,0485-314377,peterhoens@gmail.com,
Fietsspecilalist Westerlaken ,Marktstraat 6 ZEEWOLDE 3891 EX Nederland,www.westerlakenfietsen.nl,036-5227440,service@westerlakenfietsen.nl,
Rijwielhandel R. de Wit ,Molenvlietbrink 246 WOERDEN 3448 HS Nederland,www.rijwielhandeldewit.nl,0348-434178,info@rijwielhandeldewit.nl,
Fietsservice Finke ,Walderstraat 37 LOCHEM 7241 BH Nederland,www.fietsservicefinke.nl,0573-251712,info@fietsservicefinke.nl,
Obisk ,De Hoogjens 16 SLEEUWIJK 4254 XW Nederland,www.obisk.nl,0183-600630,mail@obisk.nl,
De Kruif Fietsplus ,Traay 45 DRIEBERGEN 3971 GC Nederland,www.dekruif.nl,(0343) 51 32 21,info@dekruif.nl,
Rijwielcenter Vietsch ,Pearl Buck-Erf 77 a DORDRECHT 3315 BA Nederland,www.vietsch.nl,(078) 630 99 39,rijwiel@vietsch.nl,
Frank van Oirschot Fietsen ,Kerkstraat 15 RIEL 5133 AJ Nederland,www.frankvanoirschotfietsen.nl,(013) 518 12 07,info@frankvanoirschotfietsen.nl,
Bike Totaal Van der Zalm ,Prins Hendrikstraat 20 NAALDWIJK 2671 JH Nederland,www.vd-zalm.nl,0174-624236,info@vd-zalm.nl,
Post Fietsen ,Verzetstraat 13 KAATSHEUVEL 5171 PT Nederland,www.postfietsen.nl,(0416) 28 30 84,info@postfietsen.nl,
Theo Schilder Tweewielers ,Koedijkerstraat 31 ALKMAAR 1823 CR Nederland,www.theoschilder.nl,072-5112042,info@theoschilder.nl,
Bike Totaal Leenders ,Dorpstraat 25 GENDT 6691 AW Nederland,www.biketotaalleenders.nl,0481-421448,info@biketotaalleenders.nl,
Bike Totaal Tweewielerspecialist René van Linden ,Dorpsstraat 20 OISTERWIJK 5061 HK Nederland,www.renevanlinden.nl,013-5282332,rene@renevanlinden.nl,
Bike Totaal Van Ommen Tweewielers ,Zuiderzeestraatweg 633 HATTEMERBROEK 8094 AP Nederland,www.vanommentweewielers.nl,038-3761268,info@evommen-biketotaal.nl,
Westeneng Tweewielers ,Botterstraat 40 HUIZEN 1271 XM Nederland,www.westenengtweewielers.nl,(035) 524 33 60,westenengtweewielers@hetnet.nl,
Bike Totaal H.J. van Rijn & Zn ,Vrouwenakker 7 a VROUWENAKKER 1428 RX Nederland,,0297-561609,info@vanrijnplein.nl,
Bike Totaal Luyten Tweewielers ,Achterweg 22 KATWIJK 2223 BG Nederland,,071-4029035,info@biketotaal-luyten.nl,
Bike Totaal Dik Franken Tweewielers ,Bakkerstraat 8 ZETTEN 6671 AB Nederland,,0488-452157,info@dikfranken.nl,
Louis van Dijk Fietsplus ,Tuinzigtlaan 22 BREDA 4811 JE Nederland,www.louisvandijkfietsplus.nl,(076) 521 71 48,info@louisvandijkfietsplus.nl,
Bike Totaal Wolters ,Klarenbeekseweg 102 KLARENBEEK 7381 BG Nederland,www.wolterstweewielers.nl,(055) 301 12 66,wolters@biketotaal.nl,
Profile De Munnik ,Korte Achterzijde 6 EMMELOORD 8302 DZ Nederland,www.demunnik.nl,0527-612370,info@demunnik.nl,
Bike Totaal Fietsspecialist Guill van de Ven ,Nieuwlandstraat 47 TILBURG 5038 SM Nederland,www.guillvandevenfietsen.nl,013-5801716,info@guillvandevenfietsen.nl,
Fietswereld Hoogma Hoofddorp ,Tussenweg 45-47 HOOFDDORP 2132 CS Nederland,www.hoogma.nl,023-5553230,info@hoogma.nl,
Het Rijwielhuis ,Van Hogendorpweg 10a ALBLASSERDAM 2953 AS  Nederland,www.hetrijwielhuis.nl,+31 (0)78 699 94 35,info@hetrijwielhuis.nl,
Vittorio Fietsen ,W.M. Dudokweg 13 HEERHUGOWAARD 1703 DA Nederland,www.vittorio.nl,072-5712345,info@vittorio.nl,
Bike Totaal Boom Tweewielers ,Jacques Dutilhweg 201 ROTTERDAM 3065 KA Nderland,,010-4470110,boukeboomtweewielers@gmail.com,
Heino van Ommeren Tweewielers ,Bonegraafseweg 6 DODEWAARD 6669 MH Nederland,www.vanommerentweewielers.nl,0488-412122,vanommerentweewielers@planet.nl,
Michel Vis Tweewielers ,Rijsenburgerweg 34 Poeldijk 2685 EB Nederland,www.michelvistweewielers.nl,+31 (0)174 245 609,info@michelvistweewielers.nl,
Schrauwen Fietsen BV ,Gastelseweg 12 ROOSENDAAL 4702 TB Nederland,www.schrauwenfietsen.nl,(0165) 53 50 85,info@schrauwenfietsen.nl,
Rijwielspecialist Hart ,Zandvoortselaan 34 HEEMSTEDE 2106 CP  Nederland,www.rijwielspecialisthart.nl,+31 (0)23 528 31 72,info@rijwielspecialisthart.nl,
Rijwielhuis van Dalfsen ,Langestraat 92 GENEMUIDEN 8281 AN Nederland,www.rijwielhuisvandalfsen.nl,038-3854680,info@rijwielhuisvandalfsen.nl,
Profile Gennep ,Spoorstraat 102 Gennep 6591 GV Nederland,www.profilegennep.nl,+31(0) 485 513180,info@profilegennep.nl,
Van Buuren Fietscomfort ,Campanulastraat 5 SINT MICHIELSGESTEL 5271 GX Nederland,www.hvanbuuren.nl,073-5512530,info@hvanbuuren.nl,
Nijland Fietsen ,Dorpsstraat 30 a HEETEN 8111 AD Nederland,www.nijlandfietsen.nl,0572-381425,info@nijlandfietsen.nl,
Simplonbikestorewormer ,Papiermakerstraat 5 WORMER 1531 NA Nederland,www.simplonbikestorewormer.nl,075-6425056,info@simplonbikestorewormer.nl,
Ammerbikes BV ,De Haar 30-32 AMMERZODEN 5324 DB Nederland,www.ammerbikes.nl,073-5996669,info@ammerbikes.nl,
Fietswereld Huisjes ,Dorpsstraat 70 DE WIJK 7957 AW Nederland,www.fietswereldhuisjes.nl,0522-443292,info@huisjesdewijk.nl,
Peter Macco 'Alles voor uw fiets!' ,Amsterdamsestraatweg 591 Utrecht 3553 EJ nederland,www.petermacco.nl,+31 (0)30-2442637,info@petermacco.nl,
E-Bike Centre BV ,Boerendanserdijk 39 ZWOLLE 8024 AE Nederland,www.e-bike-centre.nl,038-3031860,info@e-bike-centre.nl,
Cycle Station ,Johan van Willigenstraat 3 RAVENSTEIN 5371 CT Nederland,www.cyclestation.nl,(0486) 42 57 77,info@cyclestation.nl,
Kroon Tweewielers ,Westkanaalweg 54 TER AAR 2461 EG Nederland,www.kroonfietsen.nl,0172-603030,info@kroonfietsen.nl,
Van Scheijndel Wielersport ,D. van de Kasteelplein 4 S-GRAVENZANDE 2691 WH Nederland,www.van-scheijndel.nl,(0174) 42 22 55,info@van-scheijndel.nl,
Marco Tweewielers ,Kerkstraat 33 WASSENAAR 2242 HB Nederland,www.marco-tweewielers.nl,(070) 511 69 46,info@marco-tweewielers.nl,
Van der Heijden Tweewielers ,Schoolstraat 9 a WASPIK 5165 TR Nederland,www.vanderheijdentweewielers.nl,(0416) 31 40 01,vdheijdentweewielers@home.nl,
Van Ingen Tweewielers ,Oude Rijksstraatweg 59 a TWELLO 7391 MC Nederland,www.vaningentweewielers.nl,0571-271144,info@vaningentweewielers.nl,
Cycle Passion ,Molenstraat 8 e WAALRE 5581 JV Nederland,www.cyclepassion.nl,06-42441655,sales@cyclepassion.nl,
De Fietsenmaker ,Burgemeester Schafratstraat 6 a BOEKEL 5427 SR Nederland,,0492-325380,franknoortje@hotmail.com,
Bike Totaal Hoogland ,Hamseweg 15 HOOGLAND 3828 AA Nederland,www.twc-hoogland.nl,(033) 480 20 30,twchoogland@hotmail.com,
Bas van Doorn Tweewielers ,Burgemeester van Houtplein 31 VLIJMEN 5251 PS Nederland,,(073) 511 27 32,info@basvandoorntweewielers.nl,
Peter van Leeuwen Tweewielers ,Prins Hendrikstraat 203 HOEK VAN HOLLAND 3151 AH Nederland,www.petervanleeuwentweewielers.nl,(0174) 38 78 95,petervanleeuwen@planet.nl,
Van de Wetering Fietsen ,Harnjesweg 86 WAGENINGEN 6706 AV Nederland,www.vandeweteringfietsen.nl,(0317) 41 29 02,info@vandeweteringfietsen.nl,
Mark Bakker Fietsen ,Eikbosserweg 126 HILVERSUM 1213 RZ Nederland,www.markbakkerfietsen.nl,(035) 621 48 51,info@markbakkerfietsen.nl,
Lobbe Tweewielers ,Zeggelaan 1 TERHEIJDEN 4844 SB Nederland,www.lobbetweewielers.nl,(076) 593 23 49,info@lobbetweewielers.nl,
Profile Bleumink ,Dorpsstraat 12 VORDEN 7251 BB Nederland,www.profilebleumink.nl,0575-551393,info@profilebleumink.nl,
Stegink Tweewielers ,Rengersweg 18 LAREN GLD 7245 NA Nederland,www.stegink-bike.nl,0573-401282,info@stegink-bike.nl,
Het Rijwielhuis van Beek ,Bloemendaalsestraat 47-49 AMERSFOORT 3811 ER Nederland,,(033) 472 04 53,beek296@zonnet.nl,
Fietswereld Zandvoort ,Tolweg 6 ZANDVOORT 2042 EK Nederland,www.fietswereldzandvoort.nl,(023) 571 44 84,fietswereld@orange.nl,
De Fietsenmaker ,Imkersplaats 13 APELDOORN 7328 CG Nederland,www.defietsenmaker.com,(055) 533 88 01,info@defietsenmaker.com,
Bike Totaal Van Hulst Fietsen ,Stevensbloem 37 LEIDEN 2331 JA Nederland,www.vanhulstfietsen.nl,071-5316654,stevensbloem@vanhulstfietsen.nl,
Bike Totaal Philip de Koning Fietsspecialist ,Van Eesterensingel 131 ALBLASSERDAM 2951 CJ Nederland,www.philipdekoning.nl,078-6912973,info@philipdekoning.nl,
Bike Totaal Paul van Korven Tweewielers ,Tilburgseweg 68 GOIRLE 5051 AJ Nederland,,013-5341403,p.korven@home.nl,
Meesters Tweewielers ,Gemeenteweg 130-132 STAPHORST 7951 CR Nederland,www.meesterstweewielers.nl,(0522) 46 12 48,info@meesterstweewielers.nl,
Bike Totaal Roodenburg Bike Totaal ,Kerkstraat 22 IJSSELSTEIN U 3401 CN Nederland,www.roodenburgbiketotaal.nl,030-6881296,info@roodenburgbiketotaal.nl,
Bike Totaal Mossink Fietsen ,Van Tuyllstraat 20 a HOOGLANDERVEEN 3829 AD Nederland,www.mossinkfietsen.nl,033-2571438,info@mossinkfietsen.nl,
Rijwielhandel Lambert Pot ,Westerstouwe 35 STAPHORST 7951 KH Nederland,www.lambertpot.nl,(0522) 25 23 49,info@lambertpot.nl,
Besters en Zn ,Antwerpsestraatweg 392-396 BERGEN OP ZOOM 4625 AE Nederland,www.besters-tweewielers.nl,(0164) 23 34 13,info@besters-tweewielers.nl,
De Groot Tweewielers ,Klepperheide 13 a DRUTEN 6651 KM Nederland,www.degroot-tweewielers.nl,0487-519093,degroottweewielers@planet.nl,
Bike Totaal Martin van der Wel ,Dorpsstraat 73-75 BERGSCHENHOEK 2661 CE Nederland,www.vanderweltweewielers.nl,010-5214183,info@vanderweltweewielers.nl,
De Kruif Fietsplus ,Fossa Iberica 52 HOUTEN 3995 XJ Nederland,www.dekruif.nl,030-2000206,info@dekruif.nl;,
Cyclestore ,Grotestraat 11 VEEN 4264 RH Nederland,www.cycle-store.nl,0416-699030,info@cycle-store.nl,
Bike Totaal Ditec Tweewielers ,Dorpsstraat 580 NOORD-SCHARWOUDE 1723 HJ Nederland,ditec2wielers.nl/,0226-341212,ditecsports@hotmail.com,
Bike Totaal Witjes ,Dorpstraat 64 a GROESSEN 6923 AH Nederland,www.witjestweewielers.nl,0316-332818,info@witjestweewielers.nl,
L. Pul Fietsen ,Voorstraat 29A Woudenberg 3931 HB  Nederland,www.lpulfietsen.nl,+31 (0)33-286 0166,l.pulfietsen@hetnet.nl,
Rijwielhandel van Dalfsen ,Kaai 1 HASSELT 8061 GD Nederland,www.rijwielhandelvandalfsen.nl,038-4771608,info@rijwielhandelvandalfsen.nl,
Hans de Boer ,Europaboulevard 174 ALKMAAR 1825 SH Nederland,www.hansdeboertweewielers.nl,072-5623225,profiledeboer@live.nl,
Verboven Tweewielers ,Marktplein 21 LITH 5397 EV Nederland,www.verboventweewielers.nl,0412-480015,info@verboventweewielers,
Arts Tweewielers ,Kanaalstraat 11 SON 5691 NA Nederland,www.arts-tweewielers.nl,(0499) 46 12 16,info@arts-tweewielers.nl,
Prijssnijder ,Loosduinseweg 219 Den Haag 2571 AB Nederland,www.prijssnijder.nl,+31 (0)70-302 03 67 ,info@prijssnijder.nl,
Cycle Star ,Kloosterstraat 7 SCHIJNDEL 5481 BE Nederland,www.cyclestar.nl,(073) 611 28 33,cyclestar4you@hotmail.com,
Fiets & Zo ,Ginnekenweg 9 BREDA 4818 JA Nederland,www.fietsenzo.nl,076-5211065,info@fietsenzo.nl,
Bike Service Lierop ,Laan ten Boomen 1 LIEROP 5715 AA Nederland,www.bikeservicelierop.nl,0492-331080,info@bikeservicelierop.nl,
Fietswereld Martijn Dekker ,Kerkweg 2 SCHELLUINEN 4209 AE Nederland,fietswerelddekker@hetnet.nl,0183-622124,www.dekkerfietswereld.nl,
Bikelife Sjef van Bergen ,Pannestraat 8 GROESBEEK 6562 AD Nederland,,024-3977477,info@bikelifegroesbeek.nl,
HAPPY VALLEY CYCLES ,8 Church Street Masterton 5810 New Zealand,,06 377 1726,info@happyvalleycycles.co.nz,
Bike Barn Kapiti ,9 Kapiti Rd Kapiti 5032 New Zealand,bikebarn.co.nz,04 2984697,kapiti@bikebarn.co.nz,
MUD CYCLES ,421 Karori Road Wellington 6012 New Zealand,,04 476 4961,mudcycles@mudcycles.co.nz,
Bike Barn Palmerston North ,Cnr Ferguson & Oxford Sts Palmerston North 4410 New Zealand,bikebarn.co.nz,06 356 7987,"garryb@bikebarn.co.nz,  ",
Bike Barn Wellington ,133-139 Tory Street Wellington 6011 New Zealand,bikebarn.co.nz,04 384 7321 ,wellington@bikebarn.co.nz,
HOME BIKE ,"RUA PINTO BARREIROS, 72 CARREGADO (PORTUGAL) 92580-499 PORTUGAL",,911762026,homebike@sapo.pt,
RIBAPEDAL ,ESTRADA DO BREJO LOTE 17 LOJA B SAMORA CORREIA 2135-091  PORTUGAL,,969530863 ou 926877155,ribapedal@hotmail.com,
BANCALEIRO MOTOS ,"RUA LUIS PATHE, BLOCO 11, R/C  D PORTALEGRE 7300-056 PORTUGAL",www.bancaleiromotos.com,245208096,geral@bancaleiromotos.com,
BICICLETAS SANTIAGO ,"RUA SANTIAGO, 83 CASTELO BRANCO 6000 Portugal",www.bicicletas-santiago.com,272325881/960054008,bicicletassantiago@gmail.com,
CICLOCROSS JULINHO ,"RUA 11 UNIDOS, 19 REGALHEIRAS DE LAVOS FIGUEIRA DA FOZ 3090 Portugal",,276946281,ciclocrossjulinho@sapo.pt,
BENE BIKE ,CTRA. N-8-6 MOITA DO GAVIÃO BENEDITA 2475 034 Portugal,www.benebike.com,262929732,geral@benebike.com,
NUCLEO BIKE ,"AVDA. DOM AFONSO HENRIQUES, 87 ARRUDA DOS VINHOS 2630-232 Portugal",,917821774,nucleobike@vodafone.pt,
FATIBIKE ,AV. BEATO NUNO LOJA 461 FATIMA (PORTUGAL) 92495-401 PORTUGAL,,24952126,info@fatibike.com,
NOVABIKES ,AV.SA CARNEIRO LOTE 105 R/C DRTO TORRES NOVAS (PORTUGAL) 92350-536 PORTUGAL,,1249106716,novabikes@hotmail.com,
三明 ,500彰化市華山路216號 彰化市  Taiwan,,04-7228563,,
歐盛達-彰化 ,500彰化市金馬路3段259號 彰化市  Taiwan,,04-7233998,,
上豪 ,420台中縣豐原市中陽路278號 台中市  Taiwan,,04-25241597,,
振成 ,434台中縣龍井鄉中央路三段38號 台中市  Taiwan,,04-26392260,,
久大 ,427台中縣潭子鄉仁愛路2段101號 台中市  Taiwan,,04-25360648,,
遨風 ,436台中縣清水鎮三民路1段213號 台中市  Taiwan,,04-26235558,,
健順 ,414台中縣烏日鄉信義街357號 台中市  Taiwan,,04-23378430,,
信輪 ,500彰化市長安街182號 彰化市  Taiwan,,04-7251690,,
千里達 ,500彰化市中庄里彰南路一段100巷1號 彰化市  Taiwan,,04-7380111,,
勝輪 ,721台南縣麻豆鎮磚子井137-1號 台南市  Taiwan,,06-5723003,,
三和 ,741台南縣善化鎮中山路511號 台南市  Taiwan,,06-5817688,,
華藝 ,613嘉義縣朴子市開元路145號 嘉義縣  Taiwan,,05-3793276,,
金寶寶 ,608嘉義縣水上鄉水頭村中正路37號 嘉義縣  Taiwan,,05-2685867,,
新興 ,970花蓮市中華路193號 花蓮市  Taiwan,,03-8327420,,
金山 ,970花蓮市中山路390號 花蓮市  Taiwan,,03-8328239,,
正倫 ,358苗栗縣苑裡鎮和平路7號 苗栗縣  Taiwan,,03-7854989,,
宏和 ,643雲林縣林內鄉中正路240號 雲林縣  Taiwan,,05-5891302,,
捷輪 ,637雲林縣崙背鄉中正路10號 雲林縣  Taiwan,,05-6963389,,
中良 ,95661台東縣關山鎮中華路52號 台東縣  Taiwan,,089-811231,,
和成 ,981花蓮縣玉里鎮中山路2段63號 花蓮縣  Taiwan,,03-8882133,,
精誠(花蓮總經銷商) ,970花蓮市節約街9號 花蓮市  Taiwan,,03-8361126,,
隆昌 ,973花蓮縣吉安鄉南埔八街126號 花蓮縣  Taiwan,,03-8522648,,
和益 ,973花蓮縣吉安鄉永安村建國路2段217號 花蓮縣  Taiwan,,03-8572720,,
隆泰 ,403台中市西區民權路282號 台中市  Taiwan,,04-23023269,,
廣泰 ,407台中市西屯區中工三路170號 台中市  Taiwan,,04-23584111,,
永成 ,730台南縣新營市復興路19號 台南市  Taiwan,,06-6325093,,
新永興 ,730台南縣新營市永生里新進路344號 台南市  Taiwan,,06-6322453,,
大明 ,726台南縣學甲鎮濟生路179號 台南市  Taiwan,,06-7833007,,
歐盛達-潭子 ,427台中縣潭子鄉中山路三段11號 台中市  Taiwan,,04-25339498,,
沐蘭旗艦店 ,407台中市西屯區大隆路152號 台中市  Taiwan,,04-23107515,,
星暘自行車生活館 ,428台中縣大雅鄉中清路1段237-6號 台中市  Taiwan,,04-25652889,,
利馬 ,437台中縣大甲鎮新政路340號 台中市  Taiwan,,04-26880970,,
百奇客 ,412台中縣大里市大明路358號 台中市  Taiwan,,04-24062414,,
穿山甲展銷中心 ,406台中市北屯區河北路2段218號 台中市  Taiwan,,04-22425645,,
尚馬 ,408台中市南屯區大墩七街237號 台中市  Taiwan,,04-24727050,,
順發興 ,600嘉義市立仁路141之一號 嘉義市  Taiwan,,05-2785606,,
名駒 ,721台南縣麻豆鎮信義路13之5號 台南市  Taiwan,,06-5721470,,
向山 ,555南投縣魚池鄉日月潭中山路592號 南投縣 555 Taiwan,,049-2856558,,
金泰 ,360苗栗市中正路573號 苗栗市  Taiwan,,03-7374052,,
昌利 ,847高雄縣甲仙鄉中正路65號 高雄市  Taiwan,,07-6751179,,
莒光鐵馬 ,510彰化縣員林鎮莒光路92號 彰化縣  Taiwan,,04-8345135,,
嘉聲 ,505彰化縣鹿港鎮復興路586號 彰化縣  Taiwan,,04-7774762,,
活力單車館 ,520彰化縣田中鎮中正路189號 彰化縣  Taiwan,,04-8756555,,
和東 ,508彰化縣和美鎮美寮路2段606號 彰化縣  Taiwan,,04-7558151,,
八八 ,511彰化縣社頭鄉朝興村山腳路2段566號 彰化縣  Taiwan,,04-8734238,,
萱宏 ,512彰化縣永靖鄉瑚璉路215號 彰化縣  Taiwan,,04-8245783,,
芳信 ,520彰化縣田中鎮員集路二段587號 彰化縣  Taiwan,,04-8742834,,
東晟 ,510彰化縣員林鎮三信里大仁南街8號 彰化縣  Taiwan,,04-8346789,,
高捷特 ,540南投市南崗2路297號 南投市 南投市 Taiwan,,049-2246545,,
安利達 ,511彰化縣社頭鄉廣福村社石路888號 彰化縣  Taiwan,,04-8736652,,
吉茂 ,510彰化縣員林鎮中正路67號 彰化縣  Taiwan,,04-8323991,,
興隆 ,540南投市中興新村中正路316號 南投市  Taiwan,,049-2315982,,
勝利 ,970花蓮市南京街183號 花蓮市  Taiwan,,03-8323350,,
明電 ,613嘉義縣朴子市新興路11號 嘉義縣  Taiwan,,05-3794574,,
美源 ,843高雄縣美濃鎮中山路1段13號 高雄市  Taiwan,,07-6813133,,
采和(專售萊電車) ,510彰化縣員林鎮中山路2段36號 彰化縣  Taiwan,,04-8321017,,
奇特 ,521彰化縣北斗鎮中正路154號 彰化縣  Taiwan,,04-8880852,,
福成 ,530彰化縣二水鄉員集路4段41號 彰化縣  Taiwan,,04-8790527,,
進輪 ,500彰化市四維路53號 彰化市  Taiwan,,04-7628047,,
復元 ,500彰化市中山路2段479號 彰化市  Taiwan,,04-7222881,,
致達 ,514彰化縣溪湖鎮太平里文2街16號 彰化縣  Taiwan,,04-8613765,,
立達 ,510彰化縣員林鎮大同路一段171號 彰化縣  Taiwan,,04-8345276,,
建雄 ,525彰化縣竹塘鄉中興街45號 彰化縣  Taiwan,,04-8972280,,
巨輪 ,542南投縣草屯鎮碧山南路143號 南投縣  Taiwan,,049-2323606,,
勝發 ,509彰化縣伸港鄉中華路275號 彰化縣  Taiwan,,04-7990898,,
名駒 ,647雲林縣莿桐鄉北平路12號 雲林縣  Taiwan,,05-5846626,,
龍發 ,633雲林縣土庫鎮文化路51號 雲林縣  Taiwan,,05-6622557,,
榮春 ,640雲林縣斗六市中山路140號 雲林縣  Taiwan,,05-5329711,,
拓荒者 ,544南投縣國姓鄉國姓村民族路52號 南投縣  Taiwan,,049-2721625,,
宏翊 ,640雲林縣斗六市文化路151號 雲林縣  Taiwan,,05-5326179,,
東明 ,651雲林縣北港鎮大同路158號 雲林縣  Taiwan,,05-7831077,,
強將 ,646雲林縣古坑鄉朝陽村中正路30號 雲林縣  Taiwan,,05-5828078,,
益瑞 ,509彰化縣伸港鄉定興村中興路三段698號 彰化縣 509 Taiwan,,04-7992878,,
發貴 ,423台中縣東勢鎮北興里本街363號 台中市  Taiwan,,04-25873024,,
順興 ,402台中市南區繼光街6號 台中市  Taiwan,,04-22247246,,
熱情單車 ,514彰化縣溪湖鎮培英路18號 彰化縣  Taiwan,,04-8817882,,
勝華 ,514彰化縣溪湖鎮員鹿路三段90號 彰化縣  Taiwan,,04-8812365,,
中興 ,551南投縣名間鄉員集路110號 南投縣  Taiwan,,049-2732315,,
追風運動生活館 ,545南投縣埔里鎮西門里仁愛路39號 南投縣  Taiwan,,049-2988555,,
隆昌 ,540南投市平和街17號 南投市  Taiwan,,049-2234363,,
洪教練 ,540南投市鳳山里八卦路1296號 南投市  Taiwan,,0923-398377,,
大立 ,412台中縣大里市東榮路38號 台中市  Taiwan,,04-24834331,,
廣達 ,428台中縣大雅鄉民生路一段220號 台中市  Taiwan,,04-25692119,,
金勝利 ,557南投縣竹山鎮集山路2段1169號 南投縣  Taiwan,,049-2646211,,
財利 ,406台中市北屯區中清路96之8號 台中市  Taiwan,,04-22920927,,
頂級 ,421台中縣后里鄉復興街8-2號 台中市  Taiwan,,04-25573050,,
長樂 ,407台中市西屯區中清西二街177號 台中市  Taiwan,,04-22952820,,
吉輅 ,403台中市西區東興路3段232號 台中市  Taiwan,,04-23251366,,
RADSPORT KRAL INH. JIRI KRAL,NELKENWEG 7 DÖHLAU 95182 Germany,,09286/8513,,
CONRAD PAULUS & THEUNERT GBR,SCHLÜTERSTR. 16 BERLIN 10625 Germany,www.conrad-fahrrad.de,030/31808080,info@conrad-fahrrad.de,
TWINNER  ,ZONE COMMERCIAL SUD S/N BRIANÇON 05100 France,,04 92 25 65 65,twinner.briancon@wanadoo.fr,
SAIKLS GMBH ,FRIESENSTRAßE 54 HANNOVER 30161 Germany,,0511/8984132,saikls@saikls.de,
SPORT 2000 ,CC LECLERC SAINT AMAND LES EAUX 59230 FRANCE,,03 27 19 00 50,sport2000saintamand@orange.fr,
ZWEIRADSHOP SCHLIEßER INH. FRANK SCHLIEßER,WILHELMSTR. 10 SCHÖNINGEN 38364 Germany,,05352/8866,Schliesser-Bike@t-online.de,
HOBBY'S RADSPORT + MODELLBAU INH. J. BANASCHEWSKY,RÄDLESBACHWEG 7 BAD WALDSEE 88339 Germany,,07524/49444,,
ERICYCLES ,5 RUE CARDINAL DONNET SOULAC SUR MER 33780 FRANCE,,05 56 73 62 89,bompaneric@orange.fr,
NS BIKE ,"16, RUE PIERRE MARTIN LE MANS 72000 FRANCE",,02 43 72 45 50,mag.nsbike.72@sfr.fr,
順宏八德店 ,81462高雄縣仁武鄉八德南路100巷2弄11-7號 高雄市  Taiwan,,07-3736398,,
RANNER BIKE ,"Avda. de las Palmeras, 25 Alto PUERTO DEL CARMEN 35510 España",,928510612,,
清興 ,429台中縣神岡鄉中正路15號 台中市  Taiwan,,04-25621340,,
KRAMER JOACHIM FAHRRADHANDEL & SERVICE,REICHENBACHERSTR. 112 GÖRLITZ 2827 Germany,,03581/730565,,
吉發 ,630雲林縣斗南鎮光復街36號Ａ棟9-1F 雲林縣  Taiwan,,05-5978681,,
Pé de Bike ,"Av. Civit, 519 Serra 29165-157 Brasil",www.pedebike.com.br,+55 27 32093210,joca@peebike.com.br,
Cycle Clinic ,5 Convent View Clondalkin Dublin 22 Ireland,,00353 834500330,info@cycleclinic.ie,
RAD SPORT STUDIO ,SCHAICHHOFSTR. 21 WEIL IM SCHÖNBUCH 71093 Germany,,07157/65646,mail@rad-sport-studio.de,
ΜΠΛΙΑΜΟΣ ΧΡΗΣΤΟΣ ,ΛΕΟΦΩΡΟΣ ΒΡΑΥΡΩΝΟΣ 6Η ΣΤΑΣΗ ΑΘΗΝΑ 19016 ΕΛΛΑΔΑ,,2294048313,,
INTERSPORT ,ZONE D'ACTIVITE VAUCHELLES LES QUESNOY 80132 FRANCE,,03 22 19 20 59,vauchelles@reseau-intersport.fr,
PEILORT SPORTCONCEPTS ,STEINKIRCHNERSTR. 27 MÜNCHEN-NEURIED 81475 Germany,www.peilort.de,089/39291188,info@peilort.de,
LUCCA-CYCLING INH. TANJA PICKEL,HÖHENWEG 12 HENFENFELD 91239 Germany,,09151/908555,luccacycling@gmx.de,
KÖHLER RADSPORT ,MEILITZ 41 A WÜNSCHENDORF 07570 Germany,,036603/87169,,
FOX MT GMBH STEFAN GOTTSCHLAG,LAUSCHÜTZER WEG 26 SCHENKENDÖBERN 03172 Germany,,035693/60756,info@fox-mt.de,
SPORT EVOLUTION ,MÜHLACKERSTR. 4 ILLINGEN 75428 Germany,,07042/814533,,
RADSPORTWELT SONNEBERG INH. THOMAS BOSECKER,GUSTAV-KÖNIG-STR. 6 SONNEBERG 96515 Germany,www.radsportwelt-sonneberg.de,03675/800674,mail@radsportwelt-sonneberg.de,
FAHRRADHANDEL LINDAUER INH. STEFAN LINDAUER,BAHNHOFSTR. 151 DALLGOW-DÖBERITZ INH. STEFAN LINDAUER Germany,,03322/233292,dallgow@lindauer-fahrrad.de,
BUY CYCLE GBR INH. OSTERNDORFF&SCHUBERT,WAHMSTR. 28 LÜBECK 23552 Germany,,0451/75757,,
Σουφλής Άρης Χρήστος ,Δαμασκηνού και Αλεξανδροπούλου  Μεσολογγι Μεσολόγγι  ,,2631026064,,
SPORT 2000  ,C/C LES ROUTES DE L´AVENOIS LE QUESNOY 59530 France,,03 27 28 87 75,sp2000cedric@orange.fr,
Fietsen van den Berge ,Sint Annastraat 49 ZOTTEGEM 9620 België,,093609519,vdb.fietsen@skynet.be,
"Road, Track + Tri Direct ",521-523 Portrush Road Glenunga 5064 Australia,,08 8379 0614,steve@rttd.com.au,
Electric Bike Centre ,10 Capital Place Birtinya 4575 Australia,,1300 883 413,store@electricbikecentre.com.au,
TÖLUTEX INH. EUGEN TÖPFER,SÜDSTR. 7 EILENBURG 4838 Germany,,03423/603149,toelutex@t-online.de,
CONRAD FAHRRÄDER + EXTRAS,KÖPENICKERSTR. 8 B BERLIN 10997 Germany,www.conrad-fahrrad.de,030/6153838,info@conrad-fahrrad.de,
INTERSPORT ,QUARTIER SAINT JEAN BRIGNOLLES 83170 FRANCE,,04 98 05 02 66,intersportbrignoles@live.fr,
FAHRZEUG&RADSPORTHAUS INH. BERNHARD OFENLOCH,CLEMENSSTR. 13 BÜRSTADT 68642 Germany,,06206/6314,,
DANNY`S BIKE SHOP ,GENEICKENER STR.28 MÖNCHENGLADBACH 41238 Germany,,02166/124890,,
FAHRRAD- MEYER INH. A. UND M. MEYER GBR,BIRKUNGERSTR. 7 DINGELSTÄDT 37351 Germany,,03605/512471,,
乘飛 ,840高雄縣大樹鄉久堂村久堂路206號 高雄市  Taiwan,,07-6521873,,
自由行 ,300新竹市博愛街32號 新竹市  Taiwan,,03-5720225,,
MADININA BIKES ,LES HAUTS DE CALIFORNIE LE LAMENTIN 97232 France,,05 96 61 65 29,henri.hillion@wanadoo.fr,
HUEZ SPORT ,ROND POINT DES PISTES IMMEUBLE LE TRABULE L'ALPES DU HUEZ 38750 FRANCE,www.huez.sport.com,04 76 80 63 42,contact@huez.sport.com,
MÜLLER-FAHRRAD ,EICHHORNSTR. 20 WÜRZBURG 97070 Germany,,0931/52717,Fahrradmueller-wue@gmx.net,
前后輪 ,300新竹市光華2街97號 新竹市  Taiwan,,03-5426733,,
Proeza Bikes ,Sen. Salgado Filho Lages 88523-150 Brasil,www.proezabike.com.br,+55 49 9917-7295,contato@proezabike.com.br,
RADWELT-APOLDA INH. KAI-DIETER KÖLTZSCH,KÖNIGSTR. 19 APOLDA 99510 Germany,,03644/554877,,
INTERSPORT ,ZAC DE L'ETOILE CENTRE CIAL MONDEVILLE 14120 FRANCE,,02 31 35 57 10,mondeville189@reseau-intersport.fr,
INTERSPORT ,PARC ACT CIAL LA CROIX VAUTIER ROTS 14980 FRANCE,,02 33 77 33 11,rots202@reseau-interport.fr,
清華 ,433台中縣沙鹿鎮洛泉里日新街61巷4號 台中市  Taiwan,,04-26625672,,
RADSPORT NEUMANN GMBH ,BREITE STR. 14 SCHRAMBERG-WALDMÖSSINGEN 78713 Germany,,07402/938852,,
宜山 ,411台中縣太平市宜新村宜文街13號 台中市  Taiwan,,04-22752666,,
INTERSPORT ,ROND POINT DE KERHOLLO SAINT AGATHON GUINGAMPS 22200 FRANCE,,02 96 44 78 78,sportsc@orange.fr,
Tri 1st ,"293 Harborne Lane, Harborne Birmingham B17 0NT United Kingdom ",,0121 4720459,,
ZWEIRADHAUS LORENZ INH. WOLFGANG LORENZ,ALBERSTHALER STR. 4 GLAUCHAU/SA. 08371 Germany,,03763/777280,info@zweiradhaus-lorenz.de,
民生路 ,600嘉義市民生南路168號 嘉義市  Taiwan,,05-2224357,,
統一 ,600嘉義市台林街78-2號 嘉義市  Taiwan,,05-2774830,,
晉榮 ,600嘉義市台林街233號 嘉義市  Taiwan,,05-2719243,,
明輪 ,600嘉義市北興街72巷97號 嘉義市  Taiwan,,05-2320165,,
Knöpfel Valentin ,Cunterscher Strasse 30 Küblis 7240 Switzerland,,081-332.31.86,vknoepfel@bluwein.ch,
新興 ,647雲林縣刺桐鄉興貴村興北九號 雲林縣  Taiwan,,05-5842505,,
典鑽國際 ,600嘉義市仁愛路135號 嘉義市  Taiwan,,05-2851692,,
來興 ,913屏東縣萬丹鄉社口村社皮路2段516號 屏東縣  Taiwan,,08-7072258,,
RADLADEN BERG ,HUGO-JÄCKEL-PLATZ 2 EILENBURG 04838 Germany,,03423/604285,,
ZIMMERMAN JENS RADSPORT,OBERAUßER BÜSDORFERSTR.4 BERGHEIM 50129 Germany,,02271/52794,radsport.zimmermann@web.de,
FAHRRAD-HEMPEL INH. RONALD HEMPEL,TÄUBCHENWEG 51 LEIPZIG 04318 Germany,,0341/6884283,kantenwind@kabelleipzig.de,
新興 ,600嘉義市彌陀路327巷8號 嘉義市  Taiwan,,05-2221908,,
RADKELLER INH. RENE SIEBIGTEROTH,WENDENER WEG 7 DINGELSTÄDT 37351 Germany,,036075/62424,,
昌鑫 ,511彰化縣社頭鄉中山路一段651號 彰化縣  Taiwan,,04-8733305,,
INTERSPORT ,CENTRE COMERCIAL ODYSE AGNEAUX 50180 FRANCE,,02 33 77 33 10,reception750@reseau-intersport.fr,
