Full Swing Golf,"9360 Old Seward Hwy Anchorage, AK 99515 US",,907-344-4653,,
"Dick""s Sporting Goods","4401 Montgomery HWY Dothan, AL 36303 US",,334-671-1370,,
Pro Golf Of Dothan,"2571 Montgomery Hwy Dothan, AL 36303 US",,334-671-1880,,
Indian Springs Golf Club,"5248 Clubhouse Dr. Marianna, FL 32446 US",,850-482-8787,,
National Golf Outlet,"36066 Emerald Coast Highway Destin, FL 32541 US",,850 4602442,,
Edwin Watts Golf,"34898 Emerald Coast Parkway Destin, FL 32541 US",,850-654-0363,,
"Edwin Watts Golf, Ft. Walton Beach Golf Course","1957 Lewis Turner Blvd Fort Walton Beach, FL 32547 US",,850-862-3922,,
"Dick""s Sporting Goods","7861 Eastchase Pkwy. Montgomery, AL 36117 US",,334-277-8180,,
DICKS,"5100 N 9th Avenue, Cordova Mall Pensacola, FL 32504 US",,,,
"Dick""s Sporting Goods","5100 N 9th Avenue Pensacola, FL 32504 US",,850-478-9605,,
Edwin Watts Golf,"5705 North Davis Hwy. Pensacola, FL 32503 US",,850-477-0519,,
Robert Trent Jones at Capital Hill,"2600 Constitution Avenue Prattville, AL 36066 US",,334-285-1114,,
Golf Headquarters,"11321 West Markham Little Rock, AR 72211 US",,501-225-9010,,
Pleasant Valley Country Club,"#2 Pleasant Valley Drive Little Rock, AR 72212 US",,501-225-2234,,
Edwin Watts Golf - Little Rock,"2602 Shackelford Rd Little Rock, AR 72205 US",,501-227-0539,,
The C.C. Of Little Rock,"4200 Coutnry Club Blvd. Little Rock, AR 72207 US",,501-663-4189,,
Golf Headquarters,"5107 Warden Road North Little Rock, AR 72116 US",,501-753-1323,,
S & P Golf at Hot Springs Village,"25255 Hwy.5 Suite O Lonsdale, AR 72087 US",,501-835-5333,,
Deer Run Golf Course,"1080 Cannon Circle Little Rock AFB, AR 72099 US",,501 987-6825,,
Arkansas Golf Center,"1201 Trey Lane Conway, AR 72034 US",,501-327-0171,,
"Dick""s Sporting Goods","1420 Hidgon Ferry Rd Hot Springs, AR 71913 US",,501-624-0200,,
Southwest Sporting Goods,"115 South 6th Street Arkadelphia, AR 71923 US",,870-246-2311,,
Belmont CC,"8253 East Belmont Ave Fresno, CA 93727 US",,(559) 251-5076,,
"Dick""s Sporting Goods","Clovis Shopping Centre, 1225 Herndon Avenue Clovis, CA 93612 US",,559-322-4628,,
Copper River Country Club,"2140 E Clubhouse Drive Fresno, CA 93730 US",,209-434-5200,,
Roger Dunn Golf Shop,"5618 N. Blackstone Fresno, CA 93710 US",,559-436-0464,,
Roger Dunn Golf Shop (Visalia),"1813 West Caldwell Visalia, CA 93277 US",,559-734-1385,,
ON TARGET PERFORMANCE-FS,"40405 BRICKYARD DRIVE STE 108 MADERA, CA 93636 US",,559-779-2854,,
Fig Garden Gc,"7700 N. Van Ness Blvd Fresno, CA 93711 US",,559-439-2928,,
"Dick""s Sporting Goods","Arbor Faire Mall, 3380 West Shaw Avenue Fresno, CA 93711 US",,559-271-2701,,
TULARE GOLF COURSE LLC,"5300 S LASPINA TULARE, CA 93274 US",,559-686-5300,,
Pheasant Run Gc,"19 Clubhouse Drive Chowchilla, CA 93610 US",,559-665-3411,,
RANCHO DEL REY GOLF CLUB-FS,"5250 GREEN SANDS AVENUE ATWATER, CA 95301 US",,209-358-7131,,
Sundale Country Club,"6218 Sundale Avenue Bakersfield, CA 93309 US",,805-831-5224,,
Turlock Golf & Country Club,"10532 Golf Link Rd. Turlock, CA 95380 US",,209-634-1392,,
Steele Canyon Golf Club,"3199 Stonefield Drive Jamul, CA 91935 US",,619-441-6900,,
Eastlake C. C.,"2375 Clubhouse Dr. Chula Vista, CA 91915 US",,619-482-5757,,
Admiral Baker Gof Course,"Ad. Baker Rd. Building 3604 San Diego, CA 92120 US",,619-556-7461,,
Carmel Mountain Ranch,"14050 Carmel Ridge Road San Diego, CA 92128 US",,858-487-9224,,
Golf Galaxy,"11485 Carmel Mountain Road San Diego, CA 92128 US",,858-240-3000,,
GOLFTEC Rancho Bernardo,"16779 Bernardo Center Drive San Diego, CA 92128 US",,858-432-7200,,
Stadium Golf Center,"2990 Murphy Canyon Rd. San Diego, CA 92123 US",,858-277-6667,,
The Hodges Golf Learning Ctr.,"12675 Sunset Dr. Escondido, CA 92025 US",,760-291-1414,,
San Diego Country Club,"88 L Street Chula Vista, CA 91911 US",,619-422-8895,,
Fairway Golf,"5040 Covoy St./ Ste A San Diego, CA 92111 US",,858-268-1702,,
The Golf Mart San Diego,"1231 Camino Del Rio South San Diego, CA 92108 US",,619-298-9571,,
Golf Mart Escondido,"1066 W. Valley Pkwy. Escondido, CA 92025 US",,760-741-0441,,
Fairway Golf,"2431 Pacific Hwy. San Diego, CA 92101 US",,619-702-1702,,
The Grand Golf Club,"5200 Grand Del Mar Court San Diego, CA 92130 US",,858-314-1930,,
GOLFTEC Golden Triangle,"8935 Towne Centre Drive San Diego, CA 92122 US",,858-228-5228,,
"Dick""s Sporting Goods","3265 Sports Arena Blvd. San Diego, CA 92110 US",,619-523-0975,,
"Dick""s Sporting Goods","Sports Arena Square, 3265 Sports Arena Blvd San Diego, CA 92110 US",,619-523-0975,,
"Sea N"" Air Golf Club","Bldg. 800 Nasni San Diego, CA 92135 US",,619-545-9658,,
Golf Mart Del Mar,"15555 Jimmy Durante Blvd. Del Mar, CA 92014 US",,858-794-9676,,
The Golf Mart Encinitas,"1441 Encinitas Blvd. #110, Encinitas, Ca 92024 Encinitas, CA 92024 US",,760-944-1534,,
The Golf Shop at Carlsbad,"2768 Loker ave. West Carlsbad, CA 92010 US",,760-277-1208,,
Gears Performance Center,"7447 Batiquitos Dr. Carlsbad, CA 92011 US",,760-334-3063,,
"Dick""s Sporting Goods","3514 College Blvd Oceanside, CA 92056 US",,760-945-5444,,
Carlsbad Golf Center,"2711 Haymar Dr. Carlsbad, CA 92008 US",,760-720-4653,,
The Palms Country Club,"57000 Palms Drive La Quinta, CA 92253 US",,760-399-8090,,
Big Horn Golf Club,"255 Palowet Drive Palm Desert, CA 92260 US",,760-341-4653,,
Valley Golf Temecula,"26475 Ynez Rd Ste A Temecula, CA 92591 US",,951-296-1234,,
Ironwood Country Club,"73735 Irontree Dr. Palm Desert, CA 92260 US",,760-346-7811,,
"Dick""s Sporting Goods","40404 Murrieta Hot Springs Rd Murrieta, CA 92563 US",,951-691-5401,,
The Vintage Club,"75001 Vintage Drive West Indian Wells, CA 92210 US",,760-340-0500,,
Del Rio Country Club,"102 E. Del Rio Rd Brawley, CA 92227 US",,760-344-0085,,
"Gelesko""s Golf Shop","102 East Del Rio Road Brawley, CA 92227 US",,760-344-0085,,
Eldorado Country Club,"46000 Fairway Dr. Indian Wells, CA 92210 US",,760-346-8081,,
"Pete Carlson""s","73-741 Highway 111 Palm Desert, CA 92260 US",,760-568-3263,,
Roger Dunn Golf Indio,"80555 Hyway 111 Indio, CA 92201 US",,760-775-1414,,
Heritage Palms Golf Club,"44291 S. Heritage Palms Dr. Indio, CA 92201 US",,760-772-5755,,
The Plantation Golf Club,"50-994 Monroe Str. Indio, CA 92201 US",,760-775-3688,,
Bermuda Dunes Country Club,"42-360 Adams St. Bermuda Dunes, CA 92203 US",,760-360-2481,,
Indian Ridge Country Club,"76375 Country Club Dr. Palm Desert, CA 92211 US",,760-772-7272,,
Marine Memorial Golf Course,"18415 Mainside Camp Pendelton, CA 92055 US",,760-725-4653,,
Golf Fitting Studios @ Shadow Ridge Resort,"9002 Shadow Ridge Dr. Palm Desert, CA 92211 US",,760-777-1124,,
Desert Princes Country Club,"28555 Landau Boulevard Cathedral City, CA 92234 US",,619-322-6155,,
Canyon Lake Country Club,"32001 Railroad Canyon Rd Canyon Lake, CA 92587, CA 92587 US",,951-246-1782,,
San Clemente Golf Club,"150 E. Magdalena San Clemente, CA 92672 US",,949-361-8380,,
GOLFTEC - MISSION VIEJO,"28892 MARGUERITE PKWY, SUITE #140 MISSION VIEJO, CA 92692 US",,949-245-7184,,
Roger Dunn Golf Mission Viejo,"28362 Marguerite Pkwy Mission Viejo, CA 92692 US",,949-364-1611,,
General Old Golf Course,"6104 Village West Dr. Riverside, CA 92518 US",,909-697-6690,,
Redlands C.C.,"1749 Garden Street Redland, CA 92373 US",,909-793-1295,,
PGA TOUR Superstore - Irvine,"107 Technology Drive Irvine, CA 92618 US",,949-271-2950,,
Roger Dunn,"10031A Indiana Avenue Riverside, CA 92503 US",,951-687-6524,,
"Dick""s Sporting Goods","371 Putnam Pike, Suite 300 Smithfield, RI 02917 US",,401-232-0051,,
Spargo Golf and Custom Fitting Center,"1000 New London Ave. Cranston, RI 02920 US",,401-946-4653,,
Golfers Warehouse,"60 Freeway Drive Cranston, RI 02920 US",,401-467-8740,,
GOLFTEC Rhode Island,"10 Worthington Rd. Cranston, RI 02910 US",,401-649-4653,,
Great Brook Golf Shop,"850 Gold Star Hwy Groton, CT 06340 US",,860-448-0938,,
Quidnesset Country Club,"950 North Quidnesset Rd. North Kingstown, RI 02852 US",,401-885-5613,,
Metacomet C. C.,"500 Veterans Memorial Prky East Providence, RI 02914 US",,401-434-9588,,
"Dick""s Sporting Goods","915 Hartford Turnpike #A1 Waterford, CT 06385 US",,860-447-2886,,
Wannamoisett Country Club,"96 Hoyt Ave Rumford, RI 02916 US",,401-434-1200,,
"Dick""s Sporting Goods","275 Highland Avenue Seekonk, MA 02771 US",,508-336-3004,,
"Dick""s Sporting Goods","70 Worchester Providence Turnpike, Suite #200 Millbury, MA 01527 US",,508-865-7250,,
"Dick""s Sporting Goods","1360 South Washington Street North Attleboro, MA 02760 US",,401-699-8475,,
"Dick""s Sporting Goods","1360 South Washington Street North Attleboro, MA 02760 US",,508-699-8475,,
Point Judith Cc,"150 Windemere Road Narragansett, RI 02882 US",,401-792-9770,,
Crestwood Cc,"90 Wheeler St. Rehoboth, MA 02769 US",,508-336-4418,,
"Dick""s Sporting Goods","179 Pavillion Drive Manchester, CT 06040 US",,--,,
Glastonbury Country Club,"239 Country Club Rd. Glastonbury, CT 06073 US",,860-633-5253,,
"Dick""s Sporting Goods","179 Pavilion Drive Manchester, CT 06042 US",,860-648-4044,,
Franklin Cc,"East Central Franklin, MA 02038 US",,508-528-9852,,
Quarry Ridge Golf,"Po Box 411. Portland, CT 06480 US",,208-345-4140,,
"Dick""s Sporting Goods","541 E Lincoln St. Worcester, MA 01605 US",,--,,
"Chris Cote""s Golf Shop","750 Portland - Cobalt Rd. Portland, CT 06480 US",,860-342-2226,,
"Dick""s Sporting Goods","130 Elm Street Enfield, CT 06082 US",,860-253-9475,,
"Dick""s Sporting Goods","541 E Lincoln Street Worcester, MA 01605 US",,508-595-9808,,
Tpc @ River Highlands,"Golf Club Rd. Cromwell, CT 06416 US",,860-635-2211,,
Essex Golf Shoppe,"118 Main St. Old Saybrook, CT 06475 US",,860-510-0655,,
"Dick""s Sporting Goods","5102 Shops Way Northborough, MA 01532 US",,508-393-1638,,
Longmeadow Country Club,"400 Shaker Rd. Longmeadow, MA 01106 US",,413-567-8412,,
Foxboro C.C,"33 Walnut St. Foxboro, MA 02035 US",,508-543-4661,,
Worcester Country Club,"2 Rice St Worcester, MA 01606 US",,508-835-5087,,
"Dick""s Sporting Goods","2985 Berlin Turnpike Newington, CT 06111 US",,--,,
"Dick""s Sporting Goods","2985 Berlin Turnpike Newington, CT 06111 US",,860-666-3877,,
GOLFTEC-FS,"1146 NEW BRITAIN AVE WEST HARTFORD, CT 06110 US",,860-222-2299,,
Wachusett Cc,"187 Prospect St. West Boylston, MA 01583 US",,508-835-4484,,
Holden Hills Cc,"1800 Main St Holden, MA 01520 US",,508-829-3129,,
Rockledge Country Club,"289 South Main Street West Hartford, CT 06107 US",,860-521-6284,,
Wampanoag CC,"60 Wampanoag Drive West Hartford, CT 06117 US",,860-523-8147,,
Walpole C. C.,"233 Baker Str. Walpole, MA 02081 US",,508-668-7184,,
"Dick""s Sporting Goods","2 Galleria Mall Drive Tauton, MA 02780 US",,508-823-8132,,
"Dick""s Sporting Goods","2 Galleria Mall Drive Taunton, MA 02780 US",,508-823-8132,,
Clinton Country Club,"16 West Main Street Clinton, CT 06413 US",,860-669-1009,,
"Dick""s Sporting Goods","1081 Riverdale Street West Springfield, MA 01089 US",,413-781-6155,,
"Dick""s Sporting Goods","1081 Riverdale St. West Springfield, MA 01089 US",,--,,
"Dave Dirico""s Golf Shop","21 Myron St, Formerly Fran Johnson""s Golf & Raquet West Springfield, MA 01089 US",,413-734-4444,,
"Dick""s Sporting Goods","1336 Worcester Street Natick, MA 01760 US",,508-653-0908,,
Little Red Clock Shop,"806 Farmington Ave. Farmington, CT 06032 US",,860-677-1754,,
"Dick""s Sporting Goods","475 State Rd Dartmouth, MA 02747 US",,508-999-1617,,
Brookmeadow Country Club,"100 Everendon Road Canton, MA 02021 US",,781-828-4444,,
"Kevin Smith, Tee To Green","Montauk Downs State Park Montauk, NY 11954 US",,631-668-1100,,
Harbour Ridge Yacht & C.C,"12600 Harbour Ridge Blvd. Palm City, FL 34990 US",,407-336-8900,,
The Legacy Golf,"9000 Country Club Dr. Port St Lucie, FL 34986 US",,561-466-7895,,
Golf Gear,"1865 S. Federal Hwy Stuart, FL 34994 US",,772-288-1310,,
Tour Fit Golf Labs,"The Dye Preserve, 1808 SE Colony Way Jupiter, FL 33478 US",,239-513-0002,,
Jupiter Hills,"11800 SE Hill Club Terrace Tequesta, FL 33469 US",,561-746-5228,,
Joey D Golf/ Clubcraft,"2885 Jupiter Park Dr, #300 Jupiter, FL 33458 US",,561-401-9185,,
Bent Pine Country Club,"6001 Clubhouse Drive Vero Beach, FL 32967 US",,772-567-6922,,
"John""s Island Club","3 John""s Island Drive Vero Beach, FL 32963 US",,407-231-2522,,
Old Marsh,"7500 Old Marsh Rd West Palm Beach, FL 33418 US",,561-626-7400,,
Ballenisles Country Club,"100 Ballenisles Circle Palm Beach Gardens, FL 33418 US",,561-622-0220,,
GOLFTEC - PALM BEACH GARDENS #366-FS,"11320 LEGACY AVE., SUITE G - 120 PALM BEACH GARDENS, FL 33410 US",,561-683-3667,,
Edwin Watts Golf,"3889 Northlake Blvd Palm Beach Gardens, FL 33403 US",,561-625-6430,,
Palm Beach Golf Center,"7700 N. Military Trail Palm Beach Gardens, FL 33410 US",,561-842-7100,,
"Dick""s Sporting Goods","8821 Southern Blvd West Palm Beach, FL 33411 US",,561-204-4133,,
Everglades Club,"356 Worth Avenue Palm Beach, FL 33480 US",,561-820-2662,,
Atlantis Country Club,"190 Atlantis Boulevard Atlantis, FL 33462 US",,561-965-7700,,
"Dick""s Sporting Goods","Boynton Festive Center, 515 N. Congress Avenue Boynton Beach, FL 33426 US",,561-734-7771,,
"Brad Mccallum""s Pro Shop","12005 Dunes Road Boynton Beach, FL 33436 US",,407-737-4749,,
Golf Gallery,"2235 West New Haven Ave West Melbourne, FL 32904 US",,321-837-3715,,
"Dick""s Sporting Goods","1700 W. New Haven Avenue Melbourne, FL 32904 US",,321-984-4012,,
PGA TOUR Superstore - Delray,"1040 Linton Blvd. Delray Beach, FL 33444 US",,561-214-7000,,
Stonebridge Golf & C C,"10343 Stonebridge Blvd. Boca Raton, FL 33498 US",,561-488-0808,,
St. Andrews Country Club,"17557 Claridge Oval West Boca Raton, FL 33496 US",,561-487-1110,,
Precise Golf,"2740 North Harbor City Blvd Melbourne, FL 32935 US",,321-255-9240,,
Palm Beach Golf Center,"3698 N. Federal Hwy Boca Raton, FL 33431 US",,561-395-1305,,
Moon Golf,"6300 Wickham Rd Melbourne, FL 32940 US",,321-752-0078,,
Adios Golf Club,"7740 Northwest 39Th Ave. Coconut Creek, FL 33073 US",,954-574-1440,,
Royal Palm Yacht & Country Club,"199 Royal Palm Way Boca Raton, FL 33432 US",,561-395-2202,,
Custom Fit Golf & Club Exchange at Carolina Club,"3011 N Rock Island Road Margate, FL 33063 US",,954-283-8535,,
The Golf Shoppe,"4676 US 27 Sebring, FL 33870 US",,(863) 471-2800,,
Woodlands Country Club,"4600 Woodlands Blvd Tamarac, FL 33319 US",,954-444-3360,,
Edwin Watts Golf,"5600 N. Federal Hwy. Ft. Lauderdale, FL 33308 US",,954-771-3256,,
Edwin Watts Golf,"5600 North Federal Hwy (Us 1) Fort Lauderdale, FL 33308 US",,954-771-3256,,
"Dick""s Sporting Goods","2420 North Federal Hwy Ft. Lauderdale, FL 33305 US",,954-566-1448,,
Golf Galaxy,"14530 Sw 2 Nd St. Pembroke Pines, FL 33027 US",,954-342-1000,,
Custom Golf Shop,"1827 Knox Mcrae Drive Titusville, FL 32780 US",,321-268-4325,,
Edwin Watts Golf,"15100 North Biscayne Blvd. North Miami Beach, FL 33160 US",,305-944-2925,,
Palm Beach Golf Center,"14791 Biscayne Blvd Miami, FL 33181 US",,305 949 7030,,
Golf USA,"1830 N Coral Street, Suite #1 Coralville, IA 52241 US",,319-625-2105,,
That Golf Place,"102 Tanger Drive Williamsburg, IA 52361 US",,319-668-1062,,
"Dick""s Sporting Goods","5250 Elmore Ave Davenport, IA 52807 US",,563-441-7500,,
"Dick""s Sporting Goods","5250 Elmore Avenue Davenport, IA 52807 US",,563-441-7500,,
Palmer Hills Golf Club,"2999 Middle Road Bettendorf, IA 52722 US",,563-332-8296,,
Crow Valley CC,"4315 E. 60th St. Davenport, IA 52807 US",,563-343-0752,,
Oakwood C.C.,"1067 Us Hwy. 6 Coal Valley, IL 61240 US",,309-799-5558,,
Oakwood Country Club,"1067 US HWY 6 E Coal Valley, IL 61240 US",,309-799-3153,,
"Dick""s Sporting Goods","4601 1st Avenue SE Cedar Rapids, IA 52401 US",,319-743-3066,,
Austads Golf,"1436 Tixt Road Marion, IA 52302 US",,999-999-9999,,
R & R Golf,"1424 N. 24Th Str. Quincy, IL 62301 US",,217-228-1174,,
"Dick""s Sporting Goods","5205 West War Memorial Drive Peoria, IL 61615 US",,309-683-2400,,
"Dick""s Sporting Goods","1411 Flammang Dr, Crossroad Commons Waterloo, IA 50702 US",,319-287-5722,,
Peoria Park District Golf Learning Center,"7815 N Radnor Rd Peoria, IL 61615 US",,309-690-7162,,
"Dick""s Sporting Goods","5205 WEST WAR MEMORIAL DRIVE Peoria, IL 61615 US",,309-683-2400,,
Illini Golf,"3711 N. Sterling Ave. Peoria, IL 61614 US",,309-685-4653,,
Golf Headquarters,"1850 West Ridgeway Waterloo, IA 50701 US",,999-999-9999,,
"J J ""S Golf","2911 Ironwood Drive Lanark, IL 61046 US",,815-493-2808,,
"Dick""s Sporting Goods","200 N. Greenbriar Drive Normal, IL 61761 US",,309-454-1602,,
All Seasons Learning Center,"1304 Cross Creek Dr Normal, IL 61761 US",,309-829-4653,,
Metamora Fields Golf Club,"801 W. Progress St Metamora, IL 61548 US",,309-367-4000,,
Keegan Golf Morris Cc,"2615 West Route 6 Morris, IL 60450 US",,815-942-2742,,
Lake Of The Woods Golf Course,"405 N. Lake Of The Woods Road Mahomet, IL 61853 US",,770-453-7850,,
Pekin Country Club,"310 Country Club Dr Pekin, IL 61554 US",,309-347-3144,,
"Dick""s Sporting Goods","2113 North Prospect Avenue Champaign, IL 61822 US",,217-352-4176,,
Lick Creek G C,"2210 North Parkway Drive Pekin, IL 61554 US",,309-346-0077,,
Just Fore Fun Golf Shop and Range,"301 Eisner Drive Champaign, IL 61822 US",,217-403-4653,,
Lincoln Elks Country Club,"1020 1525th St Lincoln, IL 62656 US",,217-732-4010,,
Wedgewood Gc,"2400 W Canton Farm Road Plainfield, IL 60544 US",,815-741-7270,,
Playin Thru Golf,"2433 Von Esch Rd Plainfield, IL 60586 US",,815-436-6769,,
"Dick""s Sporting Goods","825 Erica ln Yorkville, IL 60560 US",,630-553-5365,,
Mistwood Gc,"1700 West Renwick Road Romeoville, IL 60446 US",,815-254-3333,,
Blackberry Oaks Gc,"2245 Kennedy Road Bristol, IL 60512 US",,630-553-7170,,
Village Of Bolingbrook Gc,"2001 Rodeo Drive Bolingbrook, IL 60490 US",,630-771-9400,,
White Mountain Pro Shop,"9901 179Th St. Tinley Park, IL 60477 US",,708-478-0525,,
Springbrook Golf Course,"2220 W 83Rd Street Naperville, IL 60564 US",,630-420-4214,,
"Dick""s Sporting Goods","2763 W 75th Street Naperville, IL 60540 US",,630-548-1476,,
Cog Hill G&Cc,"12294 S. Archer Ave. Lemont, IL 60439 US",,312-257-5872,,
Olympia Fields C. C.,"2800 Country Club Dr. Olympia Fields, IL 60461 US",,708-748-0495,,
Golf Galaxy Store #16,"1931 Glacier Park Ave. Naperville, IL 60540 US",,630-416-3772,,
Naperville Cc,"25 West 570 Chicago Avenue Naperville, IL 60540 US",,630-355-0747,,
Calumet Cc,"175Th And Western Avenue Homewood, IL 60430 US",,708-799-2230,,
GOLFTEC Naperville,"1163 E. Ogden Ave. Suite 401 Naperville, IL 60563 US",,630-579-9390,,
Cherad Golf Sales Mowequa Gc,"2598 E 1900 North Road Mowequa, IL 62550 US",,217-768-3411,,
CLUB CHAMPION WILLOWBROOK,"825 75TH STREET WILLOWBROOK, IL 60527 US",,630-654-8887,,
Palos Golf,"11226 Southwest Highway Palos Hills, IL 60465 US",,708-974-4060,,
Ultimate Golf,"7203 S. Kingery Hwy Willowbrook, IL 60527 US",,630-323-1244,,
J&M Golf,"10135 Earl Dr Saint John, IN 46373 US",,219-365-5611,,
Cantigny Golf,"27 West 270 Mack Road Wheaton, IL 60189 US",,630-668-3323,,
"Dick""s Sporting Goods","618 Commons Drive Geneva, IL 60134 US",,630-943-4100,,
HURRICANE GOLF,"203 E LINCOLN HIGHWAY DE KALB, IL 60115 US",,866-955-3362,,
Edgewood Valley Cc,"7500 S. Willow Springs Rd. La Grange, IL 60525 US",,708-246-5476,,
Ruth Lake CC,"6200 S.Madison St. Hinsdale, IL 60521 US",,630-986-2070,,
Lincoln Green Gc,"700 East Lake Drive Springfield, IL 62707 US",,217-786-4111,,
Village Links Of Glen Ellyn,"485 Winchell Way Glen Ellyn, IL 60137 US",,630-469-8180,,
Golf Galaxy Store # 18,"1306 Butterfield Road Downers Grove, IL 60515 US",,630-916-9425,,
PGA TOUR Superstore - Downers Grove,"1017 Butterfield Road Downers Grove, IL 60515 US",,630-824-2080,,
Whitehawk Country Club,"1001 Whitehawk Drive Crown Point, IN 46307 US",,219-661-1300,,
GOLFTEC Oak Brook,"3011 BUTTERFIELD ROAD #290 OAK BROOK, IL 60523 US",,630-396-2020,,
Klees Golf Shop,"10436 S. Western Ave. Chicago, IL 60643 US",,773-233-4000,,
St Andrews Golf and Country Club,"2241 IL-59 West Chicago, IL 60185 US",,630-231-3160,,
Butler National,"2616 York Rd. Oak Brook, IL 60521 US",,630-990-3333,,
Sandy Pines Gc,"10527 Bunker Dr. De Motte, IN 46310 US",,219-987-3611,,
Panther Creek Country Club,"3001 Panther Creek Dr Springfield, IL 62711 US",,217-546-4431,,
Lindsey Golf Course,"4024 Bullion Blvd. Fort Knox, KY 40121 US",,888-548-5728,,
Campbellsville Cc,"3064 Hodgenville Road Campbellsville, KY 42718 US",,270-465-3620,,
Audubon Country Club,"3265 Robin Road Louisville, KY 40213 US",,502-637-5625,,
"Dick""s Sporting Goods","3500 S Hurstbourne Parkway Lousiville, KY 40299 US",,502-499-9029,,
Golf Galaxy - Louisville,"5021 Shelbyville Rd Louisville, KY 40207 US",,502-893-1910,,
GOLFTEC Louisville,"102 VIEUX CARRE DRIVE LOUISVILLE, KY 40223 US",,502-426-4314,,
Golf Headquarters Of Louisville,"13110 Shelbyville Road Louisville, KY 40243 US",,502-245-0090,,
"Dick""s Sporting Goods","3555 Springhurst Blvd Louisville, KY 40241 US",,502-429-0776,,
"Dick""s Sporting Goods","3555 Springhurst Blvd. Louisville, KY 40241 US",,--,,
Golf Plus Of Owensboro,"410 Southtown Road Owensboro, KY 42303 US",,270-686-7276,,
Frankfort Country Club,"103 Duntreath Frankfort, KY 40601 US",,502-695-1400,,
"Man O"" War Driving Range","1201 Man O"" War Blvd. Lexington, KY 40513 US",,859-259-4653,,
"Dick""s Sporting Goods","3645 Nicholasville Road Lexington, KY 40503 US",,859-273-1642,,
"Dick""s Sporting Goods - Fayette Mall","3645 Nicholasville Rd Lexington, KY 40503 US",,859-273-1642,,
"Dick""s Sporting Goods","1968 Pavillion Way Lexington, KY 40503 US",,--,,
"Eagle""s Nest Country Club","Hwy 39 North Somerset, KY 42503 US",,606-679-7754,,
"Dick""s Sporting Goods","1968 Pavillion Way Lexington, KY 40509 US",,859-264-8800,,
Gallatin Country Club,"1501 East Main Street Gallatin, TN 37066 US",,615-452-6988,,
Henderson Country Club,"1030 Country Club Drive Henderson, KY 42420 US",,270-827-3444,,
Golf Plus of Evansville,"5601 East Virginia Street Evansville, IN 47715 US",,812-477-7529,,
Gibson Bay Golf Course,"2000 Gibson Bay Drive Richmond, KY 40475 US",,859-623-0225,,
"Dick""s Sporting Goods","Kentucky Oaks MallPaducah, KY, 42001, 5101 Hinkleville Road, Unit #600 Paducah, KY, 42001, KY 42001 US",,270-442-0100,,
"Tom Howard""s Golf Superstore","4401 East Morgan Ave. Evansville, IN 47715 US",,812-476-4500,,
Bluegrass Country Club,"550 Johnny Cash Prky Hendersonville, TN 37075 US",,615-824-6566,,
"Dick""s Sporting Goods","2305 Gallatin Pike Madison, TN 37115 US",,615-855-1459,,
"Dick""s Sporting Goods","3660 Rivertown Parkway Grandville, MI 49418 US",,616-249-0660,,
"Dick""s Sporting Goods","3660 Rivertown Road Grandville, MI 49418 US",,616-249-0660,,
Maple Hill Golf Course,"5555 Ivanrest Ave Grandville, MI 49418 US",,616-538-0290,,
"Dick""s Sporting Goods","5118 28th SE Grand Rapids, MI 49512 US",,616-977-2301,,
GOLFTEC Grand Rapids,"2121 CELEBRATION DRIVE NE, SUITE #150 GRAND RAPIDS, MI 49525 US",,626-228-9034,,
Egypt Valley Cc,"7333 Knapp Ne Ada, MI 49301 US",,616-676-2626,,
Blythefield Country Club,"5801 Northland Drive N E Belmont, MI 49306 US",,616-363-1902,,
The Golf Emporium,"10831 14 Mile Road Rockford, MI 49341 US",,616-754-2280,,
Wuskowhan Players Club,"16111 Blair West Olive, MI 49460 US",,616-738-6000,,
"Dick""s Sporting Goods","5660 S Harvey Parkway Muskegon, MI 49444 US",,231-798-8003,,
Darrell Desgranges,"689 E. David Hwy Ionia, MI 48846 US",,616-527-8800,,
Muskegon Cc,"2801 Lakeshore Drive Muskegon, MI 49441 US",,616-755-1841,,
Bobicks,"6396 Gull Rd Kalamazoo, MI 49048 US",,269-342-0381,,
Golf Services,"6958 West Main Street Kalamazoo, MI 49009 US",,616-372-5956,,
Kalamazoo Country Club,"1609 Whites Rd. Kalamazoo, MI 49008 US",,269-344-0752,,
Milham Park Golf Course,"4200 Lovers Lane Kalamazoo, MI 49001 US",,269-344-7639,,
The Moors Golf Club,"7877 Moors Bridge Rd. Portage, MI 49024 US",,269-323-8873,,
Katke Golf Course,"Ferris State University, Katke Golf Course Big Rapids, MI 49307 US",,231-591-2135,,
Country Club Of Lansing,"2200 Moores River Rd. Lansing, MI 48911 US",,517-622-8353,,
"Dick""s Sporting Goods","2801 Preyde Blvd Lansing, MI, 48912, MI 48912 US",,517-702-1300,,
"Dick""s Sporting Goods","2801 Preyde Blvd. Lansing, MI 48912 US",,517-702-1300,,
Point O Woods Cc,"1516 Roslin Road Benton Harbor, MI 49022 US",,269-944-5585,,
"Dick""s Sporting Goods","4228 E. Bluegrass Road Mt. Pleasant, MI 48858 US",,989-772-1990,,
"Dick""s Sporting Goods","1982 W. Grandriver Ave., Suite 310 Okemos, MI 48864 US",,517-853-0400,,
Sunset Coast Golf Center,"3658 Niles Road Saint Joseph, MI 49085 US",,269-277-3487,,
The Foundation Learning Center,"491 Jonesville Rd. Coldwater, MI 49036 US",,517-279-6164,,
"Jay""s Sporting Goods","8800 S. Clare Ave. Clare, MI 48617 US",,989-386-3475,,
Country Club Of Jackson,"3135 Horton Road Jackson, MI 49203 US",,517-782-6283,,
"Nick""s Golf Center","30013 Old US 20 East Elkhart, IN 46514 US",,574-296-2881,,
"Dick""s Sporting Goods","4520 Grape Road Mishawaka, IN 46545 US",,574-243-4789,,
South Bend C. C.,"25800 Country Club Dr. S. Bend, IN 46619 US",,574-289-2277,,
"Clor""s Outpost","3435 Pioneer Rd Osseo, MI 49266 US",,517-523-2622,,
"Dick""s Sporting Goods","3343 Tittabawassee Road Saginaw, MI 48604 US",,989-793-3346,,
"Dick""s Sporting Goods","3343 TITTABAWASSEE ROAD Saginaw, MI 48604 US",,--,,
"Deaton""s New And Used Golf","4444 E. Grand River Rd. Howell, MI 48843 US",,517-552-9830,,
Rolling Hills C. C.,"2722 W. Roosevelt Blvd. Monroe, NC 28110 US",,704-289-4651,,
"Charlotte Nat""l Golf Club","6920 Howey Bottoms Rd. Indian Trail, NC 28079 US",,704-882-8282,,
Roberts Golf,"1310 Sandhills Boulevard Aberdeen, NC 28315 US",,910-944-2757,,
Dicks Sporting Goods,"11109 Hwy 15/501 Aberdeen, NC 28315 US",,910-246-0778,,
"Dick""s Sporting Goods","11109 Highway 15/501, Suite A Aberdeen, NC 28315 US",,910-246-0778,,
Golf Augusta,"1545 US Hwy 1 South, Unit 3 Southern Pines, NC 28387 US",,910-692-6266,,
EMERALD LAKE GOLF CLUB-FS,"9750 Tournament drive MATTHEWS, NC 28104 US",,704-882-7888,,
Highland Country Club,"1105 Highland Country Club Drive Fayetteville, NC 28305 US",,910-485-8141,,
Golf Galaxy #39,"10844 Providence Road Charlotte, NC 28277 US",,704-847-2141,,
Country Club Of S C,"3525 Mcdonald Blvd. Florence, SC 29506 US",,803-669-1838,,
Traces Golf Club,"4322 W. Southborough Road Florence, SC 29501 US",,843-662-7775,,
Raintree Country Club,"8600 Raintree Lane Charlotte, NC 28277 US",,704-541-8880,,
Cedarwood Country Club,"4100 Pineville Matthews Road Charlotte, NC 28277 US",,704-542-0250,,
The Golf Shop at Carolina Lakes GC,"23012 Kingfisher Drive Fort Mill, SC 29707 US",,803-547-9688,,
"Dick""s Sporting Goods","Magnolia Mall,, David McLeod Blvd, Suite 1500 Florence, SC 29501 US",,843-413-1321,,
Carmel Country Club,"4735 Carmel Road Charlotte, NC 28226 US",,704-542-2457,,
Ballantyne Country Club,"11120 Ballantyne Crossing Avenue Charlotte, NC 28277 US",,704-544-9755,,
Club Champion Charlotte,"4724 Sharon Rd, Suite 2J Charlotte, NC 28210 US",,980-585-2926,,
"Dick""s Sporting Goods","4325 Barclay Downs Road Charlotte, NC 28209 US",,704-972-9400,,
"Dick""s Sporting Goods","4325 Barclay Downs Dr Charlotte, NC 28209 US",,704-972-9400,,
Charlotte Country Club,"2465 Mecklenburg Ave. Charlotte, NC 28205 US",,704-333-9809,,
Myers Park Country Club,"2415 Roswell Avenue Charlotte, NC 28209 US",,704-376-0742,,
Greater Golf Express,"10400-C Centrum Parkway Pineville, NC 28134 US",,704-544-5018,,
"Dick""s Sporting Goods","9600 Pineville-Matthews Road Pineville, NC 28134 US",,704-540-4750,,
"Dick""s Sporting Goods","9600 Pineville-Mattews Road Pineville, NC 28134 US",,704-540-4750,,
"Dick""s Sporting Goods","8809 JW Clay Blvd, University Mall Charlotte Charlotte, NC 28262 US",,704-295-4411,,
"Dick""s Sporting Goods","8809 JW Clay Blvd. Charlotte, NC 28262 US",,704-295-4411,,
GOLFTEC Tyvola,"726 Tyvola Road Charlotte, NC 28217 US",,704-405-1490,,
Leatherman Learning Center,"5845 South Tryon Street Charlotte, NC 28217 US",,704-527-1123,,
Carolina Golf & Country Club,"2415 Old Steele Creek Road Charlotte, NC 28208 US",,704-392-6366,,
"Dick""s Sporting Goods","6445 Northlake Mall Drive Charlotte, NC 28216 US",,704-598-2577,,
"Dick""s Sporting Goods","6445 Northlake Mall Drive Charlotte, NC 28216 US",,704- 598-2577,,
Rock Hill Country Club,"600 Country Club Drive Rock Hill, SC 29730 US",,803-327-7790,,
"Dick""s Sporting Goods","2051 Skibo Road Fayetteville, NC 28314 US",,--,,
"Dick""s Sporting Goods","2051 Skibo Road Fayetteville, NC 28314 US",,910-867-8566,,
Carolina Golf Mart,"890 West Ritchie Rd Salisbury, NC 28147 US",,(704 639-0011,,
Northstone Club,"15801 Northstone Dr. Huntersville, NC 28078 US",,704-948-4286,,
Warrior Golf Club,"890 Lake Wright Road China Grove, NC 28023 US",,704-856-0871,,
Victory Custom Golf,"2541 Charlotte Highway Lake Wylie, SC 29710 US",,803-831-1156,,
River Run Country Club,"19125 River Falls Dr. Davidson, NC 28036 US",,704-892-4633,,
Stryker Gc,"Bldg K-1219 Bragg Blvd Fort Bragg, NC 28307 US",,910-396-3980,,
Pine Island Country Club,"1701 Stoneyridge Drive Charlotte, NC 28214 US",,704-394-1011,,
"Dick""s Sporting Goods","8825 Townley Road Huntersville, NC 28078 US",,704-896-6244,,
"Dick""s Sporting Goods","8825 Townley Road Huntersville, NC 28078 US",,--,,
THE PENINSULA CLUB,"19101 PENINSULA CLUB DRIVE CORNELIUS, NC 28031 US",,704-896-7060,,
Methodist University GC,"5400 Ramsey Str. Fayetteville, NC 28311 US",,910-630-7608,,
Cowans Ford Country Club,"761 Club Drive Stanley, NC 28164 US",,704-827-3219,,
Mooresville Golf Center,"All Star Golf, 174 West Plaza Dr Mooresville, NC 28117 US",,704-875-8822,,
Gaston Country Club,"3700 Country Club Drive Gastonia, NC 28056 US",,704-865-7949,,
Woodcreek Farms,"300 Club Ridge Dive. Columbia, SC 29045 US",,803-699-2411,,
ABQ Jock Shop,"8724 Alameda Park NE, Suite A Albuquerque, NM 87113 US",,,,
Bullseye Golf Center,"8212 Menaul Blvd Northeast Albuquerque, NM 87110 US",,505-884-5431,,
GOLFTEC Albuquerque,"419 MOUNTAIN ROAD NW ALBUQUERQUE, NM 87102 US",,505-948-5095,,
San Juan C C,"5775 Country Club Drive Farmington, NM 87402 US",,505-325-6276,,
Golf Shop At Ramsey Golf & Country Club,"105 Lakeside Drive Ramsey, NJ 07446 US",,201-327-3877,,
"Dick""s Sporting Goods","2400 Palisades Center Drive West Nyack, NY 10994 US",,845-353-1086,,
Mfanhatten Woods Cc,"1 Ahlmeyer Dr West Nyack, NY 10994 US",,845-627-2222,,
"Dick""s Sporting Goods","1 North Galleria Drive, Suite 132 Middletown, NY 10941 US",,845-692-5035,,
Sleepy Hollow Cc,"777 Albany Post Rd Scarborough, NY 10510 US",,914-941-8070,,
Tappan Golf,"116 Rt 303 Tappan, NY 10983 US",,--,,
"Trump National Gc, (Brair Hall Country Club),","Pine Rd. Briarcliff Manor, NY 10510 US",,914-941-2269,,
National Golf Worx,"410 Route 23 North Pompton Plains, NJ 07444 US",,973-839-2938,,
Ridgewood Cc,"96 West Midland Ave Paramus, NJ 07652 US",,201-225-6521,,
PGA TOUR SUPERSTORE,"295 Route 17 South Paramus, NJ 07652 US",,,,
Closter Golf Pro Shop,"153 Homans Ave. Closter, NJ 07624 US",,201-768-0990,,
Ardsley Cc,"North Mountain Drive Ardsley On Hudson, NY 10503 US",,914-591-5065,,
Mount Kisco Country Club,"10 Taylor Road Mount Kisco, NY 10549 US",,914-666-2116,,
Alpine Cc,"80 Anderson Ave Demarest, NY 07627 US",,201-768-2121,,
Metropolis Country Club,"Dobbs Ferry Road White Plains, NY 10607 US",,914-946-8814,,
Golf Galaxy - Paramus,"160 Route 17 North Paramus, NJ 07652 US",,201-967-0104,,
Whippoorwill Country Club,"150 Whippoorwill Road Armonk, NY 10504 US",,914-273-3059,,
Bowling Green Golf Club,"53 Schoolhouse Road Oak Ridge, NJ 07438 US",,973-697-8688,,
"Urinara Inc, Wayne Golf Shop","366 Rt 46 E Wayne, NJ 07470 US",,201-313-1700,,
Kens Custom Golf,"Rt 9, Fishkill Golf Club Fishkill, NY 12524 US",,845-896-0103,,
"Terence Hughes, Mahopac Golf Club","601 North Lake Blvd Mahopac, NY 10541 US",,845-628-9335,,
"Dick""s Sporting Goods","Ridge Hill, 45 Fitzgerald Street Yonkers, NY 10710 US",,914-964-0580,,
Westchester Custom Golf Center,"300 Hamilton Avenue White Plains, NY 10601 US",,914-328-8411,,
CLUB CHAMPION NY / NJ,"417 RTE 17 S HACKENSACK, NJ 07601 US",,201-996-9221,,
Glenarbor Club,"234 Bedford Center Rd. Bedford Hills, NY 10507 US",,914-241-0700,,
GOLFTEC White Plains,"190 Post Rd. 2Nd Floor White Plains, NY 10601 US",,914-316-4858,,
"Dick""s Sporting Goods","1 Maple Avenue White Planes, NY 10605 US",,914-328-3487,,
Bogota Golf Center,"30 Cross St Bogota, NJ 07603 US",,201-489-2400,,
GOLFTEC Englewood,"380 Nordhoff Place, Unit 180 Englewood, NJ 07631 US",,201-567-0103,,
Knoll Country Club,"Knoll Green & Bank Road Lake Hiawatha, NJ 07034 US",,973-263-7110,,
"Len Siter, Mountain Ridge Cc","713 Passaic Ave West Caldwell, NJ 07006 US",,973-575-8200,,
Rockaway River Country Club,"39 Pocono Road Denville, NJ 07834 US",,973-627-4461,,
Grand Ave Golf,"425 Grand Ave Palisades Park, NJ 07650 US",,201-944-4938,,
"Dick""s Sporting Goods","Poughkeepsie Galleria, 2001 South Rd Poughkeepsie, NY 12601 US",,845-297-4767,,
Round Hill Cc,"33 Round Hill Club Road Greenwich, CT 06831 US",,203-661-1648,,
Montclair Cc,"25 Prospect Avenue West Orange, NJ 07052 US",,973-239-0160,,
"Dick""s Sporting Goods","2001 South Road Poughkeepsie, NY 12601 US",,--,,
Willow Ridge Golf Course,"123 North Street Harrison, NY 10528 US",,914-967-6161,,
Winged Foot Golf Club,"Fenimore Road Mamaroneck, NY 10543 US",,914-381-5821,,
21 Golfland,"1 Route 46 West Palisades Park, NJ 07650 US",,201-941-6623,,
Demane Golf Inc,"35 Chapel Street Greenwich, CT 06831 US",,203-531-9126,,
"Dick""s Sporting Goods","240 Route 10 West East Hanover, NJ 07936 US",,973-428-0889,,
"Dick""s Sporting Goods","240 STATE ROUTE 10, STE. #15 East Hanover, NJ 07936 US",,973-428-0889,,
GOLFTEC East Hanover,"145 Route 10 East East Hanover, NJ 07936 US",,973-599-1993,,
Golf Galaxy East Hanover,"301 State Route 10 East Hanover, NJ 07936 US",,973-560-1501,,
Greenwich Country Club,"19 Doubling Road Greenwich, CT 06830 US",,203-869-4222,,
Turtle Cove Golf Center,"1 City Island Rd Bronx, NY 10464 US",,718-885-1129,,
Randalls Island Gc,"1 RANDALL""S ISLAND Randalls Island, NY 10035 US",,212-427-5689,,
"Randall""s Island Golf Center","One Randall""s Island New York, NY 10035 US",,212-427-5689,,
Randalls Island Golf Center Range,"One Randalls Island New York, NY 10035 US",,212-427-5689,,
River Creek Gc,"Box 246 Burkburnett, TX 76354 US",,940-855-3361,,
Golden Oaks C. C.,"10 Stonehedge Dr. Fleetwood, PA 19522 US",,610-944-6000,,
Sittler Golf Center,"15475 Kutztown Rd. Kutztown, PA 19530 US",,610-683-7232,,
"Dick""s Sporting Goods","2767 Paper Mill Road Reading, PA 19610 US",,610-373-7366,,
"Dick""s Sporting Goods","2767 Paper Mill Road, Space F Reading, PA 19610 US",,610-373-7366,,
Play It Again Sports,"1050 Berkshire Blvd Wyomissing, PA 19610 US",,610-779-8360,,
Pagoda Golf Area,"497 Mount Home Road Sinking Spring, PA 19608 US",,215-678-8109,,
LedgeRock Golf Club,"1 Greenbriar Dr. Mohnton, PA 19540 US",,610-777-9705,,
Brookside Country Club,"3299 Brookside Road Macungie, PA 18062 US",,610-966-5269,,
Foxchase Golf Club,"300 Stevens Rd. Stevens, PA 17578 US",,717-336-3673,,
"Dick""s Sporting Goods","Route 724 & Route 100, Pottstown, PA 19465 US",,610-323-7100,,
Lehigh Country Club,"2319 S Cedar Crest Blvd Allentown, PA 18103 US",,610-437-1451,,
Woodstone Country Club,"3777 Dogwood Road Danielsville, PA 18038 US",,610-878-5595,,
Golf Galaxy - Allentown,"931 Airport Center Drive Allentown, PA 18109 US",,610-264-8712,,
Southmoore Golf Course,"235 Moorestown Drive Bath, PA 18014 US",,610-837-7200,,
Honey Brook Golf Club,"1422 Cambridge Road Honey Brook, PA 19344 US",,610-273-0207,,
Bent Creek Golf Club,"620 Bent Creek Drive Lititz, PA 17543 US",,717-560-9461,,
Silver Creek Country Club,"700 Linden Street Hellertown, PA 18055 US",,215-838-6664,,
Golf USA Of Limerick,"232 W Ridge Pike Limerick, PA 19468 US",,(610) 906-3139,,
HERSHEY COUNTRY CLUB,"1000 E. DERRY ROAD HERSHEY, PA 17033 US",,717-533-2464,,
Kimberton Golf Club,"162 Ridge Rd. Phoenixville, PA 19460 US",,610-933-8836,,
Green Pond Country Club,"3604 Farmersville Rd. Bethlehem, PA 18017 US",,610-691-9453,,
Lancaster Country Club,"1466 New Holland Pike Lancaster, PA 17601 US",,717-393-4064,,
Tee To Green Golf Center,"1501 Montour Blvd. Danville, PA 17821 US",,570-275-8335,,
Kimberton Golf Club,"Box 12 Kimberton, PA 19442 US",,610-933-8836,,
GOLF ETC OF LANCASTER,"1264 LITITZ PIKE LANCASTER, PA 17601 US",,717-945-6817,,
Golf Etc. Lancaster,"1264 Lititz Pike Lancaster, PA 17601 US",,717-945-6817,,
Indian Valley Country Club,"650 Bergey Road Telford, PA 18969 US",,215-723-9886,,
Coatesville Cc,"143 Reservior Rd Coatesville, PA 19320 US",,610-384-0442,,
Meadia Heights Cc,"402 Golf Road Lancaster, PA 17602 US",,717-392-6030,,
"Dick""s Sporting Goods","1026 E. Lancaster Avenue Downingtown, PA 19335 US",,610-518-5200,,
Phoenixville Country Club,"Country Club Road Phoenixville, PA 19460 US",,610-935-9320,,
"Freddy""s Family Fun Center","1440 Sumneytown Pike Lansdale, PA 19446 US",,215-855-1205,,
Wyoming Valley Country Club,"1695 South Main Street Wilkes Barre, PA 18706 US",,570-824-6105,,
Riverview Country Club,"1 Riverview Place Easton, PA 18040 US",,610-559-9700,,
Bumble Bee Hollow,"4201 Linglestown Rd. Harrisburg, PA 17112 US",,717-540-9760,,
GOLFTEC Malvern,"335 EAST KING ST MALVERN, PA 19355 US",,877-893-0133,,
"Dick""s Sporting Goods","479 Arena Hub Plaza Wilkes-Barre, PA 18702 US",,570-823-8288,,
"Dick""s Sporting Goods","479 Arena Hub Plaza Wilkes-Barre, PA 18702 US",,--,,
GOLFTEC King of Prussia,"436 West Swedesford Road Berwyn, PA 19312 US",,610-296-7031,,
Golf Galaxy #33,"380 West Swedsford Rd Berwyn, PA 19312 US",,484-952-0001,,
"Dick""s Sporting Goods","Hudson Valley Mall, Suite 127 #A1 Kingston, NY 12401 US",,845-382-2151,,
Golf Galaxy - Montgomeryville,"31 Airport Square North Wales, PA 19454 US",,267-218-7050,,
"Dick""s Sporting Goods","113 Montgomeryville Mall North Wales, PA 19454 US",,215-368-2186,,
Blue Bell Country Club,"1800 Tournament Drive Blue Bell, PA 19422 US",,610-292-9095,,
TANGLEWOOD MANOR GOLF COURSE,"PO BOX 605 QUARRYVILLE, PA 17566 US",,717-786-2500,,
Oak Hill Golf Club,"15 Fernwood Road Milford, NJ 08848 US",,408-995-2284,,
Cc Of Harrisburg,"401 Fishing Creek Valley Rd. Harrisburg, PA 17112 US",,860-669-6074,,
White Manor Country Club,"831 Providence Road Malvern, PA 19355 US",,610-647-1070,,
St Davids Golf Course,"845 Radner Street Wayne, PA 19087 US",,610-688-9708,,
Pocono Manor Resort,"Greg Wall Pro Shop Pocono Manor, PA 18349 US",,717-839-7110,,
Austads Golf,"2801 East 10th St. Sioux Falls, SD 57103 US",,605-339-0524,,
Austads Golf,"1501 West 41st St. Sioux Falls, SD 57105 US",,605-275-2582,,
"Austad""s Golf","1501 W. 41St Street Sioux Falls, SD 57105 US",,605-275-2582,,
Wild Oak Golf Club,"2500 E 1ST AVE Mitchell, SD 57301 US",,605-996-2084,,
Prairie Winds Cc,"555 South Lake Dr. Watertown, SD 57201 US",,605-886-3554,,
Hillcrest Golf & Cc,"2206 Mulberry Yankton, SD 57078 US",,605-665-4621,,
Center Sports,"316 10Th Str. Worthington, MN 56187 US",,507-376-3683,,
GOLFTEC El Paso,"BELTRAN GOLF LLC, 641 N RESLER DR., SUITE 304 EL PASO, TX 79912 US",,915-308-0880,,
El Paso Cc,"2860 Country Club Road El Paso, IL 61738 US",,309-527-5225,,
NMSU GOLF COURSE,"3000 HERB WIMBERY DRIVE LAS CRUCES, NM 88011 US",,575-646-3219,,
TEES GOLF,"415 LAKE AIR DRIVE WACO, TX 76710 US",,254-662-5755,,
Wildflower Cc,"4902 Wildflower Lane Temple, TX 76502 US",,254-771-1177,,
"Dick""s Sporting Goods","201 East Central Texas Expressway, Suite 2150 Harker Heights, TX 76548 US",,254-690-3397,,
CLEAR CREEK GOLF COURSE,"52381 BATTALION AVE FORT HOOD, TX 76544 US",,254-287-4130,,
The Golf Ranch,"610 N. Austin Ave Georgetown, TX 78626 US",,512-863-4573,,
Granbury Golf Etc.,"2461 East Highway 377 Granbury, TX 76049 US",,817-579-5400,,
Walnut Creek Country Club,"1151 Country Club Drive Mansfield, TX 76063 US",,817-473-5840,,
CIMARRON HILLS GOLF & COUNTRY CLUB,"CIMARRON HILLS GOLF & COUNTRY CLUB, 200 CIMARRON HILLS TRAIL W GEORGETOWN, TX 78628 US",,512-763-8737,,
Cimarron Hills Golf and Country Club,"200 Cimarron Hills Trail W Georgetown, TX 78628 US",,512 763-8700,,
"Dick""s Sporting Goods","305 West FM 1382, Suite 562 Cedar Hill, TX 75104 US",,972-291-5530,,
Tierra Verde Gc,"7005 Golf Club Drive Arlington, TX 76001 US",,817-572-1300,,
Briarcrest Country Club,"1929 Country Club Dr. Bryan, TX 77802 US",,979 776-0133,,
D & J Golf,"1853-55 Briarcrest Drive Bryan, TX 77802 US",,979-776-4653,,
"Dick""s Sporting Goods","3891 South Cooper Street Arlington, TX 76015 US",,817-987-4800,,
Mira Vista Country Club,"6600 Mira Vista Blvd Fort Worth, TX 76132 US",,817-294-6666,,
Golf Club Of Dallas,"2200 West Redbird Lane Dallas, TX 75232 US",,214-333-3595,,
Squaw Creek G C,"3400 Bryant Irvin Rd. Fort Worth, TX 76109 US",,817-473-6114,,
Colonial Cc,"3735 Country Club Circle Fort Worth, TX 76109 US",,817-927-4221,,
Ridglea Country Club,"3700 Bernie Anderson Drive Fort Worth, TX 76116 US",,817-732-8111,,
Dallas National Gc,"1515 Knoxville Dallas, TX 75211 US",,214-331-6144,,
Edwin Watts Golf,"5805 Camp Bowie Fort Worth, TX 76107 US",,817-731-4441,,
River Crest Cc,"1501 Western Avenue Fort Worth, TX 76107 US",,817-738-9221,,
GOLFTEC MONTGOMERY PLAZA-FS,"2600 WEST 7TH STREET, SUITE 180 FORT WORTH, TX 76107 US",,817-524-6648,,
Leonard Golf Links,"3200 Chapel Creek Blvd. Fort Worth, TX 76116 US",,817-560-0200,,
Ditto Golf Course,"801 Brown Blvd. Arlington, TX 76011 US",,817-275-3271,,
Twin Creek Country Club,"3201 Twin Creeks Club Dr Cedar Park, TX 78613 US",,512 331-5900,,
Pebble Creek CC,"4500 Pebble Creek Pkwy College Station, TX 77845 US",,979-690-0990,,
"Dick""s Sporting Goods","3210 Kramer Lane, Austin, TX 78758 US",,512-339-3299,,
The Golf Station,"1220 W Hurst Blvd Hurst, TX 76053 US",,817-595-4653,,
Great Hills Country Club,"5914 Lost Horizon Austin, TX 78759 US",,512-345-0505,,
Golf Galaxy Austin,"10001 Research Blvd. Austin, TX 78759 US",,512-502-9231,,
Squaw Creek Golf Course,"1605 Ranch House Road Willow Park, TX 76087 US",,--,,
Tenison Park G.C.,"3501 Samuell Dallas, TX 75223 US",,214-670-1402,,
Lakewood C.C.,"6430 Gaston Ave. Dallas, TX 75214 US",,214-821-7690,,
Las Colinas Cc Golf,"4400 N. O""connor Rd. Irving, TX 75062 US",,972-541-1141,,
Four Seasons Resort,"4200 N. Macarthur Blvd. Irving, TX 75038 US",,214-717-0700,,
GOLFTEC Park Cities,"5400 East Mockingbird,Suite 222 Dallas, TX 75206 US",,469-334-0500,,
GOLFTEC Las Colinas,"114 E. JOHN CARPENTER FRWY. -SUITE 130 IRVING, TX 75062 US",,972-294-7787,,
CLUB CHAMPION AUSTIN,"3801 N CAPITAL OF TEXAS HWY AUSTIN, TX 78746 US",,512-953-5900,,
The University of Texas Golf Club,"2200 University Club Drive Austin, TX 78732 US",,512 583-8842,,
Golf Galaxy #50 - Northpark,"9390 North Central Expressway Dallas, TX 75231 US",,214-210-0268,,
POINT VENTURE GOLF CLUB,"422 VENTURE BLVD. S. LEANDER, TX 78645 US",,512-267-2768,,
Timarron Cc,"1400 Byron Nelson Pky Southlake, TX 76092 US",,817-481-1257,,
"Dick""s Sporting Goods","2000 Market Place Blvd Irving, TX 75063 US",,972-402-0600,,
PGA TOUR Superstore,"2241 East Southlake Blvd Southlake, TX 76092 US",,817-722-5190,,
PGATSS - SOUTHLAKE,"2241 EAST SOUTHLAKE BLVD. SOUTHLAKE, TX 76092 US",,817-722-5190,,
GOLFTEC Westlake,"2785 BEE CAVE ROAD #341 AUSTIN, TX 78746 US",,512-231-9797,,
Edwin Watts Of Southlake,"2801 E. Northwest Pkwy. Southlake, TX 76092 US",,817-310-6492,,
The Hills Country Club,"26 Club Estates Parkway Austin, TX 78738 US",,512 261-7272,,
Dallas Golf,"9673 Wendell Road Dallas, TX 75243 US",,972-613-1535,,
River Oaks Gc,"9300 South Riverside Drive Sandy, UT 84070 US",,801-568-4653,,
Golf Galaxy Store #26,"6148 South State St Salt Lake City, UT 84107 US",,801-747-0700,,
Willow Creek Cc,"8505 South Willow Creek Drive Sandy, UT 84093 US",,801-942-1621,,
Impact Golf Center,"12101 S. Factory Outlet Dr., STE 105 Draper, UT 84020 US",,801-987-8934,,
GOLFTEC Salt Lake City,"6582 S BIG COTTONWOOD CANYON, SUITE 100 HOLLADAY, UT 84121 US",,801-618-0399,,
Edwin Watts Uinta Golf,"560 East 2100 South Salt Lake City, UT 84106 US",,801-487-8233,,
Golf Lab,"925 South West Temple Salt Lake City, UT 84101 US",,801-746-1291,,
"Dick""s Sporting Goods","41 South Rio Grande Salt Lake City, UT 84101 US",,(801) 456-0200,,
"Dick""s Sporting Goods","41 South Rio Grande Salt Lake City, UT 84101 US",,801-456-0200,,
GOLFTEC Bountiful,"535 SOUTH 200 WEST BOUNTIFUL, UT 84010 US",,385-243-0768,,
GOLFTEC Park City,"1890 BONANZA DRIVE, SUITE #117 PARK CITY, UT 84060 US",,435-214-4491,,
"Dick""s Sporting Goods","130 E University Parkway Orem, UT 84058 US",,801-225-7073,,
Uinta Golf Orem,"1666 Soth State St. Orem, UT 84097 US",,801-221-7494,,
Riverside Country Club,"2701 North Univ Provo, UT 84604 US",,801-373-8262,,
"Dick""s Sporting Goods","Layton Hills Mall, 1201 N. Hill Field Road #1024 Layton, UT 84041 US",,,,
Sun Hills Golf Course,"3185 N. North Hills Dr. Layton, UT 84041 US",,801-771-4814,,
MVP Sports,"72 North Main Street Spanish Fork, UT 84660 US",,801-798-3587,,
MVP Sports (SW),"72 North Main Spanish Fork, UT 84660 US",,,,
Uinta Golf,"5360 South Freeway Park Dr. Riverdale, UT 84405 US",,801-825-4009,,
Logan Golf & Country Club,"710 N 1500 E. Logan, UT 84321 US",,435-753-6050,,
Addicted to Golf,"1215 E. George Washington Highway Yorktown, VA 23693 US",,757-591-9565,,
"Dick""s Sporting Goods","12300 Jefferson Avenue, Suite 700 Newport News, VA 23602 US",,757-249-2140,,
"Dick""s Sporting Goods","12300 Jefferson Avenue, SUITE 700 Newport News, VA 23602 US",,757-249-2140,,
Penninsula Driving Range,"209 West Mercury Blvd Hampton, VA 23669 US",,804-723-9220,,
"Dick""s Sporting Goods","The Marquis, 120 Gristmil Plaza Williamsburg, VA 23185 US",,757-258-3364,,
Addicted to Golf,"3032 Richmond Rd Williamsburg, VA 23185 US",,757-253-7696,,
Cypress Creek Golfers Club,"600 Cypress Creek Pky Smithfield, VA 23430 US",,757-825-7232,,
Sewells Point Golf Course,"660 Ruthven Road Norfolk, VA 23511 US",,(757) 444-5572,,
"Dick""s Sporting Goods","6253 College Drive, Suite 2000 Suffolk, VA 23434 US",,757-638-2001,,
RIVERFRONT GOLF CLUB LLC-FS,"5200 RIVER CLUB DRIVE SUFFOLK, VA 23435 US",,757-484-2200,,
Bayville Golf Club,"4137 First Court Rd. Virginia Beach, VA 23455 US",,804-460-2616,,
GOLF GALAXY VIRGINIA BEACH,"4000 VIRGINIA BEACH BLVD, STE 214B VIRGINIA BEACH, VA 23452 US",,757-305-9837,,
Golf Headquarters,"741 Eden Way North, Suite 312 Chesapeake, VA 23320 US",,757-548-3211,,
Addicted to Golf,"1940 Laskin Rd, Suite 301 Virginia Beach, VA 23454 US",,757-313-9334,,
"Dick""s Sporting Goods","701 Lynnhaven Parkway, suite 1001 Virginia Beach, VA 23452 US",,757-463-4379,,
"Dick""s Sporting Goods","701 Lynnhaven Parkway, Suite #1001 Virginia Beach, VA 23452 US",,757-463-4379,,
Clarks Golf Shop-FS,"10401 Johnson Road Petersburg, VA 23805 US",,804-733-4458,,
Hamiltons Pro Shop,"2100 Boulevard Colonial Heights, VA 23834 US",,804-526-5085,,
Hobbs Hole Golf Course,"1267 Hobbs Hole Drive Tappahannock, VA 22560 US",,804-443-4500,,
The Pines At Elizabeth City,"1525 North Road Street Elizabeth City, NC 27909 US",,252-335-7245,,
Hodson Golf,"8010 Villa Park Drive Richmond, VA 23228 US",,804-475-6311,,
"Dick""s Sporting Goods","9940 Brook Road Glen Allen, VA 23059 US",,804-261-1853,,
"Dick""s Sporting Goods","9204 Stony Point Parkway Richmond, VA 23235 US",,804-253-0800,,
"Dick""s Sporting Goods","9204 Stony Point Pkwy Richmond, VA 23235 US",,804- 253-0800,,
"Dick""s Sporting Goods","1520 Koger Center Blvd. Richmond, VA 23235 US",,804-897-5299,,
"Dick""s Sporting Goods","1520 W Koger Center Blvd Richmond, VA 23235 US",,804-897-5299,,
Stonehenge Golf & Country Club,"1000 Farnham Drive Richmond, VA 23236 US",,804-378-7841,,
Brandermill Country Club,"3700 Brandermill Parkway Midlothian, VA 23112 US",,804-744-1189,,
Birkdale Golf & C.C.,"8511 Royal Birkdale Dr. Chesterfield, VA 23832 US",,804-739-8800,,
"Dick""s Sporting Goods","14629 Hancock Village St West Chesterfield, VA 23832 US",,804-639-1107,,
Salisbury C.C.,"13620 Salisbury Road Midlothian, VA 23113 US",,804-794-8255,,
GOLF GALAXY GLEN ALLEN,"2000 OLD BRICK ROAD GLEN ALLEN, VA 23060 US",,804-360-2500,,
THE CURRITUCK CLUB CCA-FS,"620 CURRITUCK CLUBHOUSE DRIVE COROLLA, NC 27927 US",,888-453-9400,,
"Dick""s Sporting Goods","11800 W Broad Street, #1096 Richmond, VA 23233 US",,804-360-8165,,
"Dick""s Sporting Goods","11800 W Broad Street Richmond, VA 23233 US",,804-368-6165,,
The Carolina Club,"128 Carolina Club Dr Grandy, NC 27939 US",,252-453-3588,,
MAGNOLIA GREEN GOLF CLUB-FS,"WESTHAM GOLF MANAGEMENT LLC, 17301 MEMORIAL TOURNAMENT DR MOSELEY, VA 23120 US",,804-639-5701,,
HODSON GOLF,"600 FOUNDERS BRIDGE BLVD. MIDLOTHIAN, VA 23113 US",,804-475-6311,,
Windy Hill Pro Shop,"16500 Midlothian Turnpike Midlothian, VA 23113 US",,804-794-7193,,
Richmond Country Club,"12950 Patterson Ave Henrico, VA 23238 US",,804-784-5663,,
BRETON BAY GOLF & CC,"21935 SOCIETY HILL ROAD LEONARDTOWN, MD 20650 US",,301-475-2300,,
The Federal Club,"13030 Palmers Way Glen Allen, VA 23059 US",,804-798-4996,,
"Mulligans, Inc.","1675 Ashland Road Richmond, VA 23233 US",,804-747-7277,,
Jensen Golf Academy @ Chowan CC,"1101 W. Sound Shore Dr Edenton, NC 27932 US",,252-599-0469,,
The Pointe Golf Club,"308 Pointe Golf Course Dr Powells Point, NC 27966 US",,252-491-8388,,
Green Hill Yacht & C. C.,"5471 Whitehaven Rd. Quantico, MD 21856 US",,410-749-5119,,
Fredericksburg Country Club,"11031 Tidewater Trail Fredericksburg, VA 22408 US",,540-373-4171,,
"Dick""s Sporting Goods","9721 Jefferson Davis Parkway Fredericksburg, VA 22408 US",,540-834-4561,,
Fredericksburg Golf Center,"2017B Plank Road Fredericksburg, VA 22401 US",,540-372-7888,,
"Dick""s Sporting Goods","2300 North Salisbury Blvd Salisbury, MD 21801 US",,--,,
GOLFTEC Bellevue,"111 108Th Ave. N.E. Bellevue, WA 98004 US",,425-454-7956,,
CLUB CHAMPION SEATTLE,"10622 NE 10TH ST BELLEVUE, WA 98004 US",,425-223-5925,,
Glendale Country Club,"13440 Main Street Bellevue, WA 98005 US",,425-746-7377,,
Gregg Rogers Golf Performance,"2021 130Th AVE NE SUITE D BELLEVUE, WA 98005 US",,425-746-1655,,
Puetz Golf Superstore,"1645 140Th Avenue Ne Bellevue, WA 98005 US",,425-747-0664,,
Pro Golf Disc Seattle,"14121 N.E. 20Th St. Bellevue, WA 98007 US",,425-641-6766,,
Braodmoor Golf Club,"2340 Broadmoor Dr. E Seattle, WA 98112 US",,206-325-8444,,
GOLFTEC South Lake Union,"255 Yale Ave Seattle, WA 98109 US",,206-367-6885,,
West Seattle Golf Course,"4470 35Th Ave., Sw Seattle, WA 98126 US",,206-935-5187,,
Interbay Family Golf Ctr,"2501 15Th Ave. Seattle, WA 98119 US",,206-285-2200,,
Puetz Golf Superstore,"11762 Aurora Avenue Seattle, WA 98133 US",,206-362-2272,,
Three GI Sports,"9000 Holman Rd. Seattle, WA 98117 US",,206-782-5860,,
Inglewood Golf Club,"6505 Inglewood Road Ne Kenmore, WA 98028 US",,425-488-7000,,
Pro Golf Discount Of Seattle,"301 Tukwila Pkwy. Ste. D Seattle, WA 98188 US",,425-431-0100,,
GOLFTEC Southcenter,"406 Baker Blvd. Suite 120 Tukwila, WA 98188 US",,206-577-3500,,
Puetz Golf Superstore,"402 Strander Blvd. Tukwila, WA 98188 US",,253-474-8288,,
Seattle Golf Club,"210 Nw 145Th Street Seattle, WA 98177 US",,206-362-3146,,
GOLFTEC Lynnwood,"3225 Alderwood Mall Blvd, Suite G Lynnwood, WA 98036 US",,425-412-3999,,
Pro Golf Disc Seattle,"19125 33Rd Avenue West Lynnwood, WA 98036 US",,425-771-2131,,
Jorgensen Golf,"11700 Mukilteo Speedway Mukilteo, WA 98275 US",,425-349-1347,,
Walter Hall Golf,"1226 West Casino Road Everett, WA 98204 US",,425-353-4653,,
Everett Golf & Country Club,"1500 52Nd Street Everett, WA 98203 US",,425-259-1214,,
Kitsap Country Club,"3885 Nw Golf Club Hill Rd Bremerton, WA 98312 US",,360-373-5101,,
Mccormick Woods Golf,"5155 Mccormick Woods Drive Port Orchard, WA 98367 US",,360-895-0150,,
Gold Mountain Golf Course,"7263 West Belfair Valley Rd. Bremerton, WA 98312 US",,360-415-5432,,
Sportco,"4602 20Th St. East Fife, WA 98424 US",,206-922-2581,,
Pro Golf Discount Of Seattle,"5015 Tacoma Mall Blvd. Ste C Tacoma, WA 98409 US",,253-473-4290,,
Tacoma Firs Golf Center,"4504 South Tyler St Tacoma, WA 98409 US",,253-472-6899,,
Puetz Evergreen Superstore,"6409 Tacoma Mall Blvd Tacaoma, WA 98409 US",,253-474-8288,,
"Dick""s Sporting Goods","3500 Meridian St, South Hill Mall #600 Puyallup, WA 98373 US",,253-770-5787,,
Brookdale Golf Club,"1802 Brookdale Dr Tacoma, WA 98445 US",,253-537-4400,,
Pro Golf Disc Seattle,"4225 Guide Meridian St. Bellingham, WA 98226 US",,360-738-7101,,
Three Lakes Golf,"2695 Golf Drive Malaga, WA 98828 US",,509-663-5448,,
Nakoma Country Club,"4145 Country Club Road Madison, WI 53711 US",,608-238-3143,,
The Golf Shack,"5916 O Dana Road Madison, WI 53719 US",,608-274-8170,,
Golf Shack East,"1436 North Stoughton Road Madison, WI 53714 US",,608-244-8881,,
"Dick""s Sporting Goods","237 West Towne Mall Madison, WI 53719 US",,608-829-1313,,
"Nevada Bob""s","7502 West Towne Way Madison, WI 53717 US",,608-833-6337,,
Golf Galaxy West Madison,"502 South Highpoint Road Madison, WI 53719 US",,608-826-2800,,
"Dick""s Sporting Goods","350 East Towne Mall Madison, WI 53704 US",,608-241-2764,,
GOLFTEC Middleton,"8333 Greenway Blvd Middleton, WI 53562 US",,608-831-3673,,
Broadlands Golf Course,"18 Augusta Way North Prairie, WI 53153 US",,262-392-6320,,
Bristlecone Pines Golf Club,"1500 East Arlene Drive Hartland, WI 53029 US",,262-367-7880,,
Western Lakes Golf Club,"W287 N1963 Oakton Road Pewaukee, WI 53072 US",,262-691-0900,,
Mauh Nah Tee See Country Club,"5151 Guilford Rd Rockford, IL 61107 US",,815-399-0711,,
The Golf Shack,"1631 N. Bell School Rd. Rockford, IL 61107 US",,815-397-3709,,
Golf Galaxy Brookfield,"19030 West Bluemound Road Brookfield, WI 53045 US",,262-786-2660,,
The Golf Outlet,"18915 West Capitol Drive Suite 104 Brookfield, WI 53045 US",,262-783-0202,,
Prairie View Gc,"7993 North River Road Byron, IL 61010 US",,815-234-4653,,
North Hills Country Club,"W 13430 Appleton Ave. Menomonee Falls, WI 53051 US",,414-251-5750,,
GOLFTEC Wauwatosa,"12132 WEST CAPITOL DRIVE WAUWATOSA, WI 53222 US",,414-463-4653,,
Golf Galaxy Greenfield,"7801 W. Layton Ave. Greenfield, WI 53220 US",,414-817-9900,,
Tuckaway Country Club,"6901 West Drexel Franklin, WI 53132 US",,414-425-6570,,
Bull Valley Golf Club,"1311 Club Rd Woodstock, IL 60098 US",,815-337-4411,,
Milwaukee Country Club,"8000 North Range Line Road River Hills, WI 53217 US",,414-354-8710,,
Pro Circlegolf Center,"1810 West Route 12 Spring Grove, IL 60081 US",,815-675-2747,,
Oakwood Park Golf Course,"3720 West Oakwood Road Franklin, WI 53132 US",,414-358-2880,,
GOLFTEC Mequon,"GOLFTEC MEQUON, 1408 WEST MEQUON ROAD MEQUON, WI 53092 US",,262-240-9851,,
GOLFTEC Mequon,"1408 W. Mequon Rd. Thiensville, WI 53092 US",,262-240-9851,,
"Dick""s Sporting Goods","3436 Shoppers Drive McHenry, IL 60051 US",,815-578-8880,,
"Dick""s Sporting Goods","1020 Port Washington Rd Grafton, WI 53024 US",,262-377-6349,,
Golf Academy at Terra Cotta,"5200 Pleasant Hill Rd Crystal Lake, IL 60012 US",,815-355-4225,,
The Golf Shack,"7300 118th Ave. Kenosha, WI 53142 US",,262-857-6622,,
"Dick""s Sporting Goods","2710 B South Green Bay Road Racine, WI 53406 US",,262-554-8117,,
"Dick""s Sporting Goods","9899 76th st Kenosha, WI 53158 US",,262-697-5764,,
"Dick""s Sporting Goods","1816 Randall Road Algonquin, IL 60102 US",,847-960-7700,,
"Dick""s Sporting Goods","655 S. PERRY RD PLAINFIELD, IN 46168 US",,--,,
Golf Galaxy,"6521 S Grand Ave Gurnee, IL 60031 US",,847-856-5521,,
Ivanhoe Gc Private Club,"28846 N Thorngate Dr Ivanhoe, IL 60060 US",,847-970-3800,,
Pine Meadows Cc,"One Pine Meadow Lane Mundelein, IL 60060 US",,847-566-4653,,
Impact Golf,"1688 N. St. Andrews Vernon Hills, IL 60061 US",,847-549-8678,,
Glen Flora Cc,"2200 North Sheridan Road Waukegan, IL 60087 US",,847-244-6304,,
"Dick""s Sporting Goods","21830 West Long Grove Road Derr Park, IL 60010 US",,847-550-1527,,
"Dick""s Sporting Goods","700 N. Milwaukee Ave, Unit 121 Hawthorn Hills Fashion Square Vernon Hills, IL 60061 US",,847-573-8240,,
Golf Galaxy Store # 19,"555 E Townline Rd #9 Vernon Hills, IL 60061 US",,847-549-1675,,
GOLFTEC Vernon Hills,"701 North Milwaukee Ave Vernon Hills, IL 60061 US",,847-327-0605,,
Sheboygan Town & CC,"N 6829 Charter Rd. Sheboygan, WI 53083 US",,414-467-2509,,
Golf Galaxy Appleton,"567 North Casaloma Drive Appleton, WI 54913 US",,920-731-1933,,
"Dick""s Sporting Goods","4350 Greenville Drive Appleton, WI 54915 US",,920-954-9266,,
Conway Farms Gc,"405 S. Conway Farms Dr. Lake Forest, IL 60045 US",,847-234-7160,,
Bartlett Hills GC,"800 West Oneida Avenue Bartlett, IL 60103 US",,630-837-2741,,
Bell Nob Golf Course,"4600 Overdale Drive Gillette, WY 82718 US",,307-685-3077,,
Golf Club at Red Rock,"6520 Birkdale Dr Rapid City, SD 57702 US",,605-718-4710,,
Rapid City Scheels,"1225 EGLIN STREET Rapid City, SD 57701 US",,605-342-9033,,
Scheels - Rapid City,"1225 Eglin Street Rapid City, SD 57701 US",,406-656-9220,,
The Powder Horn,"23 Country Club Lane Sheridan, WY 82801 US",,307-672-5323,,
Paradise Valley Country Club,"70 Magnolia Casper, WY 82604 US",,307-234-9146,,
Sage Lake Golf Club,"100 East 65Th North Idaho Falls, ID 83401 US",,208-612-8535,,
"Dick""s Sporting Goods","Pocatello Square, 1844 Hurley Drive Pocatello, ID 83201 US",,208-238-6002,,
Casper Country Club,"4149 Country Club Road Casper, WY 82609 US",,307-235-5777,,
Briardwood Country Club,"3429 Briardwood Blvd Billings, MT 59101 US",,406-248-2702,,
"Mitchell""s Golf","3007 Montana Ave Billings, MT 59101 US",,406-256-9555,,
Laurel Pro Shop,"1020 Golf Course Road Laurel, MT 59044 US",,406-628-4504,,
Yellowstone Country Club,"5707 Bobby Jones Blvd Billings, MT 59106 US",,406-248-2702,,
Riverview G C,"100928 County Road 19 Scottsbluff, NE 69361 US",,402-635-1555,,
Monument Shadows,"2550 Clubhouse Dr. Gering, NE 69341 US",,308-436-5096,,
Cheyenne Country Club,"800 Steinner Cheyenne, WY 82001 US",,307-637-2202,,
Four Winds Golf Course,"310 South Elm Street Kimball, NE 69145 US",,,,
Skyview Gc,"2613 Country Road 57 Alliance, NE 69301 US",,308-762-1989,,
MOUNTAIN VISTA GREENS,"2808 NE FRONTAGE RD. FORT COLLINS, CO 80524 US",,970-482-4847,,
Collindale Golf Club,"1441 E. Horsetooth Rd. Fort Collins, CO 80525 US",,970-221-6651,,
GOLFTEC Fort Collins,"4637 S Mason St., Suite A4 Fort Collins, CO 80525 US",,970-692-5270,,
Highland Meadows Golf Club,"6300 Highland Meadows Pkwy Windsor, CO 80550 US",,970-204-4653,,
"Dick""s Sporting Goods","5975 Sky Pond Drive Loveland, CO 80537 US",,970-461-3980,,
"Dick""s Sporting Goods","5875 Sky Pond Drive Loveland, CO 80537 US",,970-461-9762,,
Bridger Creek,"2710 Mc Lhattan Rd Bozeman, MT 59715 US",,406-586-2333,,
Dos Rios Golf Club,"501 Del Camino Dr. Gunnison, CO 81230 US",,970-641-1482,,
"Dick""s Sporting Goods","210 Ken Pratt Boulevard, Suite 120 Longmont, CO 80501 US",,303-682-5740,,
Twin Peaks Golf Course,"1200 CORNELL DRIVE LONGMONT, CO 80503 US",,303-651-8401,,
"Dick""s Sporting Goods","2269 Prairie Center Parkway Brighton, CO 80601 US",,720-685-1701,,
GOLFTEC Boulder,"2767 Iris Avenue Boulder, CO 80304 US",,303-858-8280,,
WESTLAKE GOLF COURSE,"CHRIS THATCHER, 4812 LAKEVIEW CANYON ROAD WESTLAKE VILLAGE, CA 91361 US",,818-889-0770,,
"Dick""s Sporting Goods","16521 Washington Street Thornton, CO 80602 US",,303-280-6153,,
Golf Galaxy,"10460 Town Center Drive, Suite 100 Westminster, CO 80021 US",,303-952-5571,,
Gott Golf at Green Valley Ranch,"4900 Himalaya Road Denver, CO 80249 US",,303-345-5442,,
Fossil Trace Golf Club,"3050 Illinois St. Golden, CO 80401 US",,303-277-8750,,
Lakewood Cc,"6800 West 10Th Ave Lakewood, CO 80214 US",,303-233-0508,,
GOLFTEC Lakewood,"12105 W ALAMEDA, SUITE 140 LAKEWOOD, CO 80228 US",,303-278-3589,,
Denver Country Club,"1700 E 1St Ave Denver, CO 80218 US",,303-733-2441,,
GOLFTEC Cherry Creek,"3773 Cherry Creek S Dr #130 Denver, CO 80209 US",,303-388-4832,,
Slammers Sports Center,"1878 S. Wadsworth Blvd. Lakewood, CO 80232 US",,303-988-7426,,
"Dick""s Sporting Goods","1200 S Ironton St Aurora, CO 80012 US",,303-755-0410,,
Denver Athletic Supply,"3101 So. Platt River Dr. Englewood, CO 80110 US",,303-761-7773,,
"Lenny""s Supreme Ski And Golf","2601 South Parker Road Aurora, CO 80014 US",,303-369-5900,,
Pinehurst Country Club,"6255 W. Quincy Ave. Denver, CO 80235 US",,303-985-1551,,
Meta Golf,"2101 W. Oxford Englewood, CO 80110 US",,,,
CHERRY HILLS COUNTRY CLUB,"4125 S UNIVERSITY BLVD Englewood, CO 80110 US",,303-350-5220,,
Meadow Hills Golf Pro Shop,"3609 S. Dawson Str. Aurora, CO 80014 US",,303-690-2500,,
"Dick""s Sporting Goods","8501 West Bowles Avenue Littleton, CO 80123 US",,720-981-0618,,
Raccoon Creek Golf Course,"7301 W. Bowles Ave. Littleton, CO 80123 US",,303-932-0199,,
GOLFTEC Denver Tech Center,"8101 East Belleview Ave. Denver, CO 80237 US",,303-770-5951,,
"Dick""s Sporting Goods","6737 S Vine St Centennial, CO 80122 US",,303-797-3360,,
Aspen Glen Golf Club,"545 Bald Eagle Way Carbondale, CO 81623 US",,970-704-1988,,
Stevens Point Country Club,"1628 Country Club Drive Stevens Point, WI 54481 US",,715-345-8905,,
Goal-Line Golf,"1430 Grand Ave. Schofield, WI 54476 US",,715-355-1790,,
Golf Headquarters,"542 Lester Ave. Onalaska, WI 54650 US",,608-783-4433,,
SCHEELS,"4710 GOLF RD EAU CLAIRE, WI 54701 US",,715-833-1886,,
"Scheel""s Sport Shop","4710 Golf Rd. Eau Claire, WI 54701 US",,715-833-1886,,
Oneida Golf & Riding,"207 Country Club Road Green Bay, WI 54303 US",,414-435-9665,,
"Dick""s Sporting Goods","811 Pilgrim Way, Suite A Green Bay, WI 54304 US",,920-490-8488,,
Mr Golf Inc,"3111 Monroe Depere, WI 54115 US",,414-499-1590,,
Little River CC,"N2235 Shore Dr. Marinette, WI 54143 US",,715-732-2221,,
Deerpath Gc,"500 W. Deerpath Lake Forest, IL 60045 US",,847-234-2600,,
Deerfirld Gc,"1201 Saunders Rd. Riverwoods, IL 60015 US",,847-945-0650,,
Dererfield GC,"1201 Saunders Road Deerfield, IL 60015 US",,847-945-8333,,
Northmoor Cc,"820 Edgewood Rd. Highland Park, IL 60035 US",,847-926-5500,,
CLUB CHAMPION DEERFIELD,"37 N WAUKEGAN RD DEERFIELD, IL 60015 US",,847-386-6820,,
GOLFTEC Deerfield,"360 SOUTH WAUKEGAN ROAD DEERFIELD, IL 60015 US",,224-330-4020,,
"Dick""s Sporting Goods","401 E Palatine Road Arlington Heights, IL 60004 US",,847-577-1283,,
Rolling Green Cc,"2525 E. Rand Rd. Arlington Heights, IL 60004 US",,847-253-0400,,
Sunset Ridge Country Club,"2100 Sunset Ridge Rd Northfield, IL 60093 US",,847-446-7730,,
THE GLEN CLUB,"THE GLEN CLUB, 2901 WEST LAKE AVENUE GLENVIEW, IL 60026 US",,847-724-7272,,
The Glen Club,"2901 W. Lake St. Glenview, IL 60026 US",,847-832-6450,,
PGA TOUR Superstore - Schaumburg,"1319 East Golf Road Schaumburg, IL 60173 US",,847-592-5510,,
"Dick""s Sporting Goods","601 N. Martingale, Suite 195 Schaumburg, IL 60173 US",,847-995-0200,,
"Dick""s Sporting Goods","601 N. MARTINGALE RD., STE. #195 Schaumburg, IL 60173 US",,847-995-0200,,
Golf Center Pro Shop,"353 N River Road Golf Center Of Des Plaines Des Plaines, IL 60016 US",,847-803-4757,,
Chisago Lakes Golf Course,"12975 29Th St. N. Linstrom, MN 55045 US",,651-257-1484,,
"Nevada Bob""s","2510 Maple Grove Rd. Duluth, MN 55811 US",,218-722-3909,,
Dellwood Hills Golf Club,"29 East Hwy 96 Dellwood, MN 55110 US",,651-426-4733,,
Troy Burne Golf Course,"295 Lindsay Rd Hudson, WI 54016 US",,715-381-9800,,
North Oaks Golf Club,"54 East Oaks Rd. North Oaks, MN 55127 US",,651-451-0409,,
Golf Galaxy,"9780 Hudson Rd. Woodbury, MN 55125 US",,651-707-1287,,
Hillcrest Country Club,"2200 E. Larpenteur Ave. St Paul, MN 55109 US",,651-454-1515,,
"Dick""s Sporting Goods","8292 Tamarack Village Woodbury, MN 55125 US",,651-731-0200,,
GOLFTEC Bunker Hills,"12800 Bunker Prairie Dr Coon Rapids, MN 55448 US",,303-779-9900,,
"Dick""s Sporting Goods","1645 Country Road B2 W Roseville, MN 55113 US",,651-633-7242,,
GOLFTEC Roseville,"2575 FAIRVIEW AVE. N ROSEVILLE, MN 55113 US",,651-697-4015,,
Golf Galaxy,"2440 Cleveland Ave. Roseville, MN 55133 US",,651-628-4900,,
Edinburgh Usa Gc,"8700 Edinburgh Crossing Brooklyn Park, MN 55443 US",,612-424-7060,,
Mendakota Country Club,"2075 Mendakota Dr. Mendota Heights, MN 55120 US",,651-454-2822,,
"Dick""s Sporting Goods","11361 Fountains Drive Maple Grove, MN 55369 US",,763-315-5377,,
2nd Swing Golf,"2412 Hennepin Avenue Minneapolis, MN 55413 US",,612-331-9303,,
Emerald Greens Gc,"14425 Goodwin Ave Hastings, MN 55033 US",,651-480-8558,,
Golden Valley Country Club,"7001 Golden Valley Road Minneapolis, MN 55427 US",,763-732-4140,,
The Minikahda Club,"3205 Excelsior Blvd Minneapolis, MN 55416 US",,612-926-1601,,
Rush Creek Golf Club,"7801 Co. Rd. 101 Maple Grove, MN 55311 US",,612-494-8844,,
Golf Galaxy,"4130 Berkshire Lane N Plymouth, MN 55446 US",,763-559-3600,,
Minneapolis Golf Club,"2001 Flag Ave. South St Louis Park, MN 55426 US",,952-544-0021,,
Edina Cc,"5100 Wooddale Ave Edina, MN 55424 US",,612-927-5775,,
CLUB CHAMPION Minneapolis,"6551 York Ave Edina, MN 55435 US",,952-406-8769,,
Club Champion Minneapolis,"6551 York Ave Edina, MN 55435 US",,952-406-8769,,
"Dick""s Sporting Goods","11260 Wayzata Blvd. Minnetonka, MN 55305 US",,952-525-0200,,
"Dick""s Sporting Goods","1700 W. 78th Street Richfield, MN 55423 US",,612-869-0200,,
2nd Swing Golf,"13031 Ridgedale Drive Minnetonka, MN 55305 US",,952-546-1906,,
Oak Ridge Country Club,"700 Oak Ridge Rd. Hopkins, MN 55305 US",,612-935-9385,,
Totally Driven,"6529 Cecilia Circle Edina, MN 55439 US",,651-578-0501,,
Spring Hill Golf Club,"725 Co. Rd.6 Wayzata, MN 55391 US",,612-473-1500,,
Wayzata Country Club,"200 West Wayzata Blvd. Wayzata, MN 55391 US",,952-475-9769,,
Woodhill Country Club,"200 Woodhill Road Wayzata, MN 55391 US",,612-473-7333,,
GOLFTEC Eden Praire,"12200 Middleset Road #400 Eden Prairie, MN 55344 US",,651-925-3191,,
"Dick""s Sporting Goods","901 County Road 42 West Burnsville, MN 55306 US",,952-898-0743,,
"Dick""s Sporting Goods","1178 Burnsville Center Burnsville, MN 55306 US",,952-898-0743,,
Golf USA,"8427 Joiner Way Eden Prairie, MN 55344 US",,952-941-7336,,
Bent Creek GC,"14490 Valley View Rd Eden Prairie, MN 55344 US",,952-937-9347,,
"Ken Gorg""s Golf Shop","14348 Burnhaven Dr. Burnsville, MN 55306 US",,952-892-7170,,
Crystal Lake Gc,"16725 Innsbrook Dr. Lakeville, MN 55044 US",,--,,
Bear Path Golf & Cc,"18100 Bearpath Trail Eden Prairie, MN 55347 US",,423-855-4653,,
East Bank Club,"500 N. Kingsbury Hanover Park, IL 60610 US",,312-527-5800,,
"Chicago Bill""s Golf Inc.-Sf","26 West 101 Lake Street Hanover Park, IL 60133 US",,630-540-9200,,
Medinah Cc,"6N 001 Medinah Road Medinah, IL 60157 US",,630-773-1700,,
"Dick""s Sporting Goods","328 West Army Trail Road Bloomingdale, IL 60108 US",,630-351-0823,,
Eastwood GC,"3505 Eastwood Rd. SE Rochester, MN 55904 US",,507-281-6173,,
"Dick""s Sporting Goods","4603 Maine Ave. SE, Suite A2 Rochester, MN 55904 US",,507-252-9651,,
Rochester Golf Center,"1642 Hwy 52 North, Hillcrest Shopping Center Rochester, MN 55901 US",,507-529-0223,,
"Brad Clark,Beaver Hills C. C.","8230 Beaver Hills Drive Cedar Falls, IA 50613 US",,512-328-8895,,
Cedar Falls Scheels,"Black Hawk Village 1365 College Square Mall, IA 50613 US",,319-277-3033,,
Patriot Golf,"800 17th St SE Owatonna, MN 55060 US",,507-456-1973,,
Owatonna Country Club,"Lemond Road Owatonna, MN 55060 US",,507-451-6120,,
Hazeltine National Golf Club,"1900 Hazeltine Blvd Chaska, MN 55318 US",,952-556-5401,,
"Austad""s Golf","3701 West Division St. St. Cloud, MN 56301 US",,320-259-4653,,
St Cloud Country Club,"P O Box 1064 St Cloud, MN 56302 US",,320-253-1331,,
Westmoreland Cc,"2601 Old Glenview Rd. Wilmette, IL 60091 US",,309-685-1212,,
Golf Galaxy,"4831 Golf Rd., Ste. B Skokie, IL 60077 US",,847-324-0890,,
Evanston Golf Club,"4401 Dempster Street Skokie, IL 60076 US",,847-676-0300,,
New Ulm Country Club,"1 Golf Drive New Ulm, MN 56073 US",,507-354-8896,,
"Dick""s Sporting Goods","5601 Toughy Avenue Niles, IL 60714 US",,847-779-8800,,
Pro Golf Yakima,"2106 W. Nob Hill Blvd, #106 Yakima, WA 98902 US",,509-248-0800,,
Yakima Elks,"318 Golf Course Loop Rd Selah, WA 98942 US",,509-697-7177,,
Meadow Springs Cc,"700 Country Club Lane Richland, WA 99352 US",,509-627-2234,,
Golf Universe,"6311 W. Clearwater Ave. Kennewick, WA 99336 US",,509-735-2900,,
Pendleton Country Club,"69772 Pendleton-John Day Hwy Pendleton, OR 97801 US",,541-443-4653,,
Daves Golf Shop,"1001 Lincoln Street Colton, WA 99113 US",,509-229-3612,,
Indian Canyon Golf Course,"1000 South Assembly Spokane, WA 99224 US",,509-747-5353,,
GOLFTEC Spokane,"1207 N. WASHINGTON ST., SUITE #2 SPOKANE, WA 99201 US",,509-464-6707,,
Downriver Golf Course,"N 3225 Columbia Circle Spokane, WA 99205 US",,509-327-5269,,
Wide World Of Golf,"4921 N Division Spokane, WA 99207 US",,509-489-4653,,
"Dick""s Sporting Goods","14014 East Indiana Avenue Spokane Valley, WA 99216 US",,509-891-0977,,
H2C GOLF-FS,"6220 PEARSON DR NINE MILE FALLS, WA 99026 US",,509-688-9075,,
Deer Park Golf,"1201 Country Club Dr. Deer Park, WA 99006 US",,509-276-5912,,
"Couer D"" Alene Country Club","900 Floating Green Dr Couer D"" Alene, ID 83814 US",,208-667-4653,,
Hayden Lake Golf Shop,"2362 E Bozanta Drive Hayden Lake, ID 83835 US",,208-772-0555,,
Colville Elks Golf Course,"1861 E Hawthrone Ave Colville, WA 99114 US",,509-684-5508,,
"Dick""s Sporting Goods","7280 NW Butler Rd Hillsboro, OR 97124 US",,503-547-2904,,
"Dick""s Sporting Goods","1140 N Hayden Meadows Portland, OR 97217 US",,503-285-5040,,
Royal Oaks Country Club,"8917 Ne Fourth Plain Boulevard Vancouver, WA 98662 US",,360-256-1250,,
RESERVE VINEYARDS GOLF CLUB-FS,"4805 SW 229TH AVE BEAVERTON, OR 97078 US",,503-888-8331,,
Riverside Golf & Country Club,"8105 Ne 33Rd Drive Portland, OR 97211 US",,503-288-6468,,
Golf Galaxy,"3125 Sw Cedar Hills Blvd Beaverton, OR 97005 US",,503-626-2322,,
GOLFTEC Beaverton,"3861 SW 117TH AVENUE, SUITE G BEAVERTON, OR 97005 US",,503-563-3923,,
Portland Golf Club,"5900 Sw Scholls Ferry Road Portland, OR 97225 US",,503-292-2778,,
Golfclubs.com,"5741 NE 87th Ave Portland, OR 97220 US",,1-800-391-9332,,
Red Tail Golf,"8200 Sw Scholls Ferry Road Beaverton, OR 97008 US",,503-646-5166,,
Dot Discount Golf,"11616 N.E. Halsey Portland, OR 97230 US",,503-408-1215,,
Eastmoreland Golf,"2425 Se Bybee Portland, OR 97202 US",,503-775-2900,,
"Dick""s Sporting Goods","17799 Lower Boones Feery Rd Lake Oswego, OR 97035 US",,503-635-3800,,
Island Greens Golf Club,"20400 Sw Cipole Rd Tualatin, OR 97062 US",,503-691-8400,,
GOLFTEC Tualatin,"7705 SW NYBERG ST D-100 TUALATIN, OR 97062 US",,503-612-7807,,
"Dick""s Sporting Goods","700 NW Eastman Parkway Gresham, OR 97030 US",,503-667-1950,,
Wiilamette Valley C C,"900 Country Club Place Canby, OR 97013 US",,503-266-4066,,
Stayton Sports,"1177 N. First Ave. Stayton, OR 97383 US",,503-769-5033,,
Trysting Tree Golf Shop,"34028 Se Electric Rd. Corvallis, OR 97333 US",,541-752-3350,,
RUTLAND COUNTRY CLUB PRO SHOP,"GNJ NELSON INC, 275 GROVE ST RUTLAND, VT 05701 US",,802-773-3254,,
"Dick""s Sporting Goods","RT 7 South, 315 South Main,, 315 South Main, Rutland, VT 05701 US",,802-773-2710,,
"Dick""s Sporting Goods","320 US ROUTE 7 SOUTH Rutland, VT 05701 US",,802-773-2710,,
Golf & Ski Warehouse - Next To Home Depot,"290 Plainfield Rd West Lebanon, NH 03784 US",,603-298-8282,,
Manchester Cc,"229 Beech St. Manchester, VT 05255 US",,802-362-2233,,
Rocky Ridge Golf Club,"7470 Route 116 Saint George, VT 05495 US",,802-487-2191,,
Vermont National Cc,"1227 Dorset St South Burlington, VT 05403 US",,802-864-7770,,
Burlington Country Club,"568 South Prospect. St Burlington, VT 05401 US",,802-864-9532,,
BURLINGTON COUNTRY CLUB CORP-FS,"568 S PROSPECT STREET BURLINGTON, VT 05401 US",,802-864-4683,,
Glen Falls Country Club,"Round Pond Rd. Queensbury, NY 12804 US",,518-793-0021,,
"Dick""s Sporting Goods","578 AVIATION ROAD, SPACE D, 103 Queensbury, NY 12804 US",,--,,
"Dick""s Sporting Goods","578 Aviation Road, Space D-103, Glens Falls, NY 12804 US",,518-743-8790,,
"Dick""s Sporting Goods","42 ASH BROOK RD. Keene, NH 03431 US",,603-357-0861,,
"Dick""s Sporting Goods","Ash Brook Road, Unit 6 Keene, NH 03431 US",,603-357-0861,,
Laconia Cc,"607 Elm St. Laconia, NH 03246 US",,603-524-1273,,
Laconia Country Club,"607 ELM STREET LACONIA, NH 03246 US",,603-524-1274,,
Mcgregor Links C. C.,"Northern Pines Rd. Saratoga Springs, NY 12866 US",,518-584-6664,,
"Dick""s Sporting Goods","3065 Rt. 50 Saratoga Springs, NY 12866 US",,518-583-7218,,
Concord Country Club,"Country Club Lane Concord, NH 03301 US",,603-228-8936,,
"Tark""s Indoor Golf Club","60 WEST AVE SUITE 1B Saratoge Springs, NY 12866 US",,518-306-5142,,
"Dick""s Sporting Goods","295 Loudon Road Concord, NH 03301 US",,603-224-1564,,
"Dick""s Sporting Goods","295 Loudon Road Concord, NH 03301 US",,724-227-2271,,
Crumpin Fox Club,"Po Box 215 Bernardston, MA 01337 US",,413-772-2121,,
"Dick""s Sporting Goods","60 Smithfield Blvd. Plattsburgh, NY 12901 US",,518-562-1121,,
"Dick""s Sporting Goods","60 Smithfield Boulevard Plattsburgh, NY 12901 US",,518-562-1121,,
Taconic Golf Club,"19 Meacham Street Williamstown, MA 01267 US",,413-458-3997,,
Northway 8 Golf Shop,"1519 Crescent Road Clifton Park, NY 12065 US",,518-371-3141,,
"Dick""s Sporting Goods","Rt 30 & Kenneth Road York, PA 17404 US",,717-848-1696,,
Derrifield GC,"625 Mammoth Rd. Manchester, NH 03104 US",,603-669-0235,,
Kustom Clubs Fitting Center,"726 East Industrial Park Drive 6 Manchester, NH 03109 US",,603-623-7876,,
Edison Club Golf Shop,"891 RIVERVIEW ROAD Rexford, NY 12148 US",,518-399-2992,,
"Dick""s Sporting Goods","579 Troy/Schenectady Road Colonie, NY 12110 US",,518-783-0701,,
Candia Woods Golf Links,"313 South Rd. Candia, NH 03034 US",,603-483-2307,,
Townsend Ridge Cc,"40 Scales Ln. Townsend, MA 01469 US",,978-597-8400,,
Waconah Country Club,"15 Orchard Road Dalton, MA 01226 US",,413-684-1333,,
"Dick""s Sporting Goods","Unkamet Village, 635 Merrill Road Pittsfield, MA 01201 US",,413-395-0870,,
"Dick""s Sporting Goods","One Crossgates Mall Rd Albany, NY 12203 US",,518-218-7410,,
Capital Hills @ Albany,"65 O""neil Rd Albany, NY 12208 US",,518-438-2208,,
Capitol Hills Gc,"65 O""neill Rd Albany, NY 12208 US",,518-458-5689,,
New Course @ Albany,"65 O""neill Rd. Albany, NY 12208 US",,518-458-5689,,
Albany Country Club,"300 Wormer Rd. Voorheesville, NY 12186 US",,518-765-2854,,
Holland Meadows Golf Club,"1503 State Hwy 29 Gloversville, NY 12078 US",,518-883-3318,,
Sky Meadow Country Club,"6 Mountain Laurels Dr. Nashua, NH 03062 US",,603-888-9000,,
Amerst Golf Course,"365 South Pleasant St. Amerst, MA 01002 US",,413-256-6894,,
"Dick""s Sporting Goods","367 Russell Street Hadley, MA 01035 US",,--,,
"Dick""s Sporting Goods","367 Russell Street Hadley, MA 01035 US",,413-584-6934,,
Golf & Ski Warehouse - Off Of Route 3A Next To Green Meadow Golf Club,"2 Friel Golf Road Hudson, NH 03051 US",,603-595-8484,,
"Dick""s Sporting Goods","56 Orchard Hill Park Drive Leominster, MA 01453 US",,978-537-4081,,
Wyckoff Country Club,"233 East Hampton Road Holyoke, MA 01040 US",,413-536-3602,,
Vesper CC,"185 PAWTUCKET BLVD TYNGSBORO, MA 01879 US",,978-458-8731,,
Atkinson Resort & CC,"Willowcreek Golf Academy, 85 Country Club Dr Atkinson, NH 03811 US",,603-489-0270,,
Haverhill Golf & C. C.,"Brickett Lane Haverhill, MA 01830 US",,978-373-1146,,
Golf & Ski Warehouse,"1680 Greenland Rd. Greenland, NH 03840 US",,603-433-8585,,
"Dick""s Sporting Goods","45 Gosling Road Portsmouth, NH 03801 US",,603-431-8036,,
Renaissance Gc,"377 Kenoza Street Haverhill, MA 01830 US",,978-556-0900,,
Ould Newbury Gc,"18A Zabriskie Drive Newburyport, MA 01950 US",,978-465-9888,,
Nonesuch River Gc,"304 Gorham Rd. Scarborough, ME 04074 US",,207-883-0007,,
"Golf & Ski Warehouse - Across From Cabela""s","273 Payne Road Scarborough, ME 04074 US",,207-883-4343,,
John Verrengia-Fc,"100 Old Farms Road West Simsbury, CT 06092 US",,860-658-6246,,
Torrington Country Club,"Route 4 250 Torrington Road Goshen, CT 06756 US",,860-491-2688,,
Torrington Cc,"P O Box 837 Torrington, CT 06790 US",,860-491-2688,,
"Dick""s Sporting Goods","385 Gorham Road South Portland, ME 04106 US",,207-828-4950,,
The Woodlands Club,"39 Woods Road Falmouth, ME 04105 US",,207-781-2890,,
"Dick""s Sporting Goods","131 Topsham Fair Mall Road Topsham, ME 04086 US",,207-721-3074,,
"Dick""s Sporting Goods","80 Stephen King Drive, SUITE 2 Augusta, ME 04330 US",,--,,
"Dick""s Sporting Goods","80 Stephen King Drive, Suite 2 Augusta, ME 04330 US",,207-622-3987,,
"Dick""s Sporting Goods","1300 ULSTER AVE SUITE 127 Kingston, NY 12401 US",,--,,
"Dick""s Sporting Goods","280 New Britain Avenue Plainville, CT 06062 US",,860-747-2102,,
Kandi Comer Golf Academy at Old Trail,"5496 Golf Drive Crozet, VA 22932 US",,434-531-8650,,
Farmington Country Club,"1625 Country Club Circle Charlottesville, VA 22901 US",,434-245-0680,,
Lakeview Golf Course,"4101 Shen Lake Drive Harrisonburg, VA 22801 US",,(540) 434-8937,,
Charlottesville Golf Center,"800 Shoppers World Ct Charlottesville, VA 22901 US",,434-975-4653,,
"Dick""s Sporting Goods","1940 Rio Hill Center Charlottesville, VA 22901 US",,434-974-5640,,
"Dick""s Sporting Goods","1925 E Market Street Harrisonburg, VA 22801 US",,540-433-1268,,
Heritage Oaks,"680 Garbers Church Road Harrisonburg, VA 22801 US",,540-442-6502,,
Glenmore Country Club,"1750 Piper Way Keswick, VA 22947 US",,434-817-0501,,
Keswick Club,"701 Club Drive Keswick, VA 22947 US",,434-979-3440,,
Spring Creek Golf Club,"109 Clubhouse Way Gordonsville, VA 22942 US",,540-832-0744,,
Lexington Golf Club,"141 Country Club Road Lexington, VA 24450 US",,540-463-3545,,
"Dick""s Sporting Goods","137 Spotsylvania Mall,UNIT 290 Fredericksburg, VA 22407 US",,540-548-1200,,
"Dick""s Sporting Goods","137 Spotsylvania Mall, Unit 290 Fredericksburg, VA 22407 US",,412-809-0100,,
"Dick""s Sporting Goods","1900 Valley View Blvd. NW Roanoke, VA 24012 US",,540-265-0861,,
The Westlake Golf & Country Club,"360 Chestnut Creek Drive Hardy, VA 24101 US",,540-721-4214,,
Roanoke Country Club,"3360 Country Club Drive Nw Roanoke, VA 24017 US",,540-345-1508,,
The Stafford Golf Academy,"1512 Garrisonville Road Stafford, VA 22556 US",,540-737-5035,,
THE STAFFORD GOLF ACADEMY-FS,"JAMES BURNS, 1512 GARRISONVILLE RD STAFFORD, VA 22556 US",,540-737-5035,,
PRINCE WILLIAM GOLF COURSE-FS,"PRINCE WILLIAM GOLF MANAGEMENT LLC, 14631 VINT HILL ROAD NOKESVILLE, VA 20181 US",,777-777-9999,,
Robert Trent Jones Golf Club,"One Turtle Point Drive Gainesville, VA 20155 US",,703-754-7533,,
Hidden Valley C. C.,"2500 Romar Rd. Salem, VA 24153 US",,540-389-8990,,
Rock Harbor Golf Course,"365 Rock Harbor Drive Winchester, VA 22602 US",,540-662-3431,,
DOMINION VALLEY COUNTRY CLUB,"DOMINION VALLEY COUNTRY CLUB, 15200 ARNOLD PALMER DRIVE HAYMARKET, VA 20169 US",,999-999-9999,,
Piedmont Golf Club,"14675 Piedmont Vista Drive Haymarket, VA 20169 US",,(703) 753-5922,,
WINCHESTER CC,"1300 SENSENY ROAD WINCHESTER, VA 22602 US",,999-999-9999,,
"Dick""s Sporting Goods","10800 Sudley Manor Drive Manassas, VA 20109 US",,703-257-4300,,
Benvenue Cc,"100 Southern Blvd Rocky Mount, NC 27804 US",,252-443-3926,,
Ironwood Golf & Cc,"200 Golf Club Wynd Greenville, NC 27834 US",,252-752-4653,,
"Gordon""s Golf and Ski","207 East Arlington Blvd Greenville, NC 27858 US",,252-756-1003,,
Wedgewood Golf Course,"1800 Herring Ave Wilson, NC 27894 US",,252-237-4761,,
Blacksburg Country Club,"1064 Club House Rd. Blacksburg, VA 24060 US",,540-552-9165,,
"Dick""s Sporting Goods","New River Valley Mall 782 New River Road Christiansburg, VA 24073 US",,540-381-0004,,
"Dick""s Sporting Goods","145 Holt Garrison Parkway Danville, VA 24540 US",,434-792-9612,,
"Ray""s Golf","135 Crown Drive Danville, VA 24540 US",,434-792-1116,,
GREENSBORO NATIONAL GOLF CLUB,"330 NIBLICK DRIVE SUMMERFIELD, NC 27358 US",,336-342-1113,,
WHITE OAK COUNTRY CLUB GOLF SHOP -FS,"617 Jones Ave OAK HILL, WV 25901 US",,919-358-8017,,
Maple Chase Golf and Country Club,"5475 Germanton Rd Winston-Salem, NC 27105 US",,336-767-2941,,
Precision Golf School,"6310 Bryan Park Rd Browns Summit, NC 27214 US",,336-375-2200,,
Triad Golf Today,"4428 Lochurst Dr Pfafftown, NC 27040 US",,336-924-1619,,
Carolina Golf Center,"1317 Pleasant Ridge Rd Greensboro, NC 27409 US",,336-605-0052,,
"Kelly""s Custom Golf","2616 Lawndale Dr, Suite C Greensboro, NC 27408 US",,336-540-1452,,
Tee Time Golf Repair,"557 Winston Road Jonesville, NC 28642 US",,336-835-1107,,
Supreme Golf Supply,"5675 Country Club Rd Winston-Salem, NC 27104 US",,336-770-6916,,
Golf Galaxy Of Winston Salem,"144 Stratford Commons Court, Ste B Winston-Salem, NC 27103 US",,336-760-8455,,
Golf Galaxy of Greensboro,"4217 Wendover Ave Greensboro, NC 27407 US",,336-218-8159,,
"Smiley""s Golf and Learning Center","2397 W Clemmonsville Rd Winston Salem, NC 27127 US",,336-765-7733,,
Jamestown Park Golf Course,"7041 East Fork Road Jamestown, NC 27282 US",,(336) 454-4912,,
Sedgefield Country Club,"3201 Forsyth Drive Greensboro, NC 27407 US",,336-299-4160,,
High Point Country Club,"916 Abbots Creek Church Rd. High Point, NC 27265 US",,336-869-2416,,
Blair Park Pro Shop,"1901 South Main Street High Point, NC 27260 US",,--,,
Hunt Golf,"1018 Mebane Oaks Rd Mebane, NC 27302 US",,919-563-0828,,
Montclair Country Club,"16500 Edgewood Drive Dumfries, VA 22025 US",,703-670-7503,,
"Dick""s Sporting Goods","10380 Worth Ave Woodbridge, VA 22192 US",,703-491-9432,,
"Dick""s Sporting Goods","11080 Mall Circle Road Waldorf, MD 20603 US",,301-885-1762,,
Boone Golf Club,"433 Fairway Drive Boone, NC 28607 US",,828-264-8760,,
Elk River Club,"1000 Clubhouse Drive Banner Elk, NC 28604 US",,704-324-6021,,
Kenmure Properties Ltd,"100 Clubhouse Drive Flat Rock, NC 28731 US",,704-697-1200,,
Bristol Golf and Club Fitting,"1393 Volunteer Parkway Bristol, TN 37620 US",,423-797-4470,,
Sugar Mountain Golf Club,"1054 Sugar Mountain Drive Banner Elk, NC 28604 US",,828-898-6464,,
Lake Hickory Country Club,"3820 Wandering Lane Hickory, NC 28601 US",,828-256-2171,,
"Dick""s Sporting Goods","Centre at Salisbury, 2300 N. Salisbury Blvd., Salisbury, MD 21807 US",,410-219-1136,,
Golf Unlimited,"4260 Fort Henry Drive Kingsport, TN 37663 US",,423-239-7888,,
"Dick""s Sporting Goods","2011 North Roan Street, Suite F Johnson City, TN 37601 US",,423-282-4430,,
Dandridge Golf & Country Club,"1247 Stonewall Jackson Dandridge, TN 37725 US",,865-397-2655,,
"Patriot Hills Golf Club, Llc","735 Constitution Dr. Jefferson City, TN 37760 US",,423-475-4466,,
Golf USA,"811 B Tunnel Road Asheville, NC 28805 US",,828-298-9220,,
"Nevada Bob""s","668 Hendersonville Road Asheville, NC 28803 US",,828-274-5374,,
"Randy""s Custom Golf and Repairs","611 Independence Blvd Morganton, NC 28655 US",,828-433-6464,,
Hillandale GC,"1600 Hillandale Road Durham, NC 27705 US",,919-719-7940,,
"Dick""s Sporting Goods","5422 New Hope Commons Dr. Durham, NC 27707 US",,919-493-9884,,
"Dick""s Sporting Goods","5422 New Hope Commons Drive Durham, NC 27707 US",,919-493-9884,,
Chapel Hill CC,"103 Lancaster Dr Chapel Hill, NC 27514 US",,919-932-2857,,
Old Chatham Golf Club,"1480 O""kelly Chapel Rd Durham, NC 27713 US",,919-361-1400,,
Golf Galaxy,"Parkside Town Commons, 1030 Parkside Main St Cary, NC 27519 US",,919-627-9742,,
"Dick""s Sporting Goods","8021 Brier Creek Parkway Raleigh, NC 27617 US",,--,,
Global Golf USA,"7320 ACC Blvd Raleigh, NC 27617 US",,866-843-0262,,
Henderson CC,"300 Country Club Dr Henderson, NC 27536 US",,252-438-3095,,
Tee To Green of Apex,"3501 Hwy 64 West Apex, NC 27502 US",,919-362-1233,,
Prestonwood Country Club,"300 Prestonwood Parkway Cary, NC 27513 US",,919-467-9601,,
Wildwood Green Golf Club,"John Budwine PGA Golf Academy, 3000 Ballybunion Way Raleigh, NC 27613 US",,919-846-8376,,
Golf Etc of Cary,"1040 Darrington Dr, Ste 103 Cary, NC 27513 US",,919-535-3581,,
GOLFTEC Cary,"2020 RENAISSANCE PARK PLACE CARY, NC 27513 US",,919-677-8385,,
Golf Galaxy Raleigh,"6254 Glenwood Ave Raleigh, NC 27617 US",,919-787-9449,,
Wakefield Plantation,"2201 Wakefield Plantation Dr Raleigh, NC 27614 US",,919-488-5200,,
"Dick""s Sporting Goods","401 Crossroads Blvd. Cary, NC 27511 US",,--,,
"Dick""s Sporting Goods","401 Crossroads Blvd. Cary, NC 27511 US",,919-851-7721,,
Carolina CC,"2500 Glenwood Ave Raleigh, NC 27608 US",,919-787-3621,,
Continental Golf,"1401 Capital Blvd Raleigh, NC 27603 US",,919-833-8887,,
Lonnie Poole GC,"1509 Main Campus Dr Raleigh, NC 27608 US",,919-833-3338,,
"Dick""s Sporting Goods","590 J River Highway Mooresville, NC 28117 US",,704-662-9066,,
GOLF FITTING STUDIOS-FS,"13940 BALMORAL GREEN AVE CLIFTON, VA 20124 US",,888-888-8888,,
Chantilly National Golf & Country Club,"14901 Braddock Road Centreville, VA 20120 US",,703-631-9562,,
"Dick""s Sporting Goods","12501 Fairlakes Circle Fairfax, VA 22033 US",,703-803-0300,,
Country Club Of Fairfax,"5110 Ox Rd Fairfax, VA 22030 US",,703-273-3445,,
THE GOLF LAB,"14240 SULLYFIELD CIRCLE, SUITE J CHANTILLY, VA 20151 US",,703-953-3310,,
"Dick""s Sporting Goods","21070 Dulles Towne Center Dulles, VA 20166 US",,571-434-0046,,
Annandale Golf,"5230-B Port Royal Road Springfield, VA 22151 US",,703-321-7575,,
RESTON NATIONAL GOLF COURSE-FS,"RN GOLF MANAGEMENT LLC, 11875 SUNRISE VALLEY DR RESTON, VA 20191 US",,777-777-7777,,
Merrifield Golf,"8558 C Lee Highway Fairfax, VA 22031 US",,,,
Golfdom,"8203 Watson Str. Mclean, VA 22102 US",,703-790-8844,,
GOLFTEC Tysons Corner,"8250 GREENBORO ROAD MCLEAN, VA 22102 US",,703-942-5000,,
1757 Golf Club,"45120 Waxpool Road Dulles, VA 20166 US",,703-444-0901,,
"Dick""s Sporting Goods","21070 Dulles Town Center Dulles, VA 20166 US",,571-434-0046,,
Chuck Will Golf Academy,"21593 Jesse Court Dulles, VA 20166 US",,703-404-8800,,
DULLES GOLF CENTER,"21593 Jesse Court dulles, VA 20166 US",,703-404-8800,,
"Dick""s Sporting Goods","45633 Dulles Eastern Plaza,suite 100 Sterling, VA 20166 US",,--,,
Mt. Vernon Country Club,"511 Old Mill Road Alexandria, VA 22309 US",,703-780-3565,,
"Dick""s Sporting Goods","5714 Columbia Pike Bailey""s Crossroads, VA 22041 US",,703-933-0736,,
River Bend Golf & Country Club,"375 Walker Road Great Falls, VA 22066 US",,703-759-2640,,
Washington Golf & Country Club,"3017 North Glebe Rd. Arlington, VA 22207 US",,703-558-0564,,
Belmont Country Club,"19661 Belmont Manor Lane Ashburn, VA 20147 US",,703-723-5334,,
Belle Haven Country Club,"6023 Fort Hunt Road Alexandria, VA 22307 US",,703-329-1448,,
Army Navy C.C.,"1700 Army Navy Drive Arlington, VA 22202 US",,703-979-5826,,
Lansdowne Golf Club,"44050 Woodridge Parkway Leesburg, VA 20176 US",,703-729-4071,,
Congressional C. C.,"8500 River Rd. Bethesda, MD 20817 US",,301-469-2058,,
Bretton Woods,"15700 River Road Germantown, MD 20874 US",,301-948-3357,,
River Creek Golf Club,"43800 Olympic Blvd. Leesburg, VA 20176 US",,(703) 779-8159,,
KENWOOD GOLF & COUNTRY CLUB,"5601 RIVER ROAD BETHESDA, MD 20816 US",,301-320-3605,,
Bethesda Country Club,"7601 Bradley Boulevard Bethesda, MD 20817 US",,301-365-5971,,
Golf Care Center,"4853 Cordell Ave Bethesda, MD 20814 US",,301-652-6094,,
THE GOLF DOCTOR DC-FS,"1108 K ST NW, FLOOR 3 WASHINGTON, DC 20005 US",,202-827-4202,,
Chevy Chase Club,"6100 Conneticut Avenue Chevy Chase, MD 20815 US",,301-654-3870,,
Columbia C. C.,"7900 Connecticut Ave. Chevy Chase, MD 20815 US",,301-916-3665,,
Lakewood Cc,"13901 Glen Mill Rd. Rockville, MD 20850 US",,301-762-9074,,
CLUB CHAMPION WASHINGTON DC,"192 HALPINE RD ROCKVILLE, MD 20852 US",,301-881-3030,,
GOLFTEC North Bethesda,"5056 Nicholson Lane Rockville, MD 20852 US",,240-715-0291,,
Raspberry Falls Golf,"41601 Raspberry Dr. Leesburg, VA 20176 US",,703-779-2555,,
"Dick""s Sporting Goods","2 Grand Corner Avenue Gaithersburg, MD 20878 US",,301-947-0200,,
"Dick""s Sporting Goods","2 Grand Corner Ave. Gaithersburg, MD 20878 US",,301-942-0200,,
GOLFTEC Gaithersburg,"9318 GAITHER ROAD GAITHERSBURG, MD 20877 US",,240-654-0796,,
Rock Barn Golf Club,"3791 Clubhouse Drive Conover, NC 28613 US",,704-459-9279,,
Hamton Heights Golf Course,"1700 %th St SE NE Hickory, NC 28601 US",,828-328-5010,,
Morgan Golf,"3005 Highway 70 SE Newton, NC 28658 US",,828-322-2177,,
"Dick""s Sporting Goods","1860 Catawba Valley Blvd. SE Hickory, NC 28602 US",,828-431-3025,,
Catawba Country Club,"1154 Country Club Road Newton, NC 28658 US",,828-294-3737,,
"Dick""s Sporting Goods","590 J River Highway Mooresville, NC 28117 US",,704-540-4750,,
Verdict Ridge Golf Course,"7332 Kidville Road Denver, NC 28037 US",,704-489-1206,,
Willow Springs CC,"3033 US Hwy 301 Wilson, NC 27893 US",,(252) 291-5171,,
"Dick""s Sporting Goods","216 Hinton Oaks Boulevard Knightdale, NC 27545 US",,919-266-7876,,
HEDINGHAM GC,"4801 HARBOUR TOWNE DR. RALEIGH, NC 27604 US",,919-757-2656,,
Riverwood Golf Club,"400 Riverwood Dr Clayton, NC 27527 US",,919-550-1919,,
Eagle Ridge Golf Club,"565 Competition Rd Raleigh, NC 27603 US",,919-661-6300,,
"Dick""s Sporting Goods","145 Shenstone Blvd. Garner, NC 27529 US",,919-662-4177,,
Pine Hollow Gc,"3300 East Garner Rd Clayton, NC 27520 US",,919-553-5342,,
CHAMPIONS GOLF LEARNING CENTER,"485 BROOKSIDE CAMP RD HENDERSONVILLE, NC 28792 US",,828-698-1234,,
CHAMPIONS GOLF LEARNING CENTER-FS,"485 BROOKSIDE CAMP RD HENDERSONVILLE, NC 28792 US",,828-698-1234,,
Advantage Golf and Learning Center,"576 Upward Road Flat Rock, NC 28731 US",,828-692-9615,,
Deerbrook Golf Club,"201 Deer Brook Drive Shelby, NC 28150 US",,(704) 482-4653,,
Tryon Country Club,"393 Country Club Road Tryon, NC 28782 US",,828-859-9561,,
Phil & Donna Hatcher,"7733 Norwick Road Powell, TN 37849 US",,865-938-5119,,
Athletic House,"6305 BAUM DRIVE Knoxville, TN 37919 US",,865-546-3131,,
GOLFTEC Knoxville,"DBA GOLFTEC OF KNOXVILLE, 7240 KINGSTON PIKE STE 144 KNOXVILLE, TN 37919 US",,865-566-0505,,
GOLFTEC Knoxville,"7240 Kingston Pike, Suite 144 Knoxville, TN 37919 US",,865-566-0504,,
"Dick""s Sporting Goods","Huntington Mall, Route 60 Mall Road Unit 500 Barboursville, WV 25504 US",,304-733-9720,,
"Dick""s Sporting Goods","Route 60 Mall Road Barboursville, WV 25504 US",,304-733-9720,,
Bellefonte Country Club,"208 Country Club Drive Ashland, KY 41101 US",,606-329-1966,,
"Dick""s Store #125","221 North Peters Road Knoxville, TN 37923 US",,865-531-2221,,
Marlow Sports Inc,"7613 Penn Belt Drive Forestville, MD 20747 US",,304-568-1800,,
Country Club @ Woodmore,"12320 Pleasant Prospect Mitchellville, MD 20721 US",,301-249-6100,,
"Duke""s Golf","2444 Solomons Island Road Annapolis, MD 21401 US",,410-224-4653,,
UNIVERSITY OF MARYLAND GOLF COURSE,"MD-193 COLLEGE PARK, MD 20742 US",,301-314-4653,,
Crofton Country Club Pro Shop,"1691 Crofton Parkway Crofton, MD 21114 US",,301-261-6062,,
EISENHOWER GOLF COURSE,"1576 GENERALS HWY CROWNSVILLE, MD 21032 US",,410-571-0973,,
"Dick""s Sporting Goods","1417 South Main Chapel Way Gambrills, MD 21054 US",,410-721-4941,,
Nighthawk Golf Course,"814 Maryland Rte 3 South Gambrills, MD 21054 US",,410-721-9349,,
"Dick""s Sporting Goods","11160 Veirs Mill Road, Suite P100 Wheaton, MD 20902 US",,301-933-3494,,
"Dick""s Sporting Goods","398 Retail Commons Parkway Martinsburg, WV 25403 US",,304-263-1225,,
PB Dye Golf Club,"9526 Doctor Perry Road Ijamsville, MD 21754 US",,301-607-4653 ext. 105,,
Golf Etc Frederick,"7425 Grove Road Unit B Frederick, MD 21704 US",,301-694-4653,,
Moyfi Usa (I-70 Driving Range),"8400 E. Patrick Str. Frederick, MD 21701 US",,301-695-4653,,
Custom Clubs of Frederick,"7706 St. George Place Ijamsville, MD 21754 US",,301-471-4825,,
"Dick""s Sporting Goods","17780 GARLAND GROH BLVD Hagerstown, MD 21740 US",,240-470-0140,,
"Dick""s Sporting Goods","17780 Garland Groh Blvd. Hagerstown, MD 21740 US",,240-420-0140,,
The Pines Country Club,"3062 Point Marion Rd. 119 N Morgantown, WV 26505 US",,304-296-3465,,
Holly Hills Country Club,"5502 Mussetter Rd Ijamsville, MD 21754 US",,301-694-7210,,
FAIRWAY AND GREENS GOLF CENTER-FS,"KKC LLC, 626 SIMMONS ROAD KNOXVILLE, TN 37932 US",,865-777-4653,,
Edwin Watts,"11360 Parkside Dr Knoxville, TN 37922 US",,850-244-2066,,
Centennial Golf Course,"Tony Wright- Game Improvement Golf, 101 Centennial Blvd Oak Ridge, TN 37830 US",,865-384-3753,,
"Dick""s Sporting Goods","2399 Meadowbrook Mall,, Unit #10 Bridgeport, WV 26330 US",,304-848-0482,,
"Dick""s Sporting Goods","5000 University Town Ctr Dr Granville, WV 26534 US",,,,
OCEAN CITY GOLF CLUB,"11401 COUNTRY CLUB DRIVE BERLIN, MD 21811 US",,410-641-1779,,
RIVER RUN GOLF CLUB,"11605 MASTERS LANE BERLIN, MD 21811 US",,410-641-7200,,
"Ruddo""s Golf","9917 Stephen Decatur Hgwy. Ocean City, MD 21842 US",,410-213-7100,,
PLANTATION LAKES GOLF & CC-FS,"PLANTATION LAKES HOA INC BENEFITTED, 20301 CHARLOTTE BLVD MILLSBORO, DE 19966 US",,777-777-8888,,
BAYSIDE RESORT GOLF CLUB,"31806 LAKEVIEW DRIVE SELBYVILLE, DE 19975 US",,302-436-3400,,
BEAR TRAP DUNES,"7 CLUBHOUSE DRIVE OCEAN VIEW, DE 19970 US",,302-537-5600,,
REHOBOTH COUNTRY CLUB,"184 EAST SIDE DRIVE REHOBOTH BEACH, DE 19971 US",,302-227-3616,,
The Rookery Golf Club-SOUTH,"27052 Broadkill Road Milton, DE 19968 US",,302-684-3000,,
ROOKERY NORTH,"6152 S REHOBOTH BLVD Milford, DE 19963 US",,302-422-9745,,
Keith Hills CC,"165 Dr McKoy Dr Buies Creek, NC 27506 US",,910-893-1371,,
NEEDWOOD GOLF COURSE,"6724 NEEDWOOD ROAD ROCKVILLE, MD 20855 US",,301-330-3806,,
SABRE GOLF & REC LLC-FS,"10810 LIBERTY ROAD FREDERICK, MD 21701 US",,301-524-3213,,
MANOR GOLF CLUB,"14901 CARROLTON ROAD ROCKVILLE, MD 20853 US",,301-929-1131,,
Olney Golf Park,"3414 Emory Church Rd Olney, MD 20832 US",,301-570-6600,,
Argyle C. C.,"14600 Argyle Club Dr. Silver Spring, MD 20906 US",,301-598-6949,,
Cattail Creek Golf Club,"3600 Cattail Creek Drive Glenwood, MD 21738 US",,410-442-1787,,
The Golf Shop,"1108 Union Rd. Gastonia, NC 28054 US",,704-864-0206,,
Chambersburg Country Club,"3646 Scotland Road Chambersburg, PA 17254 US",,717-263-8296,,
