Salomon Store Resort Solden,Rettenbachgletscher 6450 Solden Austria solden 6450 austria,,+43-52-54-31-91,Shop.Solden@amersports.com,Mon-Sun: 8:30am-4:30pm
Salomon Store Salzburg,Europastraße -Top 54 Europark Shopping Mall 5018 Salzburg Austria salzburg 5018 austria,,+43-(0)662/422-74511,Shop.Salzburg@amersports.com,Mon-Thu: 9am-7:30pm Fri: 9am-9pm Sat: 9am-6pm Sun: Closed
Salomon Store Toronto,10 Aggie Hogg Gardens Shops at Don Mills M3C 0G6 Toronto Canada toronto M3C 0G6 canada,,+1-416-384-1661,shop.toronto@salomon.com,Mon-Fri: 10am-9pm Sat: 9:30am-7pm Sun: 11am-6pm
Salomon Store West Vancouver,900 Main Street Park Royal Shopping Center C4 BC V7T 2Z3 West Vancouver Canada west vancouver BC V7T 2Z3 canada,,+1-778-279-8488,shop.vancouver@salomon.com,Monday-Tuesday 10am-7pm Wednesday-Friday: 10am-9pm Saturday: 9:30am-7pm Sunday: 11am-6pm
Salomon Store Whistler,"Pan Pacific Whistler Mountainside, 4320 Sundial Pl Whistler BC V0N 1B4 Whistler Canada whistler BC V0N 1B4 canada",,+1-604-905-2295,,Winter Hours Mon-Sun: 8:00am-9:00pm  Summer Hours Mon-Sun: 9:00am-8:00pm
Salomon Store Global Harbor,"3300 North Zhongshan Rd Putuo District, Shanghai 200000 Shanghai China shanghai 200000 china",,,,
Salomon Store Hangzhou Tower,"1 Wuling Plaza Xiacheng District, Hangzhou 310000 Hangzhou China hangzhou 310000 china",,,,
Salomon Store Nanjing Bailian  - Outlet,"99 Shengtang Rd Tangshan District, Nanjing 25000 Nanjing China nanjing 25000 china",,,,
Salomon Store Nanjing East - Outlet,"1 Sangyuan Rd Konggang New District, Guozhuang Town 511000 Nanjing China nanjing 511000 china",,,,
Salomon Store Ningbo Sanjin - Outlet,"555 Qiushi Rd Yinzhou District, Ningbo 215000 Nanjing China nanjing 215000 china",,,,
Salomon Store Shanghai Kerry Parkside,"1155 Fangdian Rd Pudong District, Shanghai 201204 Shanghai China shanghai 201204 china",,,,
Salomon Store Brno,U Dalnice 777 Somerston Olympia CZ - Shop S 309 SALOMON 66442 Brno-Modrice Czech Republic brno-modrice 66442 czech republic,,+420-547-233-864,salomon.brno@amersports.com,Mon-Fri: 10am-9pm Sat-Sun: 9am-9pm
Salomon Store Ostrava,"FORUM NOVA KAROLINA, Store salomon Jantarová 3344/4 700 30 Ostrava Czech Republic ostrava 700 30 czech republic",,+420-596-155-092,salomon.ostrava@amersports.com,Mon-Sun: 9am-9pm
Salomon Store Praha,"Zamenhofova 440 Faoc Salomon, Č.21 108 00 Praha - Sterboholy Czech Republic praha - sterboholy 108 00 czech republic",,+420-724-132-112,Shop.Sterboholy@amersports.com,Mon-Sun: 10am-8pm
Salomon Store Praha (Chodov),Roztylská 2321/19 Centrum Praha Jih Chodov 148 00 Prague - Chodov Czech Republic prague - chodov 148 00 czech republic,,+420-272-075-405,Shop.Chodov@amersports.com,Mon-Fri: 9am-9pm
Salomon Store Copenhagen,Arne Jacobsens Allé 12 2300 Copenhagen Copenhagen Denmark copenhagen 2300 Copenhagen denmark,,+45-32-62-90-57,Shop.Copenhagen@amersports.com,Mon-Sun: 10am-8pm
Salomon Store Helsinki,Konepajankuja 6 00510 Helsinki Finland helsinki 00510 finland,,+358 20 712 2696,store.helsinki@amersports.com,Mon-Fri: 10am-6pm Sat: 10am-4pm Sun: Closed
Salomon Store Annecy,"Parc d'activites LA RAVOIRE, Impasse de la Ravoire Salomon Employee Shop 74370 Annecy France annecy 74370 france",,+33-(0)4-50-65-40-37,magasin@salomon-sports.com,Mon: Closed Tue: 13:00-19:00 Wed: 10:00-19:00 Thurs: 13:00-19:00 Fri: 13:00-17:00 Sam-Sun: Closed
Salomon Store Bordeaux - Magasin D'Usine,"2 bis Quai des Chartrons Centre Quai des Marques, H16 cellule 33000 Bordeaux France bordeaux 33000 france",,+33-557-87-39-77,shop.bordeaux@amersports.com,Mon: Closed Tue-Sun: 10am-7pm
Salomon Store Chamonix,306 Rue Docteur Paccard 74400 Chamonix France chamonix 74400 france,,+33(0)4-50-53-15-12,,Winter Hours Mon-Sun: 8:30am-7:30pm  Summer Hours Mon-Sun: 9:30am-7:30pm
Salomon Store Corbeil - Magasin D'Usine,2 Rue Jean Cocteau Centre Commercial Marque Avenue 91100 Corbeil France corbeil 91100 france,,+33-160-88-42-04,shop.corbeil@amersports.com,Mon-Fri: 10am-7pm Sat: 10am-8pm Sun: Closed
SALOMON STORE MIRAMAS - MAGASIN D'USINE,"Village de Marque McArthurGlen Provence, Salomon Store Unit 66 Mas de la Peronne 13140 Miramas France miramas 13140 france",,,Shop.Miramas@amersports.com,Monday-Saturday: 10am- 9pm
Salomon Store Roppenheim - Magasin D'Usine,Route de l'Europe Boutique Salomon The Style Outlet unit C24 67480 Roppenheim France roppenheim 67480 france,,+33-388-06-47-42,shop.roppenheim@amersports.com,Mon-Sat: 10am-7pm Sun: Closed
Salomon Store Garching,Parkring 15 85748 Garching Germany garching 85748 germany,,+49-89-89801-308,Shop.Garching@amersports.com,Mon-Fri: 10am-7pm  Sat: 10am-5pm Sun: Closed
Salomon Store Ingolstadt,Otto Hahn Str. 1 85055 Ingolstadt Germany ingolstadt 85055 germany,,+49-841-99-36-72-60,Shop.Ingolstadt@salomon.com,Mon-Sat: 10am-8pm Sun: Closed
Salomon Store Wertheim,"19-20 Almonsenberg Wertheim Village, Salomon Shop 97877 Wertheim Germany wertheim 97877 germany",,+49-934-29-14-77-35,Shop.Wertheim@amersports.com,Mon-Sat: 10am -8pm  Sun: Closed
Salomon Store Zweibrücken,Londoner Bogen 10-90 D-66482 Zweibrücken Germany zweibrücken D-66482 germany,,+49-6332-4790-536,Shop.Zweibruecken@amersports.com,Mon- Sat: 10am -7pm Sun: Closed
Salomon Factory Outlet Serravalle Scrivia,Via della Moda 1 15069 Serravalle Scrivia Italy serravalle scrivia 15069 italy,,0143340101,shop.serravalle@amersports.com,
SALOMON STORE FIDENZA - OUTLET,Salomon store 118 ; Via S Michele Campagna 43036 Fidenza Italy fidenza 43036 italy,,,Shop.Fidenza@amersports.com,Monday-Sunday: 10am- 8pm
Salomon Store Franciacorta,"Piazza Cascina Moie, 1/2 (Treviso) Franciacorta Outlet Village unit 155 25050 Rodengo Saiano (Brescia) Italy rodengo saiano (brescia) 25050 italy",,+39-0306-11007,shop.franciacorta@amersports.com,Mon-Sun: 10am-8pm
Salomon Store Noventa de Piave,Via Marco Polo 1 Mac Artur Glen -unit n°40 30020 Noventa di Piave (Venice) Italy noventa di piave (venice) 30020 italy,,+39-0421-307-374,shop.noventa@amersports.com,Mon-Sun: 10am-8pm
SALOMON STORE TORINO - OUTLET,"TORINO outlet village ,SALOMON uni A18 A17 Via Torino 160 10036 Torino Italy torino 10036 italy",,390118960916,Shop.Torino@amersports.com,Monday-Saturday: 10am- 8pm Sunday: 10am - 9pm
Salomon Store Vicolungo,P.zza S. Caterina Ang. Via Papa Giovanni XXIII 28060 Vicolungo Italy vicolungo 28060 italy,,+39-338-942-81-41,shop.vicolungo@amersports.com,Mon-Sun: 10am-8pm
Salomon Store Akishima,Salomon 昭島アウトドアヴィレッジ店 〒196-0014 東京 都 昭島 市 田中 町 610 196-0014 Akishima Japan akishima 196-0014 japan,,+81-42-519-7424,BrandStore.Akishima@amersports.com,Thu-Tue: 10am-8pm Wed: Closed
Salomon Store Ami - Outlet,茨城県稲敷郡阿見町よしわら4-1-1　あみプレミアムアウトレット　1915区　Ｅゾーン 3000388 Inashiki-gun Japan inashiki-gun 3000388 japan,,+81-29-886-8838,Outlet.Ami@amersports.com,Mon-Sun: 10am-8pm
Salomon Store Kanda,"神田小川町 ３-６ Chiyoda-ku, Tokyo, Japan 101-0052 Tokyo Japan tokyo 101-0052 japan",,+81-3-5577-6922,Concept.Kanda@amersports.com,Thu-Tue: 11am-8pm Wed: Closed
Salomon Store Karuizawa - Outlet,長野県北佐久郡軽井沢町軽井沢　軽井沢・プリンスショッピングプラザ　イースト23 3890102 Saku-gun Japan saku-gun 3890102 japan,,+81-267-41-2256,Outlet.Karuizawa@amersports.com,Mon-Sun: 10am-8pm
Salomon Store Antea,"San Luis Potosí - Santiago de Querétaro 12401, Félix Osores Sotomayor, 76127 Santiago de Querétaro, 76127 Querétaro Mexico querétaro 76127 mexico",,,luisangel.ibarra@salomon.com,Mon-Sun: 11am-8pm
Salomon Store Coapa,"Calzada del Hueso 519, Tlalpan, Acoxpa Galerias Coapa, Store 359. Level 2., 14300 Ciudad de México, D.F., Mexico 14300 Ciudad de México Mexico ciudad de méxico 14300 mexico",,,juanmanuel.tlaxcaltecatl@salomon.com,Mon-Sun: 11am-9pm
Salomon Store Guadalajara,"Av.Rafael Sanzio 150. Col. Residencial La Estancia, 45020 Zapopan, JAL, Mexiko 45020 Guadalajara Mexico guadalajara 45020 mexico",,,gerardo.martinez@salomon.com,Mon-Sun: 11am-9pm
Salomon Store Interlomas,Vialidad de la Barranca # 6Col. Ex-hacienda Jesus del MonteHuixquilucan Estado de México 52772 Estado de México Mexico estado de méxico 52772 mexico,,,leticia.martinez@salomon.com,Mon-Sun: 11am-9pm
Salomon Store Leon - Outlet,"Blvd. Aeropuerto No. 841, Colonia Predio Santa Anita C.P. 37295, León, Guanajuato, Mexico 37295 León Mexico león 37295 mexico",,,nerian.bautista@salomon.com,Sun-Fri: 10:30am-8:30pm Sat:10am-9pm
Salomon Store Pachuca,"Camino Real de La Plata 102, Zona Plateada, 42083 Pachuca de Soto, Hgo., Mexico 42083 Pachuca Mexico pachuca 42083 mexico",,,natalia.duran@wilson.com,Mon-Sun: 11am-9pm
Salomon Store Roermond - Outlet,Stadsweide 410 6041 Roermond Netherlands roermond 6041 netherlands,,+31-475-337-725,Shop.Roermond@amersports.com,Mon-Sun: 10am-8pm
Salomon Store Oslo - Outlet,Vestbyveien 155 Storenumber 19 1540 Vestby Norway vestby 1540 norway,,+47-974-74-070/+4764959000,Shop.Vestby@amersports.com,Mon-Wed: 10am-8pm Thu: 10am-9pm Fri: 10am-8pm Sat: 10am-6pm Sun: Closed
Salomon Store Krakow,ul. Podgorska 34 Galeria Kazimierz 31536 Krakow Poland krakow 31536 poland,,+48-12-430-22-87,Shop.Krakow@amersports.com,Mon-Sun: 10am- 9pm
Salomon Галерея Санкт-Петербург,"Лиговский проспект, д. 30, лит. А ТРЦ Галерея 191040 Санкт-Петербург Russia Санкт-Петербург 191040 russia",,(812)318-13-32,salomon.mega7@amersports.com,10:00-23:00
Salomon Гринвич Екатеринбург,"ул. 8 марта, д. 46 ТРК Гринвич 620014 Екатеринбург Russia Екатеринбург 620014 russia",,(343)311-15-57,Salomon.Grinvich24@amersports.com,10:00-22:00
Salomon Мега Новосибирск,"ул. Ватутина, д. 107 СТЦ Мега Новосибирск 630024 Новосибирск Russia Новосибирск 630024 russia",,(383)230-07-53,salomon.mega17@amersports.com,10:00-22:00
Salomon Мега Омск,"Бульвар Архитекторов, д. 35 СТЦ Мега Омск 644074 Омск Russia Омск 644074 russia",,(3812)35-46-22,salomon.mega5@amersports.com,10:00-22:00
Аутлет Белая Дача,"г. Котельники, Новорязанское ш., д. 8, стр. 6 Outlet Village ""Белая дача"" 140053 Москва Russia Москва 140053 russia",,(495) 660-16-17,Outlet.dacha13@amersports.com,10:00-22:00
Аутлет Внуково,"п. Московский, д. Лапшинка, вл. 8, корп. 9 Outlet Village ""Внуково"" 142784 Москва Russia Москва 142784 russia",,(499) 426-06-77,outlet.vnukovo19@amersports.com,10:00-22:00
SALOMON STORE ANDORRA,"Avinguda Carlemany, 70 COMERCIAL CENTER ILLA CARLEMANY - SALOMON AD700 Escaldes-Engordany Spain escaldes-engordany AD700 spain",,00 376 800 824,viladomat@viladomat.com,Monday -Thursday 10am - 8:30pm Friday - Sunday: 10am - 9pm
Salomon Store La Roca - Outlet,La Roca Village Chic Outlet 140 08430 La Roca Vallès Spain la roca vallès 08430 spain,,+34-93-625-00-38,shop.laroca@amersports.com,Mon-Sun: 10am-9pm
Salomon Store Kungsbacka - Outlets,Kungsparksvagen 80 Freeport Kungsbacka / Shop M7/M6 Salomon 43439 Kungsbacka Sweden kungsbacka 43439 sweden,,+46-300-188-60,Shop.Kungsbacka@amersports.com,Mon-Fri: 10am-7pm Sat-Sun: 10am - 6pm
Salomon Store Landquart,Tardisstrasse 67 Salomon Shop 69 7302 Landquart Switzerland landquart 7302 switzerland,,+41 81 322 10 96,Shop.Landquart@amersports.com,Mon-Sun: 10am-7pm
Salomon Store Mendrisio,Via Angelo Maspoli 18 Salomon Shop Fox Town 6850 Mendrisio Switzerland mendrisio 6850 switzerland,,+41-91-646-77-44,Shop.Mendrisio@amersports.com,Mon-Sun: 11am-7pm
Salomon Store Schönenwerd,Salomon store Parkstrasse 1 Fashion Fisch Outlet 5012 Schönenwerd Switzerland schönenwerd 5012 switzerland,,+41-62-849-62-55,Shop.Schonenwerd@amersports.com,Mon-Wed: 10am-6:30pm Thu: 10am-8pm  Fri: 10am-6:30pm Sat: 10am-6pm Sun: Closed
Lone Star Walking & Running Co,4929 CAMP BOWIE BLVD 76107-4152 FORT WORTH United States fort worth 76107-4152 united states,,682 316-3303,,
Salomon Store Aurora - Outlet,"1650 Premium Outlet Blvd Unit 548, Aurora 60502 Chicago United States chicago 60502 united states",,,shop.aurora@salomon.com,Mon-Sat: 10am-9pm Sun: 10am-7pm
Salomon Store Ogden - Outlet,2030 Lincoln Ave 84401 Ogden United States ogden 84401 united states,,+1-801-624-7670,Ogden.FactoryOutletStore@amersports.com,Mon-Sat: 10am-6pm Sun: Closed
Salomon Store Salt Lake City,51 South Main Street #220 City Creek Mall UT 84111 Salt Lake City United States salt lake city 84111 united states,,+1-801-924-05-97,Creek.City@amersports.com,Mon-Sat: 10am-9pm Sun: Closed
Surplus Outlet,7 So. Main Street 54868 Rice Lake United States rice lake 54868 united states,,715-234-3491,,
Wind Rose North Outfitters,427 Tenth Ave 49858 Menominee United States menominee 49858 united states,,(906) 424-0206,,M-F 9-5 and Sat 9-3
