name,address,website,phone,email,hours_operation
name,address,website,phone,email,hours_operation
LEE MICHAELS FINE JEWELERS,"NORTH STAR MALL 74 SAN PEDRO AVE., STE 174 SAN ANTONIO, Texas 78216",,210-541-9575,,
JARED,"THE RIM 17327 INTERSTATE HWY. 1 W. SAN ANTONIO, Texas 78257",,210-561-7280,,
MACY'S,"NORTH STAR MALL 2 NORTHSTAR MALL SAN ANTONIO, Texas 78216",,210-340-4203,,
LEE MICHAELS FINE JEWELERS,"LA CANTERA 159 LA CANTERA PARKWAY, SUITE 337 SAN ANTONIO, Texas 78256",,210 - 699-9494,,
JARED,"8152 AGORA PKWY. LIVE OAK, Texas 78154",,210-945-0208,,
ERNESTO'S JEWELRY FACTORY,"651 N BUSINESS I.H. 35, STE 240 NEW BRAUNFELS, Texas 78130",,830-625-3203,,
JARED,"UNIVERSITY PARK 651 NORTH GRAPE RD MISHAWAKA, Indiana 46545",,574-243-4966,,
BEN BRIDGE,"3104 NEW SEWARD HIGHWAY SUITE 3 ANCHORAGE, Alaska 99503",,907 - 272-4145,,
FRED MEYER JEWELERS,"ANCHORAGE 5TH AVENUE MALL 32 W 5TH AVENUE, SUITE 332 Anchorage, Alaska 99501",,(907) 277-3014,,
DIAMOND INTERNATIONAL,"207 SOUTH FRANKLIN STREET JUNEAU, Alaska 99801",,907-586-4440,,
DIAMOND INTERNATIONAL,"250 BROADWAY SKAGWAY, Alaska 99840",,907 - 983-3201,,
CARIBBEAN GEMS,"105 MAIN STREET Ketchikan, Alaska 99901",,(907) 225-7300,,
DIAMOND INTERNATIONAL,"315 MILL STREET KETCHIKAN, Alaska 99901",,907-247-3600,,
WARE JEWELERS,"SHOPPES AT EAST CHASE 7268 EAST CHASE PARKWAY MONTGOMERY, Alabama 36117",,334-386-9273,,
JARED,"3460 GALLERIA CIRCLE Hoover, Alabama 35244",,(205) 733-2171,,
BROMBERG JEWELERS,"131 SUMMIT BLVD BIRMINGHAM, Alabama 35243",,205-969-1776,,
Ernest Jones,"Unit SU506, The Bullring Birmingham, Birmingham B5 4BE",,0121 616 2611,,
BROMBERG JEWELERS,"2800 CAHABA ROAD MOUNTAIN BROOK, Alabama 35223",,205-871-3276,,
HUDSON-POOLE FINE JEWELERS,"1111 GREENSBORO AVE TUSCALOOSA, Alabama 35401",,205-752-5535,,
WARE JEWELERS,"30500 STATE HWY #316 SPANISH FORT, Alabama 36527",,(251) 338-9273,,
REEDS JEWELERS,"3201 AIRPORT ROAD, SPACE B7 Mobile, Alabama 36606",,(251) 706-0950,,
Jared The Galleria of Jewelry,"3085 Government Blvd MOBILE, Alabama 36606",,(000) 000-0000,,
JEWELERS TRADE SHOP,"26 SOUTH PALAFOX PENSACOLA, Florida 32501",,850-432-4433,,
BERE JEWELERS,"5033 NORTH 12th AVENUE PENSACOLA, Florida 32504",,850-477-6818,,
KIRKLAND JEWELERS,"1728 WEST MAIN ST. DOTHAN, Alabama 36301",,334-793-1793,,
STRICKLAND'S JEWELERS,"1036 BOLL WEEVIL CIRCLE ENTERPRISE, Alabama 36330",,334-347-8222,,
LORING & CO,"800 AIRPORT ROAD HUNTSVILLE, Alabama 35802",,256-880-1909,,
REEDS JEWELERS,"315 BRIDGE STREET HUNTSVILLE, Alabama 35806",,256-327-8405,,
JARED,"ARBOR PLACE MALL 931 THE LANDINGS DR. DOUGLASVILLE, Georgia 30135",,770-577-0864,,
JARED,"ASHLEY PARK 336 NEWNAN CROSSING BYPASS NEWNAN, Georgia 30263",,(678) 423-5539,,
JARED,"ASHLEY PARK 336 NEWNAN CROSSING BYPASS NEWNAN, Georgia 30263",,678-423-5539,,
JARED,"605 W. BARRET PKWY. BLDG. 200 KENNESAW, Georgia 30144",,678-355-6585,,
RONE REGENCY,"1950 GUNBARREL ROAD CHATTANOOGA, Tennessee 37421",,423-894-1188,,
JARED,"2001 GUNBARREL RD. CHATTANOOGA, Tennessee 37421",,423-499-5696,,
CUMBERLAND DIAMOND EXCHANGE,"2800 CUMBERLAND BLVD SMYRNA, Georgia 30080",,770-434-4367,,
Duty Free Americas,"Atlanta International Airport Concourse E 26 Maynard H Jackson Jr Blvd Atlanta, GA, Georgia 30354",,404.382.2744,,
Duty Free Americas,"Atlanta International Airport Concourse F 26 Maynard H Jackson Jr Blvd Atlanta, GA, Georgia 30354",,404.382.2744,,
HARLIN,"250 SPRING ST., 6N102 ATLANTA, Georgia 30303",,404-688-1942,,
BROWN & COMPANY,"3225 PEACHTREE ROAD NE ATLANTA, Georgia 30305",,404-814-9800,,
BLOOMINGDALE'S,"LENOX SQUARE 3393 PEACHTREE ROAD ATLANTA, Georgia 30326",,404-495-2840,,
TOURNEAU,"LENOX SQUARE 3393 PEACHTREE RD NE, STE 382 ATLANTA, Georgia 30326",,404-760-1883,,
MACY'S,"LENOX SQAURE 3393 PEACHTREE ROAD, NE ATLANTA, Georgia 30325",,404-231-2680,,
JARED,"PARK PLACE 453 ASHFORD-DUNWOODY RD. ATLANTA, Georgia 30346",,770-393-4599,,
GROGAN JEWELERS,"285 COX CREEK PARKWAY FLORENCE, Alabama 35630",,(256) 764-4013,,
MCCASKILL & COMPANY,"13390 HIGHWAY 98 WEST DESTIN, Florida 32550",,850-650-2262,,
REEDS JEWELERS,"DESTIN COMMONS 424 LEGENDARY DR. SUITE 246 DESTIN, Florida 32541",,850.269.0133,,
REEDS JEWELERS,"PIER PARK TOWN CENTER PIER PARK TOWNE CENTER 1561 STARFISH ST SUITE 11 PANAMA CITY BEACH, Florida 32413",,850 - 236-3196,,
SISSY'S LOG CABIN,"1825 N. GRANT STREET LITTLE ROCK, Arkansas 72227",,501-663-0066,,
ROBERSONS,"11525 CANTRELL ROAD LITTLE ROCK, Arkansas 72212",,501-664-9000,,
HOLLIS & CO.,"1815 AVENUE OF AMERICA MONROE, Louisiana 71201",,318-322-7794,,
ROMANCE DIAMOND,"248 W DICKSON ST FAYETTEVILLE, Arkansas 72701",,479-443-9289,,
MAXON'S,"2622 S. GLENSTONE AVE SPRINGFIELD, Missouri 65804",,417-887-1800,,
CROCKER'S JEWELERS,"3908 ST. MICHAEL DR. Texarkana, Texas 75503",,(903) 832-8686,,
SISSY'S LOG CABIN,"2900 PARKWOOD ROARD JONESBORO, Arkansas 72401",,(870) 336-0066,,
LEE MICHAELS FINE JEWELERS,"6605 YOUREE DRIVE SHREVEPORT, Louisiana 71105",,318 - 222-2929,,
SISSY'S LOG CABIN,"404 GROVE PARK Memphis, Tennessee 38117",,(901) 834-0067,,
JARED,"COUNTRYWOOD CROSSINGS 2293 NORTH GERMANTOWN PARKWAY MEMPHIS, Tennessee 38016",,901-386-5805,,
BOB RICHARDS JEWELERS,"1696 S GERMANTOWN RD Germantown, Tennessee 38138",,(901) 751-8052,,
JARED,"CARRIAGE CROSSING 4615 MERCHANT PARK CIRCLE COLLIERVILLE, Tennessee 38017",,901-854-0956,,
JOHN MAYS JEWELERS,"5622 ROGERS AVENUE Fort Smith, Arkansas 72903",,(479) 452-2140,,
JARED,"5955 E. BROADWAY BLVD. TUCSON, Arizona 85711",,520-514-9800,,
JARED,"4240 N. ORACLE RD. TUCSON, Arizona 85705",,520-292-6265,,
MACK & SONS,"440 W. ST GEORGE BLVD ST GEORGE, Utah 84770",,435-674-5052,,
JARED,"DANA PARK VILLAGE 175 S. VALVISTA DR. MESA, Arizona 85204",,480-813-2091,,
BEN BRIDGE,"CHANDLER FASHION CENTER 3111 W CHANDLER BLVD SP 23 CHANDLER, Arizona 85226",,480-722-1100,,
JARED,"SCOTTSDALE RENAISSANCE CENTER 4545 N. SCOTTSDALE RD. STE. 11 SCOTTSDALE, Arizona 85251",,480-949-3100,,
BEN BRIDGE,"SCOTTSDALE FASHION SQUARE 714 EAST CAMELBACK ROAD #184 SCOTTSDALE, Arizona 85251",,480-970-8209,,
GANEM,"18560 N SCOTTSDALE RD SCOTTSDALE, Arizona 85054",,480-820-1122,,
BRAIDY JEWELERS,"39504 N DAISY MTN DRIVE #10 ANTHEM, Arizona 85086",,(623) 551-9609,,
JARED,"12656 N. TATUM BLVD. PHOENIX, Arizona 85032",,602-569-6200,,
GANEM,"3602 E RAY ROAD PHOENIX, Arizona 85044",,480-706-1850,,
HYDE PARK,"BILTMORE FASHION PARK 2442 E. CAMELBACK RD. PHOENIX, Arizona 85016",,602-667-3541,,
JARED,"ARROWHEAD TOWN CENTER 752 W. BELL RD. GLENDALE, Arizona 85308",,623-334-3033,,
TAG HEUER BOUTIQUE- CRYSTALS AT CITY CENTER,"3720 S. LAS VEGAS BLVD LAS VEGAS, Nevada 89109",,702 - 380-2820,,
JARED,"1071 W. SUNSET RD. HENDERSON, Nevada 89014",,702-898-7392,,
BEN BRIDGE,"GALLERIA AT SUNSENT 13 W SUNSET RD SPACE 1261 HENDERSON, Nevada 89014",,702-456-8807,,
Dufry Las Vegas,"Las Vegas International Airport Terminal 3 5757 Wayne Newton Blvd Las Vegas, Nevada 89119",,,,
Bezel,"Hard Rock Hotel and Casino 4455 Paradise Rd. Las Vegas, Nevada 89169",,(702) 483-4883,,
THE JEWELERS,"MANDALAY PLACE MALL 393 LAS VEGAS BLVD SOUTH LAS VEGAS, Nevada 89119",,702-798-1790,,
TOURNEAU,"THE FORUM SHOPS 35 LAS VEGAS BLVD,#F-7 LAS VEGAS, Nevada 89109",,702-732-8463,,
TAG HEUER OUTLET- LAS VEGAS,"LAS VEGAS PREMIUM OUTLETS 65 S. GRAND CENTRAL PARKWAY STE 1238 LAS VEGAS, Nevada 89106",,702-366-1898,,
TAG HEUER BOUTIQUE - FORUM SHOPS,"3500 Las Vegas Blvd. South Suite D-11 Las Vegas, Nevada 89109",,(862) 216-8948,,
BEN BRIDGE,"FASHION SHOW MALL 32 LAS VEGAS BLVD SOUTH STE 27 LAS VEGAS, Nevada 89109",,702-733-0003,,
HOROLOGIO TIMEPIECES,"3377 LAS VEGAS BLVD., #2265 LAS VEGAS, Nevada 89109",,702-733-0016,,
Tourneau Time Dome Caesars,"The Forum Shops At Caesars, , 3500 Las Vegas Blvd S, F-07, Nv Las Vegas, Nevada 89109",,+1 702-732- 8463,,
MACY'S,"FASHION SHOW MALL 32 LAS VEGAS BLVD. SOUTH LAS VEGAS, Nevada 89109",,702-731-5111,,
THE JEWELERS,"8502 W. LAKE MEAD BLVD LAS VEGAS, Nevada 89128",,702-242-2000,,
JARED,"2110 N. RAINBOW STE. 110 LAS VEGAS, Nevada 89108",,702-647-6722,,
TOURNEAU,"865 MARKET STREET SPACE 144 SAN FRANCISCO, California 94103",,415-974-1846,,
MACY'S,"170 O'FARRELL ST. SAN FRANCISCO, California 94102",,415-397-3333,,
BLOOMINGDALE'S,"WESTFIELD SHOPPING CENTER 845 MARKET STREET SAN FRANCISCO, California 94103",,(415) 856-5300,,
"DFS, SAN FRANCISCO INTERNATIONAL AIRPORT","San Francisco International Airport, 100 International Loop, Concourse G, Gate 91 â€“ Courtyard 4, San Francisco, California 94128 San Francisco, California 94128",,+1 650 444 1920,,
MACY'S,"BROADWAY PLAZA 132 BROADWAY PLAZA WALNUT CREEK, California 94596",,925-279-3333,,
HELLER JEWELERS,"2005 CROW CANYON PLACE #168 SAN RAMON, California 94583",,925 - 904-0200,,
BEN BRIDGE JEWELERS,"HILLSDALE SHOPPING CENTER 316 HILLSDALE MALL San Mateo, California 94403",,(650) 571-1133,,
MACY'S,"STONERIDGE MALL 13 STONERIDGE MALL ROAD PLEASANTON, California 94588",,925-463-3333,,
CH PREMIER,"STANFORD SHOPPING CENTER 180 EL CAMINO REAL, SUITE 155 PALO ALTO, California 94304",,408-577-0888,,
BLOOMINGDALE'S,"1 STANFORD SHOPPING CENTER DEPT. 903 PALO ALTO, California 94304",,650-463-2000,,
MACY'S,"VALLEY FAIR SHOPPING CENTER 2801 STEVENS CREEK BLVD. SANTA CLARA, California 95050",,408-248-3333,,
BEN BRIDGE,"VALLEY FAIR MALL 2855 STEVENS CREEK BLVD SPACE 2205 SANTA CLARA, California 95050",,408-985-8884,,
PARK PLACE ENTERTAINMENT,"HARRAH'S HOTEL AND CASINO 15 HIGHWAY 5 STATELINE, Nevada 89449",,775-588-6611,,
ROGERS JEWELRY,"BIDWELL CENTER 965 E. BIDWELL FOLSOM, California 95630",,(916) 984-8665,,
ROGERS JEWELRY,"8521 BOND AVE ELK GROVE, California 95624",,916-714-2590,,
JARED,"THE RIDGE AT CREEKSIDE 1128 GALLERIA BLVD. ROSEVILLE, California 95678",,916-787-1701,,
BEN BRIDGE,"GALLERIA AT ROSEVILLE 1151 GALLERIA BLVD SUITE 137 ROSEVILLE, California 95678",,916-780-7733,,
JARED,"1620 ARDEN WAY SACRAMENTO, California 95815",,916-567-0930,,
SHARIF JEWELERS,"DOWNTOWN SACRAMENTO 11 K St. Sacramento, California 95814",,(916) 330-1977,,
ROGERS JEWELRY,"300 SISK ROAD MODESTO, California 95356",,209-527-8713,,
ROMANCE ST. HELENA,"1269 MAIN STREET ST. HELENA, California 94574",,(707) 963-2288,,
MACY'S,"SANTA ROSA PLAZA 8 SANTA ROSA PLAZA SANTA ROSA, California 95401",,707-523-3333,,
ORLOFF JEWELERS,"770 W. SHAW AVE, #101 FRESNO, California 93704",,(559) 221-6622,,
ORLOFF JEWELERS,"770 W. SHAW AVENUE #101 FRESNO, California 93704",,559-221-6622,,
JEWELRY PAVILION,"750 W 7TH STREET LOS ANGELES, California 90017",,213-627-4515,,
MILANO BIJOU,"KOREA TOWN PLAZA 928 S. WESTERN AVE LOS ANGELES, California 90006",,213.382.1700,,
"DFS, LOS ANGELES INTERNATIONAL AIRPORT","Los Angeles International Airport, 380 World Way, Los Angeles, California 90045 Los Angeles, California 90045",,+310 348 2799,,
JARED,"VICTORIA GARDENS 1243 FOOTHILL BLVD. RANCHO CUCAMONGA, California 91730",,909-463-6161,,
ALEXANDER JEWELERS,"VICTORIA GARDENS 1257 S. MAIN STREET RANCHO CUCAMONGA, California 91739",,(909) 922-8225,,
BEN BRIDGE,"GALLERIA AT TYLER 1236 GALLERIA @ TYLER SPACE G-6 RIVERSIDE, California 92503",,(951) 352-0511,,
SWISS WATCH GALLERY,"555 SHOPS AT MISSION VIEJO MISSION VIEJO, California 92691",,949-364-2500,,
BHINDI GLENDALE,"2213 GALLERIA WAY Glendale, California 91210",,(818) 243-8755,,
BEN BRIDGE,"DEL AMO 2154 HAWTHORNE BLVD #417B TORRANCE, California 90503",,310-371-3328,,
MACY'S,"DEL AMO FASHION CENTER 216 HAWTHORNE BLVD. TORRANCE, California 90503",,310-370-8511,,
BEN BRIDGE,"BREA MALL 122 BREA MALL BREA, California 92821",,(714) 256-1833,,
JARED,"BREA PLAZA 1631 East Imperial Highway Brea, California 92821",,714 - 257-1184,,
HING WA LEE,"1569 S. FAIRWAY DRIVE WALNUT, California 91789",,909-831-8888,,
Hing Wa Lee Jewelers,"1569 S. Fairway Dr., Hing Wa Lee Plaza Walnut, California 91789",,+1 909-831-8888,,
JARED,"THE SHOPPES AT CHINO HILLS 3585 GRAND AVE CHINO HILLS, California 91709",,909-548-4363,,
CHONG HING JEWELERS,"18436 COLIMA ROAD SUITE A ROWLAND HEIGHTS, California 91748",,(626) 810-8883,,
BHINDI JEWELERS,"18508 PIONEER BLVD ARTESIA, California 90701",,(562) 402-8755,,
BEN BRIDGE,"LOS CERRITOS CENTER 35 LOS CERRITOS CENTER LOS CERRITOS, California 90703",,562-402-0090,,
NQ JEWELERS,"16041 BROOKHURST STREET FOUNTAIN VALLEY, California 92708",,714-839-8885,,
BEN BRIDGE,"SOUTH COAST PLAZA 3333 BRISTOL ST STE #1843 COSTA MESA, California 92626",,714-549-3545,,
WATCH CONNECTION,"3033 SOUTH BRISTOL STREET COSTA MESA, California 92626",,714-432-8200,,
TOURNEAU,"SOUTH COAST PLAZA 3333 BRISTOL STREET COSTA MESA, California 92626",,(714) 850-0222,,
BLOOMINGDALE'S,"SOUTH COAST PLAZA 3333 S. BRISTOL ST COSTA MESA, California 92626",,714-824-4600,,
MACY'S,"SOUTH COAST PLAZA 3333 BEAR STREET COSTA MESA, California 92626",,714-708-3333,,
HING WA LEE,"1635 S. DEL MAR AVE. San Gabriel, California 91776",,(626) 280-3993,,
MKOTT PICH JEWELRY INC,"2120 E ANAHEIM STREET LONG BEACH, California 90804",,562-433-3530,,
Roma Gioielli The Grove,"Corner Simon Vermooten Road & Lynnwood Road, Equestria The Grove Shopping Centre Shop No.U53 Lynwood, KwaZulu-Natal 0184",,27128077195,,
TRADITIONAL JEWELERS,"FASHION ISLAND 23 NEWPORT CENTER DRIVE NEWPORT BEACH, California 92660",,949-721-9010,,
TRADITIONAL JEWELERS,"817 NEWPORT CENTER DRIVE Newport Beach, California 92660",,(949) 721-9010,,
LESLIE GOLD JEWELERS,"607 SOUTH HILL STREET SUITE #8 LOS ANGELES, California 90014",,(213) 626-3253,,
ROGERS JEWELRY,"6520 S. VIRGINIA ST. RENO, Nevada 89511",,(775) 851-8555,,
ROGERS JEWELRY,"9500 ROSEDALE HWY BAKERSFIELD, California 93312",,661-589-5416,,
ROMA JEWELRY,"24303 TOWN CENTER DRIVE #11 VALENCIA, California 91355",,661-254-6414,,
JARED,"SIMI VALLEY TOWN CENTER 1115 SIMI TOWN CENTER WAY SIMI VALLEY, California 93065",,805-583-9704,,
JEWELRY COUTURE BY SEHATI,"390 SOUTH MILLS RD VENTURA, California 93003",,805 - 650-0005,,
BEN BRIDGE,"THE OAKS SHOPPING CENTER 45 WEST HILLCREST DRIVE THOUSAND OAKS, California 91360",,805-446-7911,,
DEJAUN JEWELERS,"THE OAKS SHOPPING CENTER 424 W HILLCREST DR THOUSAND OAKS, California 91360",,805-495-1425,,
JARED,"849 RANCHO VISTA BLVD PALMDALE, California 93551",,661-947-6141,,
BEN BRIDGE,"TOPANGA PLAZA 66 TOPANGA CANYON BLVD #25 CANOGA PARK, California 91303",,818-346-2393,,
DEJAUN JEWELERS,"THE VILLAGE AT TOPANGA 6320 TOPANGA CANYON BLVD.,SPACE 1650 Woodland Hills, California 91367",,(818) 888-8304,,
BLOOMINGDALE'S,"SHERMAN OAKS FASHION PLACE 146 RIVERSIDE DRIVE DEPT. 93 SHERMAN OAKS, California 91423",,818-325-2200,,
MACY'S,"SHERMAN OAKS FASHION PLACE 14 RIVERSIDE DRIVE SHERMAN OAKS, California 91423",,818-788-8350,,
WESTIME BEVERLY HILLS,"216 N RODEO DRIVE Beverly Hills, California 90210",,(310) 888-8880,,
MACY'S CENTURY CITY,"10250 SANTA MONICA BLVD. los angeles, California 90067",,(310) 556-1611,,
PARAGON WATCH COMPANY,"8500 BEVERLY BLVD. #674 LOS ANGELES, California 90048",,(310) 659-5525,,
BLOOMINGDALE'S,"CENTURY CITY MALL 125 SANTA MONICA BLVD., DEPT. 93 LOS ANGELES, California 90067",,310-772-7113,,
FELDMAR WATCH COMPANY,"9000 WEST PICO BLVD LOS ANGELES, California 90035",,310-274-8016,,
BLOOMINGDALE'S,"315 COLORADO AVE Santa Monica, California 90401",,(310) 985-6400,,
JEWEL SHOP,"395 SANTA MONICA PLACE #132 SANTA MONICA, California 90401",,310-451-1113,,
WESTIME,"8569 W. SUNSET BLVD. W. HOLLYWOOD, California 90069",,(310) 888-8880,,
JARED,"SUMMIT SIERRA 13957 S. VIRGINIA ST. RENO, Nevada 89511",,775-850-2020,,
JEAN-JACQUES MAMIE,"THE ST. REGIS MONARCH BEACH RESORT & SPA ONE MONARCH BEACH RESORT DANA POINT, California 92629",,949-240-2226,,
Watch Edge,"2525 El Camino Real Carlsbad, California 92008",,(760) 720-3343,,
ALEXANDERS JEWELERS,"PROMENADE MALL 482 WINCHESTER ROAD SUITE 24 TEMELUCA, California 92591",,951.296.1020,,
TAG HEUER OUTLET- CABAZON,"DESERT HILLS PREMIUM OUTLETS 484 SEMINOLE DRIVE CABAZON, California 92230",,951-849-9191,,
BEN BRIDGE,"NORTH COUNTY FAIR 2 EAST VIA RANCHO PARKWAY # B-233 ESCONDIDO, California 92025",,760-745-3900,,
Jared The Galleria of Jewelry,"11998 Carmel Mountain Road San Diego, California 92128",,(858) 487-2279,,
BLOOMINGDALE'S,"FASHION VALLEY CENTER 757 FRAIRS ROAD SAN DIEGO, California 92108",,619-610-6451,,
BEN BRIDGE,"FASHION VALLEY CENTER 77 FRIARS RD #543 SAN DIEGO, California 92108",,619-291-7572,,
JARED,"WESTFIELD MISSIN VALLEY 125 CAMINO DE LA REINA SAN DIEGO, California 92108",,619-278-0060,,
BEN BRIDGE,"UNIVERSITY TOWN CENTER 455 LA JOLLA VILLAGE DRIVE STE C19 SAN DIEGO, California 92122",,858-453-9996,,
JARED,"2960 PLAZA BONITA RD NATIONAL CITY, California 91950",,619-267-1323,,
UNICORN,"16781 BERNARDO CENTER DRIVE #4 RANCHO BERNARDO, California 92128",,858-487-6454,,
DANIEL JEWELRY & GIFTS,"1241 PROSPECT STREET LA JOLLA, California 92037",,858-454-8001,,
JARED,"235 S. ABILENE ST. AURORA, Colorado 80012",,303-364-0800,,
HYDE PARK,"3000 EAST FIRST AVE DENVER, Colorado 80206",,303-320-0220,,
WILLIAMS JEWELERS,"2825 EAST THIRD AVENUE DENVER, Colorado 80206",,303-355-4322,,
Williams Englewood,"5095 S. Broadway Englewood, Colorado 80113",,(303) 761-9700,,
JARED,"9535 E. COUNTY LINE RD. ENGLEWOOD, Colorado 80112",,303-799-4739,,
BEN BRIDGE,"PARK MEADOWS CENTER 855 PARK MEADOWS CTR DRIVE STE 276 LITTLETON, Colorado 80124",,303-706-1814,,
JARED,"9210 SHERIDAN BLVD. WESTMINSTER, Colorado 80031",,303-426-4405,,
MATHEU'S FINE WATCHES & JEWELRY,"9315 DORCHESTER ST Highlands Ranch, Colorado 80129",,303-471-8463,,
JARED,"COLORADO MILLS 14145 W. COLFAX AVE. LAKEWOOD, Colorado 80401",,720-497-0400,,
BEN BRIDGE,"FLATIRON CROSSING #1 WEST FLATIRON CR SPACE 225 BROOMFIELD, Colorado 80021",,(720) 887-1131,,
HURDLES JEWELRY,"1402 PEARL STREET BOULDER, Colorado 80302",,303-443-1084,,
JARED,"WOODMEN COMMONS 172 E. WOODMEN RD. COLORADO SPRINGS, Colorado 80920",,719-262-0701,,
JARED,"THE PROMENADE SHOPS AT CENTERRA 582 SKY POND DR. LOVELAND, Colorado 80538",,970-461-5925,,
SATHERS LEADING JEWELERS,"300 E FOOTHILLS PARKWAY FT COLLINS, Colorado 80525",,970-223-0256,,
MATHEU'S FINE WATCHES AND JEWELRY,"324 S. MAIN ST. BRECKENDRIDGE, Colorado 80424",,(970) 453-8463,,
HANNOUSH JEWELERS,"59-67 FEDERAL ROAD, DANBURY, CT, 06811 DANBURY, Connecticut 06811",,(203) 791-0793,,
"LUX, BOND & GREEN","136 MAIN STREET WESTPORT, Connecticut 6880",,203-227-1300,,
BRANDFORD JEWELERS,"567 MAIN STREET BRANFORD, Connecticut 6405",,203-488-4653,,
NAGI'S JEWELERS,"828 HIGH RIDGE ROAD STAMFORD, Connecticut 6905",,203-964-0551,,
Stamford CT,"110 High Ridge Road Stamford, Connecticut &amp;amp;amp;amp;amp;#x27;06905",,(203) 327-6600,,
M. LAHART & COMPANY,"601 BANTAM ROAD BANTAM, Connecticut 6750",,,,
J&B Family Jewelers,"1883 Commerce Street YORKTOWN HEIGHTS, New York 10598",,(914) 245-2515,,
"SHREVE, CRUMP & LOW","125 GREENWICH AVE GREENWICH, Connecticut 06830",,,,
LITTMAN JEWELERS,"SMITH HAVEN MALL 136 SMITH HAVEN MALL LAKE GROVE, New York 11755",,516-265-1199,,
JARED,"LAKE GROVE COMMONS 16 NEW MORICHES RD LAKE GROVE, New York 11755",,631-580-4780,,
TOURNEAU,"THE WALT WHITMAN MALL 16 WALT WHITMAN RD., #155D HUNTINGTON STATION, New York 11746",,631-427-2649,,
MADDALONI JEWELERS,"1870 E. JERICHO TPKE HUNTINGTON, New York 11743",,631-499-8800,,
BLOOMINGDALE'S,"HUNTINGTON MALL 27 RT 11 HUNTINGTON, New York 11746",,631-425-6700,,
BLOOMINGDALE'S,"175 BLOOMINGDALES RD. DEPT. 903 WHITE PLAINS, New York 10605",,914-684-6300,,
TOURNEAU,"WESTCHESTER MALL 125 WESTCHESTER AVENUE, SUITE 234A WHITEPLAINS, New York 10601",,(914) 397-2301,,
,"180 WHEATLEY PLAZA GREENVALE, New York 11548",,516-621-8844,,
T&R JEWELERS,"557 MAIN STREET NEW ROCHELLE, New York 10801",,914-636-7110,,
LONDON JEWELERS,"2102-R NORTHERN BLVD. MANHASSET, New York 11030",,516-627-7475,,
TOURNEAU,"ROOSEVELT FIELD MALL 63 OLD COUNTRY ROAD GARDEN CITY, New York 11530",,516-873-0209,,
MACY'S,"ROOSEVELT FIELD MALL 63 OLD COUNTRY ROAD GARDEN CITY, New York 11530",,516-746-8200,,
HANNOUSH,"WEST FARMS MALL 152 NEW BRITAIN AVE FARMINGTON, Connecticut 06032",,860-561-4651,,
Hannoush Jewelers,"Hannoush Plaza 1655 Albany Post Road Wappinger Falls, New York 12590",,(845) 298-8599,,
MACY'S,"136-50 ROOSEVELT AVE FLUSHING, New York 11354",,718 - 358-9000 ext 4000,,
LAVIANO & SONS,"175 WESTWOOD AVENUE WESTWOOD, New Jersey 7675",,201-664-0616,,
MACY'S,"90-01 QUEENS BOULEVARD ELMHURST, New York 11373",,718-271-7200,,
MOONLITE JEWELERS,"73-15 BROADWAY JACKSON HEIGHTS, New York 11372",,718-446-1499,,
MACY'S,"GARDEN STATE PLAZA 5 GARDEN STATE PLAZA PARAMUS, New Jersey 07652",,201-843-9100,,
JARED,"BERGEN TOWN CENTER 15 TOWN CENTER PARAMUS, New Jersey 7652",,201-226-0850,,
BLOOMINGDALE'S,"1000 THIRD AVENUE DEPT. 903 NEW YORK, New York 10022",,212-705-2000,,
TOURNEAU CORPORATE,"3100 47th Avenue 5th Floor Long Island City, New York 11101",,,,
Alicia'S,"Bay Terrace Shopping Center 211-19 26Th Avenue New York, New York 11360",,+1 718-224-0075,,
THE TIMEPIECE COLLECTION,"58 E PALISADE AVE. ENGLEWOOD, New Jersey 07631",,201-894-1825,,
LITTMAN JEWELERS,"2612 PALISADES CENTER DR # B 215 WEST NYACK, New York 10994",,845-358-5350,,
TOURNEAU,"3100 47TH AVE 5TH FLOOR LONG ISLAND CITY, New York 11101",,,,
GELBER & MUNDY JEWELRY,"5 BOND STREET GREAT NECK, New York 11021",,212-925-0639,,
ALICIA'S JEWELERS,"211-19 26TH AVENUE BAYSIDE, New York 11360",,718-224-0075,,
TAG HEUER BOUTIQUE- GARDEN STATE PLAZA,"GARDEN STATE PLAZA SPACE 1148 1 GARDEN STATE PLAZA PARAMUS, New Jersey 7652",,(201) 368-0710,,
MICHAELS,"WEST FARMS MALL H15 WEST FARMS MALL FARMINGTON, Connecticut 06032",,(860) 521-3400,,
"LUX, BOND & GREEN","46 LASALLE ROAD WEST HARTFORD, Connecticut 06107",,860-521-3015,,
"LUX, BOND & GREEN","SOMERSET SHOPPING CENTER 14 SOMERSET ROAD GLASTONBURY, Connecticut 06033",,860-659-8510,,
HANNOUSH,"HOLYOKE MALL 5 HOLYOKE STREET HOLYOKE, Massachusetts 01040",,413-536-7353,,
"LUX, BOND & GREEN","1 MOHEGAN SUN BLVD. UNCASVILLE, Connecticut 06382",,860-862-9900,,
FOXWOODS RESORT CASINO,"39 NORWICH-WESTERLY ROAD MASHANTUCKET, Connecticut 6339",,860-312-3000,,
ROSS SIMONS,"136 ROUTE 5 WARWICK, Rhode Island 02886",,401-738-6700,,
Providence Diamond Fine Jewelry,"65 Hillside Rd Garden City Center Cranston, Rhode Island 02920",,(401) 946-7070,,
THOMAS B GRAY,"270 COUNTRY ROAD BARRINGTON, Rhode Island 2806",,401-245-7777,,
HANNOUSH,"SOLOMON POND MALL 61 DONALD LYNCH BLVD MARLBOROUGH, Massachusetts 1752",,508-624-9994,,
HANNOUSH,"435 STATE ROAD SUITE 1 Dartmouth, Massachusetts 02747",,(508) 979-4686,,
LONG'S,"100 SUMMER STREET BOSTON, Massachusetts 02210",,617-426-8500,,
HANNOUSH,"PHEASANT LANE MALL 31 DANIEL WEBSTER HIGHWAY NASHUA, New Hampshire 3060",,603-888-4170,,
BARMAKIAN JEWELERS,"300 DANIEL WEBSTER HWY NASHUA, New Hampshire 03060",,603-888--7800,,
BARMAKIAN JEWELERS,"496 COCHITUATE ROAD, RT 30 FRAMINGHAM, Massachusetts 01701",,508-872-5454,,
JARED THE GALLERIA OF JEWELRY,"404 LEGACY PLACE DEDHAM, Massachusetts 02026",,(781) 320-8312,,
LONG'S,"SOUTH SHORE PLAZA 25 GRANITE STREET BRAINTREE, Massachusetts 02184",,781-356-5300,,
LONG'S,"60 A SOUTH STREET BURLINGTON, Massachusetts 01803",,781-272-5400,,
TOURNEAU,"BURLINGTON MALL 75 MIDDLESEX TURNPIKE SPACE 125 BURLINGTON, Massachusetts 01803",,781-272-8463,,
SIDNEY THOMAS- SHOPS AT PRUDENTIAL,"800 BOYLSTON ST SUITE 135 BOSTON, Massachusetts 2199",,(617) 262-0935,,
TOURNEAU,"COPLEY PLACE 1 HUNTINGTON AVE SPACE D 13 BOSTON, Massachusetts 2116",,617-267-8463,,
"LUX, BOND & GREEN","416 BOYLSTON STREET BOSTON, Massachusetts 02116",,617-266-4747,,
TOODIE'S FINE JEWELRY,"1163 HANCOCK ST. QUINCY, Massachusetts 02169",,617-479-9464,,
LILJENQUIST & BECKSTEAD,"ANNAPOLIS MALL 166 ANNAPOLIS MALL ANNAPOLIS, Maryland 21401",,410-224-4787,,
JARED,"180 JENNIFER ROAD ANNAPOLIS, Maryland 21401",,410-573-0160,,
SMYTH JEWELERS,"1910 TOWNE CENTER ANNAPOLIS, Maryland 21401",,443-321-0300,,
SMYTH JEWELERS,"11089 Resort Rd 200 Ellicott City, Maryland 21042",,(410) 461-4044,,
AFI'S JEWELERS,"1607 VILLAGE MARKET BLVD SUITE K-14 LEESBURG, Virginia 20175",,703-771-9394,,
FINKS-MGM-31,"SPACE 12 MGM National Harbor National Harbor, Maryland 20745",,xxx-xxx-xxxx,,
KINGS,"609 KING STREET ALEXANDRIA, Virginia 22314",,703-549-0011,,
TOURNEAU,"1100 SOUTH HAYES STREET SPACE H3A ARLINGTON, Virginia 22202",,703-414-8463,,
Tiny Jewel Box,"1155 Connecticut AVE NW Washington, United States 20036",,(202) 393-2747,,
JARED,"3088 WALDORF MARKET PLACE WALDORF, Maryland 20603",,301-638-0692,,
BLOOMINGDALE'S,"CHEVY CHASE MALL 54 WISCONSON AVE CHEVY CHASE, Maryland 20815",,240-744-3700,,
SPRINGFIELD TOWN CENTER,"6500 SPRINGFIELD MALL SUITE 6717 Springfield, Virginia 22150",,TBD,,
BLOOMINGDALE'S,"8100 TYSONS CORNER MCLEAN, Virginia 22101",,703-556-4665,,
LENKERSDORFER,"TYSONS CORNER CENTER 853 TYSONS CORNER CENTER MCLEAN, Virginia 22102",,703-506-6712,,
LILJENQUIST & BECKSTEAD,"TYSON GALLERIA 21 INTERNATIONAL DRIVE, #1798M MCLEAN, Virginia 22102",,703-448-6731,,
JARED,"TYSON'S CORNER 8113 LEESBURG PIKE VIENNA, Virginia 22182",,703-893-0154,,
LILJENQUIST & BECKSTEAD,"MONTGOMERY MALL 711 DEMOCRACY BLVD. STE #2325 BETHESDA, Maryland 20817",,301-469-7575,,
JARED,"12101 ROCKVILLE PIKE ROCKVILLE, Maryland 20852",,301 - 816-6919,,
JARED,"FAIR LAKES CENTER 12960 FAIR LAKES CENTER FAIRFAX, Virginia 22033",,(703) 818-8218,,
JARED,"7684 ARUNDEL MILLS BLVD. HANOVER, Maryland 21076",,410-579-8595,,
LITTMAN JEWELERS,"THE MALL IN COLUMBIA 13 LITTLE PATUXENT PARKWAY COLUMBIA, Maryland 21044",,410-997-6494,,
SMYTH JEWELERS,"2020 YORK ROAD TIMONIUM, Maryland 21093",,410-252-6666,,
JARED,"DELAWARE 1 AND I-95 NEWARK, Delaware 19702",,(000) 000-0000,,
LITTMAN JEWELERS,"CHRISTIANA MALL 52 CHRISTIANA MALL, #248 NEWARK, Delaware 19702",,302-366-7555,,
A R MORRIS JEWELERS,"802 N. MARKET STREET WILMINGTON, Delaware 19801",,302-658-4013,,
JARED,"5327 CONCORD PIKE WILMINGTON, Delaware 19803",,302-478-4240,,
BERNIE ROBBINS,"507 NEW ROAD SOMERS POINT, New Jersey 08244",,609-927-4848,,
BRAND JEWELERS,"DEPTFORD MALL 175 DEPTFORD CENTER RD DEPTFORD, New Jersey 08096",,856-848-3511,,
JARED,"9333 HONEYGO BLVD BALTIMORE, Maryland 21236",,410-931-5380,,
PARK PLACE ENTERTAINMENT,"HARRAH'S HOTEL AND CASINO 777 HARRAH'S BLVD ATLANTIC CITY, New Jersey 8401",,609-441-5000,,
JAY ROBERTS JEWELERS,"515 ROUTE 73 SOUTH MARLTON, New Jersey 08053",,856-596-8600,,
BERNIE ROBBINS,"THE PROMENADE AT SAGEMORE 5 ROUTE 73 SOUTH MARLTON, New Jersey 08053",,856-985-4500,,
BENARI JEWELERS,"3606 WEST CHESTER PIKE NEWTOWN SQUARE, Pennsylvania 19073",,610-565-5088,,
LITTMAN JEWELERS,"CHERRY HILL MALL 2 ROUTE 38 #1735 CHERRY HILL, New Jersey 8002",,856-488-0063,,
MACY'S,"CHERRY HILL MALL ROUTE 38 AND HADDONFIELD RD CHERRY HILL, New Jersey 8002",,856-661-4211,,
GOVBERG,"65 ST JAMES PLACE ARDMORE, Pennsylvania 19003",,215 - 546-6905,,
RADCLIFFE JEWELERS,"825 DULANEY VALLEY RD., SUITE 208 TOWSON, Maryland 21204",,410-321-6590,,
TOURNEAU,"KING OF PRUSSIA MALL 16 NORTH GULPH ROAD, STORE 178A KING OF PRUSSIA, Pennsylvania 19406",,610-491-8801,,
MACY'S,"KING OF PRUSSIA 68 WEST DEKALB PIKE KING OF PRUSSIA, Pennsylvania 19406",,610-337-9350,,
RADCLIFFE JEWELERS,"1848 REISTERSTOWN ROAD BALTIMORE, Maryland 21208",,410-494-2900,,
J BROWN,"1802 REISTERSTOWN ROAD PIKESVILLE, Maryland 21208",,410-484-3388,,
BENARI JEWELERS,"299 MAIN STREET EXTON, Pennsylvania 19341",,610-363-8450,,
TAG HEUER BOUTIQUE-KING OF PRUSSIA,"KING OF PRUSSIA 16 N. GULPH ROAD STE 2944 KING OF PRUSSIA, Pennsylvania 19406",,888-585-9136,,
Bernie Robbins Jewelers,"East 775 Lancaster Ave Villanova, Pennsylvania 19085",,(610) 971-2446,,
Duty Free Americas,"Dulles International Airport Terminal B 23941 Cargo Dr. Washington, Virginia 20166",,,,
FINK'S JEWELERS,"21100 DULLES TOWN CIRCLE, SUITE 162 Sterling, Virginia 20166",,(571) 434-6540,,
Duty Free Americas,"Washington Dulles International Airport Terminal A/B 1 Saarinen Cir Dulles, VA, Virginia 20166",,703.572.0122,,
JARED,"DULLES TOWN CENTER 21115 DULLES TOWN CIR. DULLES, Virginia 20166",,703-433-2305,,
,"400 WEST MORELAND PARK ROAD WILLOW GROVE PARK MALL WILLOW GROVE, Pennsylvania 19090",,215-706-3300,,
GAUSE & SON JEWELERS,"14 S.E. BROADWAY OCALA, Florida 34471",,352 - 732-8844,,
LITTMAN JEWELERS,"ORANGE PARK MALL 191 WELLS ROAD, SPACE G-11 Orange Park, Florida 32073",,(904) 269-6688,,
JARED,"ST JOHN'S TOWN CENTER 4647 TOWN CENTER PKWY. JACKSONVILLE, Florida 32246",,904-997-8122,,
JARED,"CLEARWATER MALL 275 GULF TO BAY BLVD. CLEARWATER, Florida 33759",,727-797-4803,,
WATCH STUDIO,"3696 ULMERTON ROAD 3696 ULMERTON ROAD, SUITE A4 CLEARWATER, Florida 33762",,727-573-4555,,
JARED,"TYRONE SQUARE MALL 6778 22ND AVE. N. ST. PETERSBURG, Florida 33710",,727-345-6144,,
JARED,"THE PLAZA AT CITRUS PARK 814 CITRUS PARK DR. TAMPA, Florida 33625",,813-926-0966,,
MAYORS,"INTERNATIONAL PLAZA 2223 N. WESTSHORE BLVD SUITE 165 TAMPA, Florida 33607",,(813) 354-8080,,
MACY'S,"298 WESTSHORE BLVD. DEPT 93 TAMPA, Florida 33609",,813-286-5323,,
OLD NORTHEAST JEWELERS,"INTERNATIONAL PLAZA 2223 N. WESTSHORE BLVD TAMPA, Florida 33607",,813-875-3935,,
ACKERMAN JEWELERS,"5335 EHRLICH RD. TAMPA, Florida 33625",,813-961-7321,,
LITTMAN JEWELERS,"BRANDON TOWN CENTER 32 BRANDON TOWN CENTER #652 BRANDON, Florida 33511",,813-661-6737,,
JARED,"REGENCY SQUARE 226 W. BRANDON BLVD. BRANDON, Florida 33511",,813-657-5913,,
MAHARAJA'S,"CORONADO VILLAGE 15 WEST 23RD STREET PANAMA CITY, Florida 32405",,850-763-4224,,
Reeds Jewelers,"Pier Park Towne Center 15601 Starfish St Suite 110 Panama City Bch, Florida 32413",,,,
JARED,"8275 RED BUG LAKE RD. OVIEDO, Florida 32765",,407-366-0086,,
REEDS JEWELERS,"MELBOURNE SQUARE 17 WEST NEW HAVEN AVE, UNIT 39A Melbourne, Florida 32904",,(321) 728-7997,,
TAG HEUER BOUTIQUE- ORLANDO,"THE MALL AT MILLENIA 42 CONROY ROAD ORLANDO, Florida 32839",,407-264-0445,,
THAROO INTERNATIONAL JEWELERS,"9101 INTERNATIONAL DRIVE, ORLANDO, Florida 32819",,407-264-0200,,
JARED,"5285 INTERNATIONAL DR. ORLANDO, Florida 32819",,407-248-9446,,
BLOOMINGDALE'S,"MILLENIA MALL 42 CONROY ROAD ORLANDO, Florida 32893",,407-264-2400,,
MACY'S,"THE MALL AT MILLENIA 4298 MILLENIA BLVD ORLANDO, Florida 32839",,407-264-2300,,
MAYORS,"THE MALL AT MILLENIA SUITE 180 ORLANDO, Florida 32839",,407-363-5740,,
LITTMAN JEWELERS,"THE FLORIDA MALL 81 S. ORANGE BLOSSOM TRAIL ORLANDO, Florida 32809",,407-240-2775,,
MAYORS,"FLORIDA MALL 81S ORANGE BLOSSOM TRAIL TR#484 ORLANDO, Florida 32809",,407-859-3116,,
JARED,"ALTAMONTE TOWNE CENTER 229 E. ALTAMONTE DR. STE. 11 ALTAMONTE SPRINGS, Florida 32701",,407-339-0556,,
JARED,"2411 W. OSCEOLA PKWY KISSIMMEE, Florida 34741",,407-932-0265,,
LUXURY OF TIME BY DIAMONDS INTERNATIONAL,"1530 BUENA VISTA DRIVE #1D LAKE BUENA VISTA, FL, Florida 32830",,(407) 560-0921,,
TAG HEUER OUTLET- ORLANDO,"ORLANDO PREMIUM OUTLETS 82 VINELAND AVENUE - STE 1145 ORLANDO, Florida 32821",,407-477-0003,,
JARED,"2050 NW EXECUTIVE CIRCLE BOCA RATON, Florida 33431",,561-988-1491,,
MORAYS JEWELERS,"116 MIRACLE MILE CORAL GABLES, Florida 33134",,(305) 374-0739,,
MAYORS,"342 SAN LORENZO AVE SUITE 1 CORAL GABLES, Florida 33146",,305-446-1233,,
MAYORS,"MIAMI INTERNATIONAL MALL 1445 NW 17TH AVE MIAMI, Florida 33172",,305-594-7447,,
MACY'S,"DADELAND MALL 733 S.W. 88TH STREET MIAMI, Florida 33156",,305-662-3489,,
JARED,"KENDALL VILLAGE CENTER 12355 SW 88TH ST. MIAMI, Florida 33186",,(305) 630-3997,,
TAG HEUER OUTLET-SAWGRASS,"THE COLONNADE at SAWGRASS MILLS 18 SAWGRASS MILLS CIRCLE STE 285 SUNRISE, Florida 33323",,954-846-2103,,
J.R. DUNN,"4210 N, FEDERAL HWY LIGHTHOUSE PT, Florida 33068",,(866) 362-5787,,
MAYORS,"TOWNE CENTER MALL 6 GLADES RD., SUITE 1119 BOCA RATON, Florida 33431",,561-368-6022,,
BLOOMINGDALE'S,"TOWNE CENTER MALL 584 GLADES ROAD, DEPT. 93 BOCA RATON, Florida 33431",,561-394-2000,,
TAG HEUER BOUTIQUE-MIAMI,"AVENTURA MALL 1951 BISCAYNE BLVLD. SPACE #37 AVENTURA, Florida 33180",,855 - 469-5019,,
TAG BOUTIQUE - MIAMI DESIGN DISTRICT,"140 NE 39TH STREET SUITE 19 MIAMI, Florida 33137",,(305) 576-0884,,
JARED,"11077 PINES BOULEVARD PEMBROOK PINES, Florida 33026",,954-437-0341,,
MACY'S,"11605 PINES BLVD PEMBROKE PINES, Florida 33026",,954-438-2271,,
LITTMAN JEWELERS,"BROWARD MALL 8 W BROWARD BLVD, SUITE 411 Plantation, Florida 33388",,(954) 723-0355,,
JARED,"12260 W.SUNRISE BLVD. PLANTATION, Florida 33323",,954-476-7306,,
BLOOMINGDALE'S,"AVENTURA MALL 195555 BISCAYNE BLVD AVENTURA, Florida 33180",,305-792-1000,,
MAYORS,"GALLERIA AT FT. LAUDERDALE 2472 EAST SUNRISE BLVD, SUITE 216 Ft. Lauderdale, Florida 33304",,(954) 563-4181,,
JARED,"BAL HARBOUR SQUARE 163 N. FEDERAL HIGHWAY FT. LAUDERDALE, Florida 33305",,954-630-0799,,
Duty Free Americas,"Miami International Airport Terminal H 21 NW 42nd Ave Miami, FL, Florida 33126",,305.869.4983,,
Duty Free Americas,"Miami Internatiomnal Airport Terminal D15 21 NW 42nd Ave Miami, FL, Florida 33126",,305.869.4983,,
Duty Free Americas,"Miami International Airport Terminal D30 21 NW 42nd Ave Miami, FL, Florida 33126",,305.546.9169,,
MAYORS,"DADELAND MALL 7457 NORTH KENDALL DRIVE MIAMI, Florida 33156",,305-667-7517,,
KIRK JEWELERS,"142 EAST FLAGLER STREET MIAMI, Florida 33131",,305-371-1321,,
WESTIME BRICKELL CITY CENTER,"701 SOUTH MIAMI AVE #167 Miami, Florida 33139",,(310) 205-5555,,
WESTIME @ BRICKELL CENTER,"701 S. MIAMI AVE. #167 Miami, Florida 33131",,(786) 347-5353,,
MAYORS,"1000 LINCOLN ROAD MIAMI BEACH, Florida 33139",,305-672-1662,,
JARED,"BOYNTON COMMONS 367 N. CONGRESS AVE. BOYNTON BEACH, Florida 33426",,561-742-9082,,
MACY'S,"THE MALL AT WELLINGTON GREEN 1316 FOREST HILL BLVD WELLINGTON, Florida 33414",,(561) 493-2000,,
HANNOUSH,"EDISON MALL 4125 CLEVELAND AVE SUITE# 1845 FT. MYERS, Florida 33901",,239-332-2549,,
JARED,"5050 BELL TOWER SHOPS AVE. FT. MYERS, Florida 33907",,239-432-2663,,
LITTMAN JEWELERS,"EDISON MALL 4125 CLEVELAND AVE.; STE 18 FT. MEYERS, Florida 33901",,239-936-5700,,
JARED,"COCONUT POINTE 2316 VIA VILLAGIO DR. ESTERO, Florida 33928",,239-495-1633,,
TOURNEAU,"WATERSIDE SHOPS AT PELICAN BAY 5415 TAMIAMI TRAIL NORTH SUITE 32, SPACE H 15 NAPLES, Florida 34108",,239-591-1342,,
MAYORS,"UNIVERSITY TOWN CENTER 14 UNIVERSITY TOWN CENTER BLVD, SUITE 24 SARASOTA, Florida 34243",,(941) 893-1124,,
REEDS JEWELERS,"VOLUSIA MALL 17 W INT'L SPEEDWAY, SPACE 26 DAYTONA BEACH, Florida 32114",,386-258-0075,,
JARED,"2646 NW FEDERAL HIGHWAY Stuart, Florida 34994",,(772) 692-9692,,
HAMILTON JEWELERS,"THE GARDEN MALL 311 PGA BLVD. PALM BEACH, Florida 33410",,561-775-3600,,
JARED,"LEGACY PLACE 1136 LEGACY AVE. STE. 1 PALM BEACH GARDENS, Florida 33410",,561-625-1012,,
TOURNEAU,"THE GARDEN MALL 311 PGA BOULEVARD SUITE F 137 PALM BEACH GARDENS, Florida 33410",,561-694-6028,,
MACY'S,"THE GARDEN MALL 317 PGA BLVD. PALM BEACH, Florida 33410",,561-625-2985,,
LITTLE SWITZERLAND,"271 FRONT STREET KEY WEST, Florida 33040",,(305) 293-8600,,
DIAMONDS INTERNATIONAL,"129 DUVAL ST. Key West, Florida 33040",,(305) 293-1111,,
REEDS JEWELERS,"SHOPPES AT RIVER CROSSING 58 RIVERSIDE DRIVE SUITE 112 MACON, Georgia 31210",,478-476-9621,,
DIMO FINE JEWELRY,"1318 BROWNS BRIDGE ROAD GAINESVILLE, Georgia 30501",,770-533-9070,,
TARA FINE JEWELRY,"1829 BUFORD HIGWAY, STE 2 BUFORD, Georgia 30518",,770-932-0119,,
JARED,"MARKET PLACE AT MILL CREEK 35 MALL OF GEORGIA BLVD. BUFORD, Georgia 30519",,678-546-0003,,
JARED,"GWINNETT PLACE MALL 215 PLEASANT HILL RD. NW DULUTH, Georgia 30096",,770-497-9433,,
JARED,"THE MALL AT STONECREST 31 TURNER HILL RD. LITHONIA, Georgia 30038",,678-526-8398,,
MAYORS,"NORTH POINT MALL 1152 NORTH POINT CIRCLE ALPHARETTA, Georgia 30022",,770-667-1887,,
MACY'S,"NORTH POINT MALL 5 NORTHPOINT CIRCLE ALPHARETTA, Georgia 30022",,770-410-2680,,
BROWN & COMPANY,"674 HOLCOMB BRIDGE ROAD ROSWELL, Georgia 30076",,770-993-1080,,
LEVY JEWELERS,"OGEL THORPE MALL 784 ABERCORN BOX 94 SAVANNAH, Georgia 31406",,912-238-2120,,
LEVY JEWELERS,"2 EAST BROUGHTON STREET SAVANNAH, Georgia 31401",,912-233-1163,,
JARED,"3540 WRIGHTBORO RD AUGUSTA, Georgia 30907",,706-736-1018,,
WINDSOR JEWELERS,"2635 WASHINGTON ROAD AUGUSTA, Georgia 30904",,706-738-7778,,
HALE'S JEWELERS,"532 HAYWOOD RD. GREENVILLE, South Carolina 29607",,864-297-5600,,
REEDS JEWELERS,"HAYWOOD MALL 7 HAYWOOD RD., UNIT 2D-11 GREENVILLE, South Carolina 29607",,864-288-9752,,
T GALLERIA GUAM,"1296 Pale San Vitores Road, Tumon, GU 96913, Guam Tumon, United States",,671-646-9640/41,,
Asahi Duty Free,"Tumon Tumon, Tamuning 96911",,671-649-6689,,
Asahi Duty Free,"1155 Pale San, Vitores Road Tumon, Tamuning",,(671) 647 1234,,
Asahi Duty Free,"185 Gun Beach Road Tumon, Tamuning",,(671) 646 6811,,
Caronel Watch Center,"Tumon Sands Plaza, 1F Tumon, Tamuning 96911",,671-649-8854,,
International Gold,"Outrigger Hotel Tumon, Tamuning 96911",,,,
Japan Plaza,"Guam Plaza Hotel, San Vitores Road Tumon, Tamuning 96911",,671-646-7803,,
Okadaya Tumon Sands,"- Tumon, Tamuning 96911",,,,
"T GALLERIA BY DFS, GUAM","1296 Pale San Vitores Road Tumon, Tamuning 96911",,6716469640,,
Caronel Inc,"1807 Route 16 Dededo, Dededo 96929",,(+1671) 646 8850,,
Yokohama Okadaya,"Micronesia Mall, 1F Dededo, Dededo",,671-637-8333,,
Caronel (GPO),"199 Chalan San Antonio Rd Tamuning, Tamuning",,(671) 647 4032,,
DFS Galleria (Duty Free),"A.B. Won Pat International Airport Tamuning, Tamuning 96911",,6716428000,,
"DFS, HAWAII HONOLULU INTERNATIONAL AIRPORT","Honolulu International Airport, 300 Rodgers Boulevard Honolulu, Hawaii 96819 Honolulu, Hawaii 96819",,+1 808 489 4330,,
BEN BRIDGE TIMEWORKS,"ALA MOANA SHOPPING CENTER 145 ALA MOANA BLVD #27 HONOLULU, Hawaii 96814",,808-951-5600,,
MACY'S,"ALA MOANA CENTER 145 ALA MOANA BLVD. HONOLULU, Hawaii 96814",,808-941-2345,,
"T GALLERIA BY DFS, HAWAII","330 Royal Hawaiian Avenue, Honolulu, HI 96815 Honolulu, Hawaii 96815",,+1 808 931 2700,,
TOURNEAU,"ROYAL HAWAII PLAZA 231 KALAKAUA AVE BLDG C, SPACE C11 HONOLULU, Hawaii 96815",,808-922-4111,,
WHALER'S FINE JEWELRY,"2435 KAANAPALI PKWY LAHAINA, Hawaii 96761",,(808) 661-6889,,
JARED,"JORDAN CREEK TOWN CENTER 11 JORDAN CREEK PKY. STE. 1256 WEST DES MOINES, Iowa 50266",,515-222-5351,,
JOSEPHS,"5425 MILLS CIVIC PARKWAY WEST DES MOINES, Iowa 50266",,515-440-2991,,
BORSHEIMS,"120 REGENCY PARKWAY OMAHA, Nebraska 68114",,402-391-0400,,
Jared The Galleria of Jewelry,"159 COLLINS ROAD, NE Cedar Rapids, Iowa 52402",,(319) 000-0000,,
MC GINSBERG,"110 E. WASHINGTON IOWA CITY, Iowa 52240",,319-351-1700,,
BLOOMINGDALE'S,"631 OLD COUNTRY RD. GARDEN CITY, New York 11530",,516-873-2700,,
SIMMONS FINE JEWELRY,"1220 N. OLIVE AVENUE MERIDIAN, Idaho 83642",,208-888-2799,,
BEN BRIDGE JEWELERS,"808 WEST MAIN AVE SUITE 13 Spokane, Washington 99201",,(509) 747-4900,,
THOENIG'S FINE JEWELRY,"125 WEST DELONEY JACKSON, Wyoming 83001",,307-733-4916,,
JARED,"ST. CLAIR SQUARE 653 N. ILLINOIS SUITE #11 FAIRVIEW HEIGHTS, Illinois 62208",,618-628-0657,,
JARED,"THE BOULEVARD 21 THE BOULEVARD SAINT LOUIS RICHMOND HEIGHTS, Missouri 63117",,314-721-5029,,
MACY'S,"1550 ST LOUIS GALLERIA ST LOUIS, Missouri 63117",,(314) 726-1810,,
JARED,"975 Chesterfield Center Drive CHESTERFIELD, Missouri 63017",,636-536-9733,,
CLARKSON JEWELERS,"CLAYTON CENTER 136 CLARKSON CENTER ELLISVILLE, Missouri 63011",,636 - 227-2006,,
JARED,"ALGONQUIN COMMONS 154 RANDALL RD. SPC. 14 ALGONQUIN, Illinois 60102",,847-458-5247,,
THE DIAMOND CENTER,"3515 MILTON AVENUE SUITE 110 Janesville, Wisconsin 53545",,(608) 752-8003,,
JARED,"MERIDIAN SQUARE 116 N. RTE. 59 AURORA, Illinois 60504",,630-236-8550,,
JARED,"CHARLESTOWN MALL 3691 E. MAIN ST. ST. CHARLES, Illinois 60174",,630-584-8382,,
TAG HEUER OUTLET-CHICAGO,"CHICAGO PREMIUM OUTLET MALL 165 PREMIUM OUTLETS BOULEVARD SUITE 1195 AURORA, Illinois 60502",,630-851-0100,,
JARED,"693 E. BOUGHTON RD. BOLINGBROOK, Illinois 60440",,630-783-0214,,
JARED,"1700 E. WOODFIELD RD. SCHAUMBURG, Illinois 60173",,847-995-0212,,
C.D. PEACOCK,"WOODFIELD MALL SCHAUMBURG, Illinois 60173",,847-619-6260,,
MACY'S,"WOODFIELD MALL 1 WOODFIELD MALL DEPT 921 SCHAUMBURG, Illinois 60173",,847-706-6160,,
RAZNY JEWELERS,"1501 W. LAKE STREET ADDISON, Illinois 60101",,630-932-4900,,
JARED,"FOUNTAIN SQUARE 237 FOUNTAIN SQUARE DR. LOMBARD, Illinois 60148",,630-705-1720,,
JARED,"567 E. TOWNLINE RD. VERNON HILLS, Illinois 60061",,847-680-0394,,
C.D. PEACOCK,"172 OAKBROOK CENTER OAKBROOK, Illinois 60523",,630-571-5355,,
MACY'S,"OAKBROOK CENTER MALL 1 OAKBROOK CENTER MALL DEPT. 921 OAK BROOK, Illinois 60521",,630-684-2164,,
NEW YORK JEWELERS,"11 NORTH WABASH CHICAGO, Illinois 60602",,312-855-4999,,
JARED,"15341 LAGRANGE RD. ORLAND PARK, Illinois 60462",,708-364-1680,,
Dufry,"O'Hare International Airport 1 W O'Hare Ave Chicago, IL, Illinois 60666",,773.601.2971,,
RAZNY JEWELERS,"1700 GREEN BAY road HIGHLAND PARK, Illinois 60035",,847-432-5300,,
C.D. PEACOCK,"4999 Old Orchard Center Skokie, Illinois 60077",,(847) 679-1837,,
MACY'S,"OLD ORCHARD MALL 1 OLD ORCHARD DEPT 921 SKOKIE, Illinois 60077",,847-329-2892,,
ROLLAND'S JEWELERS,"500 N. MILWAUKEE AVE Libertyville, Illinois 60048",,(847) 918-7300,,
BELLA COSA,"7163 KINGERLY HWY WILLOWBROOK, Illinois 60527",,630-455-1234,,
MACY'S,"WATER TOWER PLACE 835 N. MICHIGAN AVENUE, DEPT. 921 CHICAGO, Illinois 60611",,312-335-7733,,
BLOOMINGDALE'S,"900 NORTH MICHIGAN AVENUE DEPT. 903 CHICAGO, Illinois 60611",,312-440-4460,,
TOURNEAU,"WATER TOWER PLACE 835 N. MICHIGAN AVENUE CHICAGO, Illinois 60611",,312-266-7600,,
MACY'S,"111 N. STATE STREET DEPT 921 CHICAGO, Illinois 60602",,321 - 781-4266,,
ALBERT'S,"711 MAIN STREET SCHEREVILLE, Indiana 46375",,219-322-2700,,
JARED,"WESTFIELD SOUTHLAKE MALL 2196 SOUTHLAKE MALL MERRILLVILLE, Indiana 46410",,219-769-6238,,
Brinkers Jewelers,"111 S. GREEN RIVER ROAD Evansville, Indiana 47715",,(812) 476-0651,,
JARED,"WEST TOWNE MALL 55 S. GAMMON RD. MADISON, Wisconsin 53719",,608-831-8228,,
JARED,"4335 COLDWATER ROAD FORT WAYNE, Indiana 46805",,(260) 482-3380,,
REIS NICHOLS,"789 US 31 NORTH GREENWOOD, Indiana 46142",,317-883-4467,,
JARED,"729 WEST COUNTY LINE RD GREENWOOD, Indiana 46142",,317-881-0879,,
JARED,"8520 KEYSTONE CROSSING INDIANAPOLIS, Indiana 46240",,317-466-0710,,
REIS NICHOLS,"3535 E 86TH STREET INDIANAPOLIS, Indiana 46240",,317-255-4467,,
MOYER FINE JEWELERS,"14727 THATCHER LANE CARMEL, Indiana 46032",,317-844-9003,,
DAVIS JEWELERS,"9901 FOREST GREEN BLVD LOUISVILLE, Kentucky 40223",,(502) 212-0421,,
GENESIS DIAMONDS,"SHELBIVLLE CENTER 46 SHELBIVILLE RD LOUISVILLE, Kentucky 40207",,502 - 891-0424,,
JARED,"2935 DIXIE HWY. CRESTVIEW HILLS, Kentucky 41017",,859-344-1060,,
HANNOUSH,"KENWOOD TOWNE CENTER 7875 MONTGOMERY ROAD CINCINNATI, Ohio 45236",,513-793-6161,,
JARED,"PRINCETON PLAZA 11681 PRINCETON PIKE SPRINGDALE, Ohio 45246",,513-671-2532,,
STAFFORD JEWELERS,"KENWOOD TOWNE CENTER 7875 MONTGOMERY RD SUITE 56 MONTGOMERY, Ohio 45236",,513-891-5200,,
JAMES FREE JEWELERS,"9555 MAIN STREET CINCINNATI, Ohio 45242",,513-793-0133,,
STAFFORD JEWELERS,"55 5th street Cincinnati, Ohio 45202",,(513) 891-5200,,
JARED,"DAYTON MALL 276 MIAMISBURG CENTERVILLE RD. DAYTON, Ohio 45459",,937-432-9328,,
JAMES FREE JEWELERS,"3100 FAR HILLS AVENUE DAYTON, Ohio 45429",,937-298-0171,,
JARED,"2711 N. FAIRFIELD RD. DAYTON, Ohio 45431",,937-426-7962,,
Jared The Galleria of Jewelry,"6307 S. WESTNEDGE AVE Portage, Michigan 49024",,(269) 321-3016,,
JARED,"111 W. REYNOLDS RD. STE. 150 LEXINGTON, Kentucky 40503",,859-271-0138,,
REEDS JEWELERS,"FAYETTE MALL 3473 NICHOLASVILLE RD, 74 LEXINGTON, Kentucky 40503",,859-271-9352,,
JARED,"6675 W. 135TH STREET OVERLAND PARK, Kansas 66223",,931-851-1500,,
TIVOL,"HAWTHORNE PLAZA 4721 W. 119TH STREET OVERLAND PARK, Kansas 66209",,913-345-0200,,
JARED,"9510 QUIVIRIA RD LENEXA, Kansas 66215",,913-894-5200,,
TIVOL,"220 NICHOLS ROAD KANSAS CITY, Missouri 64112",,816-531-5800,,
JARED,"SOUTHERN TRAILS SHOPPING CENTER 8522 EAST 71ST ST. TULSA, Oklahoma 74133",,918-307-0867,,
MOODY'S,"1812 UTICA SQUARE TULSA, Oklahoma 74114",,918-747-5599,,
WARE JEWELERS,"111 SOUTH COLLEGE STREET AUBURN, Alabama 36830",,334 - 821-7375,,
JARED,"914 RIVERGATE PKWY. GOODLETTSVILLE, Tennessee 37072",,615-855-2200,,
KINGS,"4121 HILLSBORO ROAD NASHVILLE, Tennessee 37215",,615-724-5464,,
JARED,"THE AVENUE 2645 MEDICAL CENTER PARKWAY MURFREESBORO, Tennessee 37129",,615-893-5523,,
MARKMAN'S DIAMONDS,"6932 KINGSTON PIKE KNOXVILLE, Tennessee 37919",,865-584-0247,,
JARED,"CENTER AT DEANE HILL 222 MORRELL RD. KNOXVILLE, Tennessee 37919",,865-691-8018,,
LITTMAN JEWELERS,"HUNTINGTON MALL 44 HUNTINGTON MALL SPACE 64 BARBOURSVILLE, West Virginia 25504",,304-736-3800,,
JARED,"THOROUGHBRED VILLAGE 549 COOL SPRINGS BLVD. FRANKLIN, Tennessee 37067",,615-771-3922,,
REEDS JEWELERS,"3000 CHARLESTON TOWN CENTER #211 CHARLESTON, West Virginia 25389",,304-343-1344,,
PAUL'S JEWELRY,"600 SILVERSTONE ROAD LAFAYETTE, Louisiana 70508",,337 - 981-7600,,
LEE MICHAEL'S JEWELERS,"4235 AMBASSADOR CAFFERY PARKWAY LAFAYETTE, Louisiana 70508",,(337) 981-8071,,
NEDERLAND JEWELERS,"4031 NELSON ROAD LAKE CHARLES, Louisiana 70605",,337-47-0901,,
LEE MICHAELS FINE JEWELERS,"MALL OF LOUISIANA 6401 BLUE BONNET BLVD., STE 1080 BATON ROUGE, Louisiana 70809",,225-766-6000,,
LEE MICHAELS FINE JEWELERS,"7560 CORPOTATE BLVD BATON ROUGE, Louisiana 70809",,225-926-4644,,
FAKIER JEWELERS,"7947 MAIN STREET Houma, Louisiana 70360",,(985) 976-6200,,
CHARLES S. NACOL,"4320 DOWLEN RD BEAUMONT, Texas 77706",,409-866-3847,,
NEDERLAND JEWELERS,"4010 DOWLEN RD BEAUMONT, Texas 77706",,409-721-6651,,
NEDERLAND JEWELERS,"3308 HIGHWAY 365 NEDERLAND, Texas 77627",,409-724-2045,,
ADLER'S,"722 CANAL STREET New Orleans, Louisiana 70130",,(504) 523-5292,,
AUCOIN-HART JEWELERS,"1525 METAIRIE ROAD METAIRIE, Louisiana 70005",,504-834-9999,,
LEE MICHAELS FINE JEWELERS,"LAKESIDE SHOPPING CENTER 331 VETERAN MEMORIAL BLVD., STE 19 METAIRIE, Louisiana 70002",,504-832-0000,,
JARED,"METAIRIE MALL 34 VETERANS MEMORIAL BLVD. METAIRIE, Louisiana 70002",,504-885-2221,,
LEE MICHAELS FINE JEWELERS,"THE RENAISSANCE AT COLONY PARK 94 HIGHLAND COLONY PARKWAY RIDGELAND, Mississippi 39157",,(601) 957-6100,,
PAV & BROOME,"1912 25TH AVENUE GULFPORT, Mississippi 39501",,228-863-3699,,
MGM/MIRAGE,"THE JEWELRY BOX Biloxi, Mississippi 39530",,(228) 386-7772,,
REEDS JEWELERS,"EDGEWATER MALL 26 BEACH BLVD, SUITE 85 BILOXI, Mississippi 39531",,228-385-3351,,
JARED,"COLONY PLACE 26 COLONY PLACE PLYMOUTH, Massachusetts 2360",,508-747-5281,,
HANNOUSH JEWELERS,"CAPE COD MALL 769 IYANNOUGH ROAD BOX 35 HYANNIS, Massachusetts 02601",,508-771-8984,,
FRANK ADAMS JEWELERS,"STUYVESANT PLAZA 1475 WESTERN AVENUE ALBANY, New York 12203",,518-435-0075,,
HANNOUSH,"112 WOLF RD ALBANY, New York 12205",,(518) 472-0368,,
JARED,"FREEHOLD RACEWAY MALL 371 ROUTE 9 SUITE K 2 FREEHOLD, New Jersey 7728",,732 - 625-1022,,
ROYAL JEWELERS,"58 MAIN STREET ANDOVER, Massachusetts 01810",,978-475-3330,,
MACY'S,"ROCKINGHAM MALL 99 ROCKINGHAM PARK BLVD. SALEM, New Hampshire 03079",,603-890-5000,,
LONG'S,"35 CROSS STREET PEABODY, Massachusetts 01960",,978-531-6900,,
JARED,"MALL OF NEW HAMPSHIRE 1571 SOUTH WILLOW ST. MANCHESTER, New Hampshire 3103",,603-623-4089,,
JARED,"CROSSINGS AT FOX RUN 65 GOSLING ROAD NEWINGTON, New Hampshire 3801",,603-431-0297,,
SPRINGER'S JEWELERS,"100 MARKET STREET, STE. 101 PORTSMOUTH, New Hampshire 03801",,603-431-8418,,
Jacqueline's Fine Jewelry,"1070 Suncrest Town Center Dr. Morgantown, West Virginia 26505",,(304) 599-6981,,
JARED THE GALLERIA OF JEWELRY,"1476 HARRISBURG PIKE Lancaster, Pennsylvania 17601",,(717) 207-0139,,
BRENT L. MILLER JEWELERS,"1610 MANHEIM PIKE Lancaster, Pennsylvania 17601",,(717) 569-5450,,
FINK'S JEWELERS,"1 TOWNE CENTRE BLVD, SUITE 5600 FREDERICKSBURG, Virginia 22407",,540 - 736-1290,,
JARED,"3102 PLANK ROAD FREDERICKSBURG, Virginia 22401",,540-548-2081,,
MOUNTZ JEWELERS,"4520 JONESTOWN ROAD HARRISBURG, Pennsylvania 17109",,717-545-7508,,
BOCCARDO JEWELERS,"201 JEFFERSON AVENUE 21 JEFFERSON AVE SCRANTON, Pennsylvania 18503",,570-344-9021,,
JARED,"3767 WILLIAM PENN HWY. MONROEVILLE, Pennsylvania 15146",,412-374-0956,,
SPRINGER'S JEWELERS,"580 CONGRESS STREET PORTLAND, Maine 04101",,207-772-5404,,
JARED,"MAINE MALL 7 PHILBROOK AVE. S. PORTLAND, Maine 4106",,207-773-5080,,
