Beemun's Variety,"35277 Kenai Spur Highway, Alaska, Soldotna, 99669-7623",,907-262-1234,contact@beemuns.com,Mon: 9:00 AM - 6:00 PM;Tue: 9:00 AM - 6:00 PM;Wed: 9:00 AM - 6:00 PM;Thu: 9:00 AM - 6:00 PM;Fri: 9:00 AM - 6:00 PM;Sat: 9:00 AM - 6:00 PM;
Homer Saw and Cycle,"1532 Ocean Drive, Alaska, Homer, 99603-7915",,907-235-8406,homersaw@xyz.net,Mon: 9:00 AM - 5:30 PM;Tue: 9:00 AM - 5:30 PM;Wed: 9:00 AM - 5:30 PM;Thu: 9:00 AM - 5:30 PM;Fri: 9:00 AM - 5:30 PM;Sat: 11:00 AM - 5:00 PM;
Trek Bicycle Store of Anchorage,"530 East Benson Boulevard, Unit 9C, Alaska, Anchorage, 99503-4155",,907 743-6000,bfleming@trekstorealaska.com,Sun: 11:00 AM - 5:00 PM;Mon: 10:00 AM - 7:00 PM;Tue: 10:00 AM - 7:00 PM;Wed: 10:00 AM - 7:00 PM;Thu: 10:00 AM - 7:00 PM;Fri: 10:00 AM - 7:00 PM;Sat: 10:00 AM - 6:00 PM;
Backcountry Bike & Ski,"132 West Arctic Avenue, Alaska, Palmer, 99645",,907-746-5018,backcountrybikeandski@gmail.com,Tue: 10:00 AM - 6:00 PM;Wed: 10:00 AM - 6:00 PM;Thu: 10:00 AM - 6:00 PM;Fri: 10:00 AM - 6:00 PM;Sat: 10:00 AM - 6:00 PM;
Goldstream Sports,"711 Sheep Creek Road, Alaska, Fairbanks, 99709-6129",,907-455-6520,joel@goldstreamsports.com,Mon: 12:00 PM - 7:00 PM;Tue: 12:00 PM - 7:00 PM;Wed: 12:00 PM - 7:00 PM;Thu: 12:00 PM - 7:00 PM;Fri: 12:00 PM - 7:00 PM;Sat: 10:00 AM - 5:00 PM;
Whiskey Ridge Trading,"201 Industry Road, Box 900, Alaska, Cordova, 99574",,424-3354,whiskeyridge@ctcak.net,
Sockeye Cycle-Skagway,"381 5th Ave, Alaska, Skagway, 99840",,766-2896,sockeye@cyclealaska.com,
Sockeye Cycle-Haines,"24 Portage Drive, Alaska, Haines, 99827",,766-2896,sockeye@cyclealaska.com,
The Bike Line,"724 South Rangeline Road, Carmel City Center, Indiana, Carmel, 46032-3558",,317-815-1122,sales@thebikeline.com,Mon: 10:00 AM - 6:00 PM;Tue: 10:00 AM - 6:00 PM;Wed: 10:00 AM - 6:00 PM;Thu: 10:00 AM - 6:00 PM;Fri: 10:00 AM - 6:00 PM;Sat: 9:00 AM - 5:00 PM;
Trek Bicycle Store of Highland Park,"1925 Skokie Valley Road, Illinois, Highland Park, 60035-2361",,847-433-8735,info@trekhp.com,Sun: 10:00 AM - 4:00 PM;Mon: 10:00 AM - 5:00 PM;Tue: 10:00 AM - 7:00 PM;Wed: 10:00 AM - 5:00 PM;Thu: 10:00 AM - 7:00 PM;Fri: 10:00 AM - 5:00 PM;Sat: 10:00 AM - 5:00 PM;
Deerfield Cyclery Inc,"705 Waukegan Road, Illinois, Deerfield, 60015-4326",,847-945-0700,info@deerfieldcyclery.com,
7 Mile Cycles,"was Village CycleSport-EGV, 45 S Arlington Heights Road, Illinois, Elk Grove Village, 60007",,847-439-3340,Vince@7milecycles.com,Sun: 11:00 AM - 4:00 PM;Mon: 11:00 AM - 7:00 PM;Tue: 11:00 AM - 7:00 PM;Wed: 11:00 AM - 7:00 PM;Thu: 11:00 AM - 7:00 PM;Fri: 11:00 AM - 6:00 PM;Sat: 11:00 AM - 4:00 PM;
Village CycleSport - Arlington Heights,"1326 North Rand Road, Illinois, Arlington Heights, 60004-4307",,847-398-1650,arlington@villagecyclesport.com,Sun: 11:00 AM - 4:00 PM;Mon: 10:00 AM - 8:00 PM;Tue: 10:00 AM - 8:00 PM;Wed: 10:00 AM - 8:00 PM;Thu: 10:00 AM - 8:00 PM;Fri: 10:00 AM - 8:00 PM;Sat: 10:00 AM - 5:00 PM;
WEST MICHIGAN BIKE & FITNESS,"215 Central Avenue, Michigan, Holland, 49423",,616-393-0046,evertjr@westmichiganbike.com,Mon: 10:00 AM - 8:00 PM;Tue: 10:00 AM - 6:00 PM;Wed: 10:00 AM - 8:00 PM;Thu: 10:00 AM - 6:00 PM;Fri: 10:00 AM - 8:00 PM;Sat: 9:00 AM - 5:00 PM;
Endure It Sports,"504 West Fifth Avenue, Illinois, Naperville, 60563",,306-3771,endureiterik@gmail.com,
Kiddles Sports,"258 Market Square, Illinois, Lake Forest, 60045-1816",,847-234-0025,sales@kiddlessports.com,Mon: 8:30 AM - 5:30 PM;Tue: 8:30 AM - 5:30 PM;Wed: 8:30 AM - 5:30 PM;Thu: 8:30 AM - 5:30 PM;Fri: 8:30 AM - 5:30 PM;Sat: 8:30 AM - 5:30 PM;
Bicycle Garage Indy - North,"4340 East  82nd Street, Indiana, Indianapolis, 46250",,317-842-4140,tsimeone@bgindy.com,Sun: 12:00 PM - 5:00 PM;Mon: 10:00 AM - 8:00 PM;Tue: 10:00 AM - 8:00 PM;Wed: 10:00 AM - 8:00 PM;Thu: 10:00 AM - 8:00 PM;Fri: 10:00 AM - 8:00 PM;Sat: 10:00 AM - 8:00 PM;
Trek Bicycle Store Naperville,"3416 S Route 59, Illinois, Naperville, 60564",,630-778-8877,naperville@trekchicago.com,Sun: 12:00 PM - 4:00 PM;Mon: 11:00 AM - 7:00 PM;Tue: 11:00 AM - 7:00 PM;Thu: 11:00 AM - 7:00 PM;Fri: 11:00 AM - 7:00 PM;Sat: 10:00 AM - 5:00 PM;
Bicycles Inc - Arlington,"5739 SW Green Oaks Boulevard, Texas, Arlington, 76017-1202",,817-572-2453,scott@bicyclesinc.com,Sun: 1:00 PM - 5:00 PM;Mon: 10:00 AM - 7:00 PM;Tue: 10:00 AM - 7:00 PM;Wed: 10:00 AM - 7:00 PM;Thu: 10:00 AM - 7:00 PM;Fri: 10:00 AM - 7:00 PM;Sat: 10:00 AM - 6:00 PM;
B & B Bicycles,"223 E. F.M. 1382, STE. 127, Texas, Cedar Hill, 75104-0000",,972-293-3100,info@bbbicycles.com,Sun: 1:00 PM - 5:00 PM;Mon: 10:00 AM - 7:00 PM;Tue: 10:00 AM - 7:00 PM;Wed: 10:00 AM - 7:00 PM;Thu: 10:00 AM - 7:00 PM;Fri: 10:00 AM - 7:00 PM;Sat: 10:00 AM - 6:00 PM;
Bicycles Inc.-Hurst,"143 East Harwood Road, Texas, Hurst, 76054-3005",,817-268-6572,scott@bicyclesinc.com,Sun: 1:00 PM - 5:00 PM;Mon: 10:00 AM - 7:00 PM;Tue: 10:00 AM - 7:00 PM;Wed: 10:00 AM - 7:00 PM;Thu: 10:00 AM - 7:00 PM;Fri: 10:00 AM - 7:00 PM;Sat: 10:00 AM - 6:00 PM;
Bicycles Inc - Southlake,"2105 W. Southlake Blvd., Suite 225, Texas, Southlake, 76092",,817-488-2000,scott@bicyclesinc.com,Sun: 1:00 PM - 5:00 PM;Mon: 10:00 AM - 7:00 PM;Tue: 10:00 AM - 7:00 PM;Wed: 10:00 AM - 7:00 PM;Thu: 10:00 AM - 7:00 PM;Fri: 10:00 AM - 7:00 PM;Sat: 10:00 AM - 6:00 PM;
Bicycles Plus-Snider,"7015 Snider Plaza #110, Texas, Dallas, 75205",,214-363-2025,dperry@bicyclesplustx.com,Sun: 12:00 PM - 5:00 PM;Mon: 10:00 AM - 6:00 PM;Tue: 10:00 AM - 6:00 PM;Wed: 10:00 AM - 6:00 PM;Thu: 10:00 AM - 6:00 PM;Fri: 10:00 AM - 6:00 PM;Sat: 10:00 AM - 6:00 PM;
Richardson Bike Mart-Dallas,"9040 Garland Road, Texas, Dallas, 75218-3919",,214-321-0705,mmanson@bikemart.com,Sun: 12:00 PM - 5:00 PM;Mon: 10:00 AM - 8:00 PM;Tue: 10:00 AM - 8:00 PM;Wed: 10:00 AM - 8:00 PM;Thu: 10:00 AM - 8:00 PM;Fri: 10:00 AM - 8:00 PM;Sat: 9:00 AM - 6:00 PM;
Bicycles Plus-Macarthur,"757 South MacArthur Boulevard Suite 108, Texas, Coppell, 75019-4229",,972-745-2815,michael@bicyclesplustx.com,Sun: 12:00 PM - 5:00 PM;Mon: 11:00 AM - 7:00 PM;Tue: 11:00 AM - 7:00 PM;Wed: 11:00 AM - 7:00 PM;Thu: 11:00 AM - 7:00 PM;Fri: 10:00 AM - 6:00 PM;Sat: 10:00 AM - 6:00 PM;
Bicycles Plus  -Long Prairie,"1901 Long Prairie Rd Ste 104, Texas, Flower Mound, 75022-4220",,214-513-2604,frank@bicyclesplustx.com,Sun: 12:00 PM - 5:00 PM;Mon: 10:00 AM - 7:00 PM;Tue: 10:00 AM - 7:00 PM;Wed: 10:00 AM - 7:00 PM;Thu: 10:00 AM - 7:00 PM;Fri: 10:00 AM - 7:00 PM;Sat: 10:00 AM - 6:00 PM;
Richardson Bike Mart-Richardson,"1451 W Campbell Road, Texas, Richardson, 75080-5714",,972-231-3993,sales@bikemart.com,Sun: 12:00 PM - 5:00 PM;Mon: 10:00 AM - 8:00 PM;Tue: 10:00 AM - 8:00 PM;Wed: 10:00 AM - 8:00 PM;Thu: 10:00 AM - 8:00 PM;Fri: 10:00 AM - 8:00 PM;Sat: 9:00 AM - 6:00 PM;
Kickstand Bike Shop,"6366 Phelan Boulevard, Colonnade Shopping Center, Texas, Beaumont, 77706-5606",,409-860-5532,tom@kickstandbikeshop.com,Mon: 11:00 AM - 6:00 PM;Tue: 11:00 AM - 6:00 PM;Wed: 11:00 AM - 6:00 PM;Thu: 11:00 AM - 6:00 PM;Fri: 11:00 AM - 6:00 PM;Sat: 10:00 AM - 3:00 PM;
Tern Of The Wheel Bicycles,"404 West Broadway Street, Illinois, Bradley, 60915-2255",,815-933-9152,info@ternofthewheel.com,Mon: 10:00 AM - 6:00 PM;Tue: 10:00 AM - 6:00 PM;Wed: 10:00 AM - 6:00 PM;Thu: 10:00 AM - 6:00 PM;Fri: 10:00 AM - 7:00 PM;Sat: 9:00 AM - 5:00 PM;
Wheel & Sprocket - Oak Park,"1118 Westgate St., Illinois, Oak Park, 60301",,708-665-1100,oakpark@wheelandsprocket.com,Sun: 12:00 PM - 4:00 PM;Mon: 11:00 AM - 7:00 PM;Tue: 11:00 AM - 7:00 PM;Wed: 11:00 AM - 7:00 PM;Thu: 11:00 AM - 7:00 PM;Fri: 11:00 AM - 7:00 PM;Sat: 10:00 AM - 5:00 PM;
Wheel & Sprocket - Evanston,"1027 Davis Street, Illinois, Evanston, 60201-3609",,(847) 864-7660,evanston@wheelandsprocket.com,Sun: 12:00 AM - 4:00 PM;Mon: 11:00 AM - 7:00 PM;Tue: 11:00 AM - 7:00 PM;Wed: 11:00 AM - 7:00 PM;Thu: 11:00 AM - 7:00 PM;Fri: 11:00 AM - 7:00 PM;Sat: 10:00 AM - 5:00 PM;
Al's Cycle Shop,"8118 Lincoln Avenue, Illinois, Skokie, 60077-2403",,847-673-0135,larry@alscycleshop.com,Sun: 10:30 AM - 2:30 PM;Mon: 10:30 AM - 7:00 PM;Wed: 10:30 AM - 7:00 PM;Thu: 10:30 AM - 6:00 PM;Fri: 10:30 AM - 6:00 PM;Sat: 10:30 AM - 4:00 PM;
Trek Bicycle Store,"22 Michigan Ave W, Michigan, Battle Creek, 49017-3604",,269-962-7688,alan.parr@trekstorebattlecreek.com,Mon: 10:00 AM - 8:00 PM;Tue: 10:00 AM - 6:00 PM;Wed: 10:00 AM - 6:00 PM;Thu: 10:00 AM - 6:00 PM;Fri: 10:00 AM - 8:00 PM;Sat: 10:00 AM - 5:00 PM;
Trek Bicycle Store Downers Grove,"639 Ogden Ave., Illinois, Downers Grove, 60515-2732",,630-971-8877,downersgrove@trekchicago.com,Sun: 12:00 PM - 4:00 PM;Mon: 11:00 AM - 7:00 PM;Tue: 11:00 AM - 7:00 PM;Thu: 11:00 AM - 7:00 PM;Fri: 11:00 AM - 7:00 PM;Sat: 10:00 AM - 5:00 PM;
J & R Cycle & Ski,"240 W. St Charles Rd., Illinois, Villa Park, 60181",,630-620-1606,help@jandrcycleandski.com,Mon: 10:00 AM - 8:00 PM;Tue: 10:00 AM - 6:00 PM;Wed: 10:00 AM - 6:00 PM;Thu: 10:00 AM - 8:00 PM;Fri: 10:00 AM - 6:00 PM;Sat: 10:00 AM - 5:00 PM;
Kirk's Bike Shop,"Downtown Muncie, 124 S. Walnut Street, Indiana, Muncie, 47305-2812",,765-282-6389,jallardt@bkbikes.com,Mon: 10:00 AM - 5:00 PM;Tue: 10:00 AM - 5:00 PM;Wed: 10:00 AM - 5:00 PM;Thu: 10:00 AM - 5:00 PM;Fri: 10:00 AM - 5:00 PM;Sat: 10:00 AM - 4:00 PM;
George Garner Cyclery Northbrook,"1111 Waukegan Road, Illinois, Northbrook, 60062-4662",,847-272-2100,northbrook@georgegarnercyclery.com,Mon: 10:00 AM - 7:00 PM;Tue: 10:00 AM - 7:00 PM;Wed: 10:00 AM - 7:00 PM;Thu: 10:00 AM - 7:00 PM;Fri: 10:00 AM - 7:00 PM;Sat: 9:00 AM - 5:30 PM;
Sumbaum Cycle,"114 N Larkin, Illinois, Joliet, 60435-6603",,815-744-5333,sumbaumcycle@aol.com,Mon: 10:00 AM - 6:00 PM;Tue: 10:00 AM - 6:00 PM;Wed: 12:00 PM - 5:00 PM;Thu: 10:00 AM - 6:00 PM;Fri: 10:00 AM - 6:00 PM;Sat: 10:00 AM - 4:00 PM;
Wandering Wheels,"277 West Thoburn Avenue, P.O. Box 207, Indiana, Upland, 46989-0000",,765-998-7490,wanderingwheelsbike@gmail.com,
Chicagoland Bicycle & Fitness,"10355 South Kedzie Avenue, Illinois, Chicago, 60655-2015",,773-445-0811,chicagolandbicycle@gmail.com,Mon: 10:00 AM - 5:00 PM;Tue: 10:00 AM - 6:00 PM;Wed: 10:00 AM - 5:00 PM;Thu: 10:00 AM - 6:00 PM;Fri: 10:00 AM - 5:00 PM;Sat: 10:00 AM - 4:00 PM;
Chicago Bicycle Company,"728 South  Dearborn Street, Illinois, Chicago, 60605",,312-588-1050,Denis@chicagobicyclecompany.com,Sun: 11:00 AM - 5:00 PM;Mon: 11:00 PM - 7:00 PM;Tue: 11:00 PM - 7:00 PM;Wed: 11:00 PM - 7:00 PM;Thu: 11:00 PM - 7:00 PM;Fri: 11:00 PM - 7:00 PM;Sat: 11:00 PM - 5:00 PM;
Village Cycle Center,"1337 North Wells Street, Illinois, Chicago, 60610-1907",,312-751-2488,kathy@villagecycle.com,Sun: 10:00 AM - 5:00 PM;Mon: 10:00 AM - 8:00 PM;Tue: 10:00 AM - 8:00 PM;Wed: 10:00 AM - 8:00 PM;Thu: 10:00 AM - 8:00 PM;Fri: 10:00 AM - 8:00 PM;Sat: 10:00 AM - 5:00 PM;
Dally Tire Co Inc,"109 West Chicago Street, Michigan, Coldwater, 49036-1805",,517-278-5639,dallysthebikeshop@hotmail.com,Mon: 8:00 AM - 5:00 PM;Tue: 8:00 AM - 5:00 PM;Wed: 8:00 AM - 5:00 PM;Thu: 8:00 AM - 5:00 PM;Fri: 8:00 AM - 5:00 PM;Sat: 8:00 AM - 12:00 AM;
Richards Bicycles,"11933 S Harlem Ave, Illinois, Palos Heights, 60463-1138",,708-448-4601,MTB@RBikes.com,Sun: 12:00 PM - 3:00 PM;Mon: 10:00 AM - 7:00 PM;Tue: 10:00 AM - 7:00 PM;Wed: 10:00 AM - 7:00 PM;Thu: 10:00 AM - 7:00 PM;Fri: 10:00 AM - 5:00 PM;Sat: 10:00 AM - 5:00 PM;
Coming Soon-Trek Bicycle Chicago Wicker Park,"1643 N Milwaukee Avenue, Illinois, Chicago, 60647",,,Asif_Azhar@trekbikes.com,
Element Multisport,"2211 N Elston Ave, Suite 101, Illinois, Chicago, 60614",,773-529-4874,info@elementmultisport.com,Mon: 11:00 AM - 7:00 PM;Tue: 11:00 AM - 7:00 PM;Wed: 11:00 AM - 7:00 PM;Thu: 11:00 AM - 7:00 PM;Fri: 11:00 AM - 7:00 PM;Sat: 10:00 AM - 5:00 PM;
Oscar Wastyn Cycles,"2634 West Fullerton Ave., Illinois, Chicago, 60647-3014",,773-384-8999,WASTYNCYCLES@COMCAST.NET,Sun: 11:30 AM - 3:30 PM;Mon: 10:00 AM - 7:00 PM;Tue: 10:00 AM - 7:00 PM;Thu: 10:00 AM - 7:00 PM;Fri: 10:00 AM - 7:00 PM;Sat: 10:00 AM - 5:00 PM;
Chicago Bicycle Company,"3914 N Lincoln Avenue, Illinois, Chicago, 60613",,773-857-0596,Denis@chicagobicycylecompany.com,Sun: 11:00 AM - 5:00 PM;Mon: 11:00 AM - 7:00 PM;Tue: 11:00 AM - 7:00 PM;Wed: 11:00 AM - 7:00 PM;Thu: 11:00 AM - 7:00 PM;Fri: 11:00 AM - 7:00 PM;Sat: 11:00 AM - 5:00 PM;
The Kickstand Cycling & Fitness,"937 S. Centerville Road, Michigan, Sturgis, 49091-2502",,269-651-5088,carolann@pattengale.org,Mon: 10:00 AM - 6:00 PM;Wed: 10:00 AM - 6:00 PM;Thu: 10:00 AM - 6:00 PM;Fri: 10:00 AM - 6:00 PM;Sat: 9:00 AM - 4:00 PM;
Trek Store of Schererville,"651 East US30, Indiana, Schererville, 46375",,219-322-2453,info@trekbikestore.com,Mon: 11:00 AM - 7:00 PM;Tue: 11:00 AM - 7:00 PM;Wed: 11:00 AM - 7:00 PM;Thu: 11:00 AM - 7:00 PM;Fri: 11:00 AM - 7:00 PM;Sat: 9:00 AM - 5:00 PM;
Summit City Bicycles & Fitness,"3801 Lima Road, Indiana, Fort Wayne, 46805-1045",,260-484-0182,help@summitcitybikes.com,Mon: 10:00 AM - 8:00 PM;Tue: 10:00 AM - 8:00 PM;Wed: 10:00 AM - 8:00 PM;Thu: 10:00 AM - 8:00 PM;Fri: 10:00 AM - 8:00 PM;Sat: 10:00 AM - 6:00 PM;
Curfman's Cyclery,"426 North  Washington Street, Indiana, Marion, 46952-2704",,765-662-6068,rcurfman@sbcglobal.net,Mon: 10:00 AM - 5:30 PM;Tue: 10:00 AM - 5:30 PM;Thu: 10:00 AM - 5:30 PM;Fri: 10:00 AM - 5:30 PM;Sat: 9:00 AM - 1:00 PM;
GoodSpeed Cycles - Calumet City,"754 Burnham Ave, Illinois, Calumet City, 60409-4520",,708-891-2600,goodspeedcycles@gmail.com,Sun: 10:00 AM - 5:00 PM;Mon: 10:00 AM - 6:00 PM;Tue: 10:00 AM - 6:00 PM;Wed: 10:00 AM - 8:00 PM;Thu: 10:00 AM - 6:00 PM;Fri: 10:00 AM - 6:00 PM;Sat: 10:00 AM - 5:00 PM;
Pedal,"185 Romence Road, Michigan, Portage, 49024",,269-324-5555,tim@pedalbicycle.com,Mon: 11:00 AM - 7:00 PM;Tue: 11:00 AM - 7:00 PM;Wed: 11:00 AM - 7:00 PM;Thu: 11:00 AM - 7:00 PM;Fri: 11:00 AM - 7:00 PM;Sat: 10:00 AM - 5:00 PM;
BIKE AND SOUL ANGOLA,"120 North Public Square, Indiana, Angola, 46703",,260-665-8356,libby@bikeandsoulangola.com,Mon: 10:00 AM - 5:00 PM;Tue: 10:00 AM - 5:00 PM;Wed: 10:00 AM - 5:00 PM;Thu: 10:00 AM - 5:00 PM;Fri: 10:00 AM - 5:00 PM;Sat: 10:00 AM - 2:00 PM;
Hodsons Bay Company,"360 Brown Street, Indiana, West Lafayette, 47906-0000",,765-743-3506,dan@hodsonsbay.com,Sun: 12:00 PM - 5:00 PM;Mon: 10:00 AM - 7:00 PM;Tue: 10:00 AM - 7:00 PM;Wed: 10:00 AM - 7:00 PM;Thu: 10:00 AM - 7:00 PM;Fri: 10:00 AM - 7:00 PM;Sat: 10:00 AM - 5:00 PM;
GoodSpeed Cycles - Homewood,"2125 W 183rd St., Illinois, Homewood, 60430-2911",,708-957-9888,goodspeedcycles@gmail.com,Sun: 10:00 AM - 5:00 PM;Mon: 10:00 AM - 6:00 PM;Tue: 10:00 AM - 6:00 PM;Wed: 10:00 AM - 8:00 PM;Thu: 10:00 AM - 6:00 PM;Fri: 10:00 AM - 6:00 PM;Sat: 10:00 AM - 5:00 PM;
PEDAL,"611 West Michigan Avenue, Michigan, Kalamazoo, 49007-3715",,269-567-3325,tim@pedalbicycle.com,Mon: 10:00 AM - 7:00 PM;Tue: 10:00 AM - 6:00 PM;Wed: 10:00 AM - 7:00 PM;Thu: 10:00 AM - 6:00 PM;Fri: 10:00 AM - 6:00 PM;Sat: 10:00 AM - 5:00 PM;
Outpost Sports,"3602 North Grape Road, Indiana, Mishawaka, 46545-2711",,574-259-1000,info@outpostsports.com,Sun: 12:00 AM - 5:00 PM;Mon: 10:00 AM - 8:00 PM;Tue: 10:00 AM - 8:00 PM;Wed: 10:00 AM - 8:00 PM;Thu: 10:00 AM - 8:00 PM;Fri: 10:00 AM - 8:00 PM;Sat: 10:00 AM - 6:00 PM;Sat: 1:00 PM - 1:00 PM;
Trek Bicycle Store Granger,"7225 Heritage Sq. Dr., Suite 260, Indiana, Granger, 46530",,574-703-3610,sales@trekstoregranger.com,Mon: 10:00 AM - 6:00 PM;Tue: 10:00 AM - 6:00 PM;Wed: 10:00 AM - 6:00 PM;Thu: 10:00 AM - 6:00 PM;Fri: 10:00 AM - 6:00 PM;Sat: 10:00 AM - 5:00 PM;
Trailhouse Village Bicycles,"1001 East Canal Street, Indiana, Winona Lake, 45590",,,barry@trailhousevillagebicycles.com,Mon: 10:00 AM - 6:00 PM;Tue: 10:00 AM - 6:00 PM;Wed: 10:00 AM - 6:00 PM;Thu: 10:00 AM - 6:00 PM;Fri: 10:00 AM - 6:00 PM;Sat: 10:00 AM - 6:00 PM;
All About Cycling,"401 East Jackson Blvd., Indiana, Elkhart, 46516",,574-294-7243,steve@allaboutcycling.net,Mon: 10:00 AM - 6:00 PM;Tue: 10:00 AM - 6:00 PM;Wed: 10:00 AM - 6:00 PM;Thu: 10:00 AM - 6:00 PM;Fri: 10:00 AM - 6:00 PM;Sat: 9:00 AM - 3:00 PM;
Lincoln Ave Cycling,"430 West Lincoln, Indiana, Goshen, 46526-2413",,574-533-7425,lincolnavenuecycling@gmail.com,Mon: 10:00 AM - 6:00 PM;Tue: 10:00 AM - 6:00 PM;Wed: 10:00 AM - 6:00 PM;Thu: 10:00 AM - 6:00 PM;Fri: 10:00 AM - 6:00 PM;Sat: 9:00 AM - 4:00 PM;
Pedals And Paddles,"105 East  Esterbrook Drive, Indiana, North Webster, 46555",,574-244-2279,pedalspaddlesllc@gmail.com,Sun: 10:00 AM - 4:00 PM;Mon: 9:00 AM - 5:00 PM;Wed: 9:00 AM - 5:00 PM;Thu: 9:00 AM - 5:00 PM;Fri: 9:00 AM - 5:00 PM;Sat: 9:00 AM - 5:00 PM;
Inertia Cycleworks,"211 E. Main Street, Michigan, Niles, 49120-2303",,269-684-2000,chris@inertiacycleworks.com,Tue: 10:00 AM - 6:00 PM;Wed: 10:00 AM - 6:00 PM;Thu: 10:00 AM - 6:00 PM;Fri: 10:00 AM - 6:00 PM;Sat: 10:00 AM - 4:00 PM;
Bike Stop Cycling,"609 E US Highway 20, Indiana, Michigan City, 46360-7008",,219-872-9228,bikestopcycling@yahoo.com,Mon: 10:00 AM - 5:00 PM;Tue: 10:00 AM - 5:00 PM;Wed: 10:00 AM - 5:00 PM;Thu: 10:00 AM - 5:00 PM;Fri: 10:00 AM - 5:00 PM;Sat: 10:00 AM - 5:00 PM;
Buck's Bicycle Shop,"610 Silhavy Road, Indiana, Valparaiso, 46383-4442",,219-462-3411,bucksbicycleshop@yahoo.com,Mon: 9:00 AM - 5:30 PM;Tue: 9:00 AM - 5:30 PM;Wed: 9:00 AM - 5:30 PM;Thu: 9:00 AM - 5:30 PM;Fri: 9:00 AM - 5:30 PM;Sat: 9:00 AM - 3:00 PM;
Cycle And Fitness,"1507 Niles Avenue, Michigan, St Joseph, 49085-1585",,269-983-2453,mike@cycleandfitness.net,Tue: 10:00 AM - 6:00 PM;Wed: 10:00 AM - 6:00 PM;Thu: 10:00 AM - 6:00 PM;Fri: 10:00 AM - 6:00 PM;Sat: 10:00 AM - 4:00 PM;
Bike Barn - Champions,"6935 Cypresswood Drive, Suite D, Texas, Spring, 77379",,281-320-0399,champions@bikebarn.com,Sun: 12:00 PM - 5:00 PM;Mon: 10:00 AM - 7:00 PM;Tue: 10:00 AM - 7:00 PM;Wed: 10:00 AM - 7:00 PM;Thu: 10:00 AM - 7:00 PM;Fri: 10:00 AM - 7:00 PM;Sat: 10:00 AM - 6:00 PM;
Bike Barn West University,"5339 Weslayan, Texas, Houston, 77005",,713-529-9002,westu@bikebarn.com,Sun: 12:00 PM - 5:00 PM;Mon: 10:00 AM - 7:00 PM;Tue: 10:00 AM - 7:00 PM;Wed: 10:00 AM - 7:00 PM;Thu: 10:00 AM - 7:00 PM;Fri: 10:00 AM - 7:00 PM;Sat: 10:00 AM - 6:00 PM;
Conroe Cyclery,"1108 Q Loop 336 West, Texas, Conroe, 77301-1192",,936-7564005,conroeschwinn@yahoo.com,
Bike Barn - Atascocita,"7506 FM 1960 East, Texas, Humble, 77346-3486",,281-812-8423,atascocita@bikebarn.com,Sun: 12:00 PM - 5:00 PM;Mon: 10:00 AM - 7:00 PM;Tue: 10:00 AM - 7:00 PM;Wed: 10:00 AM - 7:00 PM;Thu: 10:00 AM - 7:00 PM;Fri: 10:00 AM - 7:00 PM;Sat: 10:00 AM - 6:00 PM;
Bike Barn - Clear Lake,"2422B Bay Area Boulevard, Texas, Houston, 77058-1520",,281-480-9100,clearlake@bikebarn.com,Sun: 12:00 PM - 5:00 PM;Mon: 10:00 AM - 7:00 PM;Tue: 10:00 AM - 7:00 PM;Wed: 10:00 AM - 7:00 PM;Thu: 10:00 AM - 7:00 PM;Fri: 10:00 AM - 7:00 PM;Sat: 10:00 AM - 6:00 PM;
Bike Town,"1789 Industrial Blvd, Texas, Abilene, 79602",,325-677-2453,biketownabilene@yahoo.com,Mon: 10:00 AM - 6:00 PM;Tue: 10:00 AM - 6:00 PM;Wed: 10:00 AM - 6:00 PM;Thu: 10:00 AM - 6:00 PM;Fri: 10:00 AM - 6:00 PM;Sat: 9:00 AM - 3:00 PM;
Bike Masters-Mcallen,"6201 N 10th Street, Texas, McAllen, 78504",,(956)627-2200,jesus@thebikemasters.com,Mon: 10:00 AM - 6:30 PM;Tue: 10:00 AM - 6:30 PM;Wed: 10:00 AM - 6:30 PM;Thu: 10:00 AM - 6:30 PM;Fri: 10:00 AM - 6:30 PM;Sat: 10:00 AM - 6:30 PM;
Bike Masters,"2801 E. Griffin Parkway, Texas, Mission, 78572",,(956)682-2453,sales@thebikemasters.com,Sun: 11:00 AM - 4:00 PM;Mon: 10:00 AM - 6:30 PM;Tue: 10:00 AM - 6:30 PM;Wed: 10:00 AM - 6:30 PM;Thu: 10:00 AM - 6:30 PM;Fri: 10:00 AM - 6:30 PM;Sat: 10:00 AM - 6:30 PM;
Bicycles Inc - Fort Worth,"5125 Granbury Road, Texas, Ft  Worth, 76133-0000",,817-292-2911,scott@bicyclesinc.com,Sun: 1:00 PM - 5:00 PM;Mon: 10:00 AM - 7:00 PM;Tue: 10:00 AM - 7:00 PM;Wed: 10:00 AM - 7:00 PM;Thu: 10:00 AM - 7:00 PM;Fri: 10:00 AM - 7:00 PM;Sat: 10:00 AM - 6:00 PM;
Fort Worth Cycling & Fitness,"3315 South Cherry Lane, Texas, Fort Worth, 76116-6404",,817-244-7911,bill@fwcycling.com,Mon: 9:30 AM - 6:00 PM;Tue: 9:30 AM - 6:00 PM;Wed: 9:30 AM - 6:00 PM;Thu: 9:30 AM - 6:00 PM;Fri: 9:30 AM - 6:00 PM;Sat: 9:30 AM - 6:00 PM;
Aggieland Cycling,"1705 Valley View Drive, Texas, College Station, 77840-1728",,(979) 696-9490,aggcycling.custserv@gmail.com,Sun: 12:00 PM - 5:00 PM;Mon: 10:00 AM - 7:00 PM;Tue: 10:00 AM - 7:00 PM;Wed: 10:00 AM - 7:00 PM;Thu: 10:00 AM - 7:00 PM;Fri: 10:00 AM - 7:00 PM;Sat: 10:00 AM - 6:00 PM;
The Bear Mountain,"4425 West Waco Drive, Texas, Waco, 76710-7044",,254-235-0788,matthew@thebearmountain.com,Mon: 10:00 AM - 7:00 PM;Tue: 10:00 AM - 7:00 PM;Wed: 10:00 AM - 7:00 PM;Thu: 10:00 AM - 7:00 PM;Fri: 10:00 AM - 7:00 PM;Sat: 10:00 AM - 5:00 PM;
Bike Barn-Katy,"629 Mason Road, Texas, Katy, 77450-3419",,281-492-7433,katy@bikebarn.com,Sun: 12:00 PM - 5:00 PM;Mon: 10:00 AM - 7:00 PM;Tue: 10:00 AM - 7:00 PM;Wed: 10:00 AM - 7:00 PM;Thu: 10:00 AM - 7:00 PM;Fri: 10:00 AM - 7:00 PM;Sat: 10:00 AM - 6:00 PM;
Bike Barn - Cypress,"25807 Northwest Freeway, Texas, Cypress, 77429",,281-213-3791,cypress@bikebarn.com,Sun: 12:00 PM - 5:00 PM;Mon: 10:00 AM - 7:00 PM;Tue: 10:00 AM - 7:00 PM;Wed: 10:00 AM - 7:00 PM;Thu: 10:00 AM - 7:00 PM;Fri: 10:00 AM - 7:00 PM;Sat: 10:00 AM - 6:00 PM;
Society Cycle Works,"13425 Universtiy Boulevard, Suite 100, Texas, Sugar Land, 77479",,281-201-2091,info@societycycleworks.com,Sun: 12:00 PM - 5:00 PM;Mon: 10:00 AM - 7:00 PM;Tue: 10:00 AM - 7:00 PM;Wed: 10:00 AM - 7:00 PM;Thu: 10:00 AM - 7:00 PM;Fri: 10:00 AM - 7:00 PM;Sat: 10:00 AM - 5:00 PM;
Bike Barn Westchase,"11105 Westheimer, Suite A, Texas, Houston, 77042",,281-558-2234,westchase@bikebarn.com,Sun: 12:00 PM - 5:00 PM;Mon: 10:00 AM - 7:00 PM;Tue: 10:00 AM - 7:00 PM;Wed: 10:00 AM - 7:00 PM;Thu: 10:00 AM - 7:00 PM;Fri: 10:00 AM - 7:00 PM;Sat: 10:00 AM - 6:00 PM;
Northwest Cyclery,"17458 Northwest Freeway, Texas, Houston, 77040-1002",,713-466-1240,james@svbikes.com,Sun: 12:00 PM - 4:00 PM;Mon: 10:00 AM - 7:00 PM;Tue: 10:00 AM - 7:00 PM;Wed: 10:00 AM - 7:00 PM;Thu: 10:00 AM - 7:00 PM;Fri: 10:00 AM - 7:00 PM;Sat: 10:00 AM - 5:00 PM;
Randy's Bike & Run Shop,"1717 South Oakes Street, Texas, San Angelo, 76903-8510",,325-655-1605,randysbike@gmail.com,Mon: 9:00 AM - 6:00 PM;Tue: 9:00 AM - 6:00 PM;Wed: 9:00 AM - 6:00 PM;Thu: 9:00 AM - 6:00 PM;Fri: 9:00 AM - 6:00 PM;Sat: 9:00 AM - 3:00 PM;
Spring Valley Cycles,"9414 Gaylord, Texas, Houston, 77024-3034",,713-464-8277,jim@svbikes.com,Mon: 10:00 AM - 7:00 PM;Tue: 10:00 AM - 7:00 PM;Wed: 10:00 AM - 7:00 PM;Thu: 10:00 AM - 7:00 PM;Fri: 10:00 AM - 7:00 PM;Sat: 10:00 AM - 5:00 PM;
Southwest Cycleries,"6607 South Braeswood, Texas, Houston, 77096-3611",,713-777-5333,james@svbikes.com,Sun: 12:00 PM - 4:00 PM;Mon: 9:30 AM - 7:00 PM;Tue: 9:30 AM - 7:00 PM;Wed: 9:30 AM - 7:00 PM;Thu: 9:30 AM - 7:00 PM;Fri: 9:30 AM - 7:00 PM;Sat: 9:30 AM - 5:00 PM;
Bicycle Sport Shop,"3200 Guadalupe Suite C, Texas, Austin, 78705",,,marty_m@bicyclesportshop.com,Sun: 11:00 AM - 5:00 PM;Mon: 10:00 AM - 7:00 PM;Tue: 10:00 AM - 7:00 PM;Wed: 10:00 AM - 7:00 PM;Thu: 10:00 AM - 7:00 PM;Fri: 10:00 AM - 7:00 PM;Sat: 9:00 AM - 6:00 PM;
Bicycle Sport Shop,"10947 Research, Texas, Austin, 78759-3234",,512-345-7460,info@bicyclesportshop.com,Sun: 11:00 AM - 5:00 PM;Mon: 10:00 AM - 7:00 PM;Tue: 10:00 AM - 7:00 PM;Wed: 10:00 AM - 7:00 PM;Thu: 10:00 AM - 7:00 PM;Fri: 10:00 AM - 7:00 PM;Sat: 9:00 AM - 6:00 PM;
Bicycle Sport Shop,"9900 Parmer Lane, Texas, Austin, 78717",,512-637-6890,info@bicyclesportshop.com,Sun: 11:00 AM - 5:00 PM;Mon: 10:00 AM - 7:00 PM;Tue: 10:00 AM - 7:00 PM;Wed: 10:00 AM - 7:00 PM;Thu: 10:00 AM - 7:00 PM;Fri: 10:00 AM - 7:00 PM;Sat: 9:00 AM - 6:00 PM;
Bill's Bikes,"505 East North Street, Texas, Victoria, 77901-6643",,361-575-6036,billsbikes@att.net,
Tri-City Bicycles,"1010 Arbor Park Dr Suite C, Texas, Belton, 76513",,254-933-7151,welchc01@live.com,Tue: 10:00 AM - 6:00 PM;Wed: 10:00 AM - 6:00 PM;Thu: 10:00 AM - 6:00 PM;Fri: 10:00 AM - 6:00 PM;Sat: 10:00 AM - 5:00 PM;
Bay Area Bicycles,"6020 South Padre Island Drive, Texas, Corpus Christi, 78412-3914",,361-993-7000,tom@bayareabicyclescctx.com,Mon: 10:00 AM - 7:00 PM;Tue: 10:00 AM - 7:00 PM;Wed: 10:00 AM - 7:00 PM;Thu: 10:00 AM - 7:00 PM;Fri: 10:00 AM - 7:00 PM;Sat: 9:00 AM - 5:00 PM;
Pro Bike,"5603 San Dario Suite 2, Texas, Laredo, 78041-3031",,956-726-3469,trek@probikelaredo.com,Mon: 10:00 AM - 6:30 PM;Tue: 10:00 AM - 6:30 PM;Wed: 10:00 AM - 6:30 PM;Thu: 10:00 AM - 6:30 PM;Fri: 10:00 AM - 6:30 PM;Sat: 10:00 AM - 6:30 PM;
Aggieland Cycling,"817 Texas Avenue, Texas, College Station, 77840-1728",,979-696-9490,aggcycling.custserv@gmail.com,Mon: 10:00 AM - 6:00 PM;Tue: 10:00 AM - 6:00 PM;Wed: 10:00 AM - 6:00 PM;Thu: 10:00 AM - 6:00 PM;Fri: 10:00 AM - 6:00 PM;Sat: 10:00 AM - 5:00 PM;
Cycles Etc,"2151 Harvey Mitchell Pkwy, Suite 109, Texas, College Station, 77840-1353",,979-764-5974,bicyclethings@yahoo.com,
Bike Barn-College Station,"2307 Texas Ave, Texas, College Station, 77840",,979-383-2308,collegestation@bikebarn.com,Sun: 12:00 PM - 5:00 PM;Mon: 10:00 AM - 7:00 PM;Tue: 10:00 AM - 7:00 PM;Wed: 10:00 AM - 7:00 PM;Thu: 10:00 AM - 7:00 PM;Fri: 10:00 AM - 7:00 PM;Sat: 10:00 AM - 6:00 PM;
Bike World,"5911 Broadway Street, Texas, San Antonio, 78209-5235",,210-828-5558,info@bikeworld.com,Sun: 12:00 PM - 5:00 PM;Mon: 10:00 AM - 7:00 PM;Tue: 10:00 AM - 7:00 PM;Wed: 10:00 AM - 7:00 PM;Thu: 10:00 AM - 7:00 PM;Fri: 10:00 AM - 7:00 PM;Sat: 10:00 AM - 6:00 PM;
Bike World,"300 East Grayson, Texas, San Antonio, 78215-1219",,210-222-1969,christopher.gracia@bikeworld.com,Sun: 12:00 PM - 5:00 PM;Mon: 10:00 AM - 7:00 PM;Tue: 10:00 AM - 7:00 PM;Wed: 10:00 AM - 7:00 PM;Thu: 10:00 AM - 7:00 PM;Fri: 10:00 AM - 7:00 PM;Sat: 10:00 AM - 6:00 PM;
Bike World,"15675 San Pedro Ave, Texas, San Antonio, 78232",,210-892-0123,info@bikeworld.com,Sun: 12:00 AM - 5:00 PM;Mon: 10:00 AM - 7:00 PM;Tue: 10:00 AM - 7:00 PM;Wed: 10:00 AM - 7:00 PM;Thu: 10:00 AM - 7:00 PM;Fri: 10:00 AM - 7:00 PM;Sat: 10:00 AM - 6:00 PM;
Bike World,"835 SE military Drive, Texas, San Antonio, 78214",,210-451-8525,info@bikeworld.com,Sun: 12:00 PM - 5:00 PM;Mon: 10:00 AM - 7:00 PM;Tue: 10:00 AM - 7:00 PM;Wed: 10:00 AM - 7:00 PM;Thu: 10:00 AM - 7:00 PM;Fri: 10:00 AM - 7:00 PM;Sat: 10:00 AM - 6:00 PM;
Pedal Power Bicycles,"2617 South IH 35, Texas, San Marcos, 78666-5714",,512-396-7433,pedalpowercustomercare@gmail.com,Sun: 12:00 PM - 5:00 PM;Mon: 10:00 AM - 6:00 PM;Tue: 10:00 AM - 6:00 PM;Wed: 10:00 AM - 6:00 PM;Thu: 10:00 AM - 6:00 PM;Fri: 10:00 AM - 6:00 PM;Sat: 10:00 AM - 6:00 PM;
Hill Country Bicycle Works Inc,"141 West Water Street, Suite A200, Texas, Kerrville, 78028-5271",,830-896-6864,hillbike@ktc.com,Mon: 10:00 AM - 6:00 PM;Tue: 10:00 AM - 6:00 PM;Wed: 10:00 AM - 6:00 PM;Thu: 10:00 AM - 6:00 PM;Fri: 10:00 AM - 6:00 PM;Sat: 10:00 AM - 4:00 PM;
"Hill Country Bicycle Works, Inc.","702 East Main, Texas, Fredericksburg, 78624-4815",,830-990-2609,hillbike@ktc.com,Mon: 10:00 AM - 6:00 PM;Tue: 10:00 AM - 6:00 PM;Thu: 10:00 AM - 6:00 PM;Fri: 10:00 AM - 6:00 PM;Sat: 10:00 AM - 4:00 PM;
Bicycle Sport Shop,"12005 Bee Cave Road, Texas, Austin, 78738",,512-634-8844,info@bicyclesportshop.com,Sun: 11:00 AM - 5:00 PM;Mon: 10:00 AM - 7:00 PM;Tue: 10:00 AM - 7:00 PM;Wed: 10:00 AM - 7:00 PM;Thu: 10:00 AM - 7:00 PM;Fri: 10:00 AM - 7:00 PM;Sat: 9:00 AM - 6:00 PM;
Bicycle Sport Shop,"517 S Lamar Blvd, Texas, Austin, 78704",,512-477-3472,info@bicyclesportshop.com,Sun: 11:00 AM - 5:00 PM;Mon: 10:00 AM - 7:00 PM;Tue: 10:00 AM - 7:00 PM;Wed: 10:00 AM - 7:00 PM;Thu: 10:00 AM - 7:00 PM;Fri: 10:00 AM - 7:00 PM;Sat: 9:00 AM - 6:00 PM;
Mellow Johnny's Bike Shop,"400 Nueces Street, Texas, Austin, 78701-4283",,512-473-0222,sales@mellowjohnnys.com,Sun: 8:00 AM - 5:00 PM;Mon: 7:00 AM - 7:00 PM;Tue: 7:00 AM - 7:00 PM;Wed: 7:00 AM - 7:00 PM;Thu: 7:00 AM - 7:00 PM;Fri: 7:00 AM - 7:00 PM;Sat: 7:00 AM - 6:00 PM;
Cycle Alaska,"1107 West 8th, Alaska, Juneau, 99801",,907-780-2253,briswan20@yahoo.com,Tue: 10:00 AM - 6:00 PM;Wed: 10:00 AM - 6:00 PM;Thu: 10:00 AM - 6:00 PM;Fri: 10:00 AM - 6:00 PM;Sat: 9:00 AM - 5:00 PM;
Life Cyclery,"402 N. 2nd Street, Alaska, Petersburg, 99833",,907-650-7387,seawind@gci.net,Tue: 12:00 PM - 5:00 PM;Wed: 12:00 PM - 5:00 PM;Thu: 12:00 PM - 5:00 PM;Fri: 12:00 PM - 5:00 PM;Sat: 12:00 PM - 4:00 PM;
Ruckus Skis Boards and Bikes,"3110 15th Avenue, Prince George, V2M 3A5",,,ruckus@live.ca,Sun: 11:00 AM - 4:00 PM;Mon: 10:00 AM - 6:00 PM;Tue: 10:00 AM - 6:00 PM;Wed: 10:00 AM - 6:00 PM;Thu: 10:00 AM - 6:00 PM;Fri: 10:00 AM - 6:00 PM;Sat: 9:00 AM - 6:00 PM;
Ernie'S Sports Experts,"9600-93RD Avenue, Fort St. John, V1J 5Z2",,250-785-7771,info@ernies.com,
Trail Bicycles,"1999 Lake Trail Road, Courtenay, V9N 9C3",,250-334-2456,shop@trailbicycles.ca,Tue: 10:00 AM - 5:30 PM;Wed: 10:00 AM - 5:30 PM;Thu: 10:00 AM - 5:30 PM;Fri: 10:00 AM - 5:30 PM;Sat: 10:00 AM - 5:30 PM;
Suncoast Cycles,"9410 Highway 101, Powell River, V8A 0J3",,487-1111,mail@suncoastcycles.com,Mon: 11:00 AM - 6:00 PM;Tue: 11:00 AM - 6:00 PM;Wed: 11:00 AM - 6:00 PM;Thu: 11:00 AM - 6:00 PM;Fri: 11:00 AM - 6:00 PM;Sat: 9:00 AM - 6:00 PM;
Fineline Ride Shop,"#3-1040 Millar Creek Road, Whistler, V0N 1B1",,604-935-3463,finelinewhistler@yahoo.ca,Mon: 10:00 AM - 5:30 PM;Tue: 10:00 AM - 5:30 PM;Wed: 10:00 AM - 5:30 PM;Thu: 10:00 AM - 5:30 PM;Fri: 10:00 AM - 5:30 PM;Sat: 10:00 AM - 5:30 PM;
Summit Sport,"118-4293 Mountain Square, Whistler, V0N 1B4",,932-6225,ian@summitsport.com,
Ernie'S Sports Experts,"11500 100Th Street, Grande Prairie, T8V 4C2",,250-785-7771,info@ernies.com,Sun: 12:00 PM - 5:00 PM;Mon: 9:00 AM - 6:00 PM;Tue: 9:00 AM - 6:00 PM;Wed: 9:00 AM - 6:00 PM;Thu: 9:00 AM - 9:00 PM;Fri: 9:00 AM - 9:00 PM;Sat: 9:00 AM - 6:00 PM;
Trek Bicycle Store of Anchorage,"530 East Benson Boulevard, Unit 9C, Alaska, Anchorage, 99503-4155",,907 743-6000,,Sun: 11:00 AM - 5:00 PM;Mon: 10:00 AM -
